i,c_i,se
0.000000000000000000e+00,1.000019365014380490e+00,1.581380833523752367e-04
1.000000000000000000e+00,9.998093219766432949e-01,1.581129770991475164e-04
2.000000000000000000e+00,7.777608924067599405e-01,1.349717953456121028e-04
3.000000000000000000e+00,7.881302376282158795e-01,1.415309075327518648e-04
4.000000000000000000e+00,5.381099968223497232e-01,1.051000959607942086e-04
5.000000000000000000e+00,5.532553317058239717e-01,1.140545613526614736e-04
6.000000000000000000e+00,4.484739742229497117e-01,1.005879445668745231e-04
7.000000000000000000e+00,4.913030113707855251e-01,1.138522452122985528e-04
8.000000000000000000e+00,3.168488783254154728e-01,7.622970747138143688e-05
9.000000000000000000e+00,3.429996375681857446e-01,8.658482684596156842e-05
1.000000000000000000e+01,2.804657901452475288e-01,7.727046683535087745e-05
1.100000000000000000e+01,3.261263057494412365e-01,9.121169034376997386e-05
1.200000000000000000e+01,2.217200096383239727e-01,6.665907924771967386e-05
1.300000000000000000e+01,2.613923682660988512e-01,7.983598900612349516e-05
1.400000000000000000e+01,2.184945501358371289e-01,7.277287840696690228e-05
1.500000000000000000e+01,2.781579158422847198e-01,8.943374578971144981e-05
1.600000000000000000e+01,1.626875097798026193e-01,5.438751724766376062e-05
1.700000000000000000e+01,1.978732650955537242e-01,6.545271836153561721e-05
1.800000000000000000e+01,1.631797154348118284e-01,5.927578972663967785e-05
1.900000000000000000e+01,2.118471388685408963e-01,7.308289016827309388e-05
2.000000000000000000e+01,1.356745329478446505e-01,5.220940940184495935e-05
2.100000000000000000e+01,1.753663077921554514e-01,6.478178138258952048e-05
2.200000000000000000e+01,1.467326485601186670e-01,5.964199082233250616e-05
2.300000000000000000e+01,2.026412902080997891e-01,7.535200515195443092e-05
2.400000000000000000e+01,1.132475173218163711e-01,4.650796563892723188e-05
2.500000000000000000e+01,1.493875886797348118e-01,5.795582508362398505e-05
2.600000000000000000e+01,1.234761896113558688e-01,5.313041647429842223e-05
2.700000000000000000e+01,1.730704266059220897e-01,6.748273908350941556e-05
2.800000000000000000e+01,1.049975298533542128e-01,4.759001133191124289e-05
2.900000000000000000e+01,1.456565773276546905e-01,6.069294190838365381e-05
3.000000000000000000e+01,1.224581414051120198e-01,5.650726516615946270e-05
3.100000000000000000e+01,1.807593385614341963e-01,7.303695228527962689e-05
3.200000000000000000e+01,8.871310697374940046e-02,3.997081372811250551e-05
3.300000000000000000e+01,1.217629542477556559e-01,5.013187266247244741e-05
3.400000000000000000e+01,9.991023737604078081e-02,4.593027933719274954e-05
3.500000000000000000e+01,1.446986752332034554e-01,5.852609909531277459e-05
3.600000000000000000e+01,8.390930138387717174e-02,4.074302968277290158e-05
3.700000000000000000e+01,1.192323448577852912e-01,5.204441982252955593e-05
3.800000000000000000e+01,9.948630328256273525e-02,4.838147547672872574e-05
3.900000000000000000e+01,1.494160074144203210e-01,6.260780046149273554e-05
4.000000000000000000e+01,7.399264363383073473e-02,3.680669318304613942e-05
4.100000000000000000e+01,1.049505730682755850e-01,4.692319289425001596e-05
4.200000000000000000e+01,8.628949152132021905e-02,4.339266742427384154e-05
4.300000000000000000e+01,1.290291239747482221e-01,5.610153240889571494e-05
4.400000000000000000e+01,7.282763984581837324e-02,3.893872250897553917e-05
4.500000000000000000e+01,1.071781381059931648e-01,5.056633527195230769e-05
4.600000000000000000e+01,9.004208965806206888e-02,4.745606126155320435e-05
4.700000000000000000e+01,1.399447116937877489e-01,6.223944525878025668e-05
4.800000000000000000e+01,6.319156771555868579e-02,3.342813125477688278e-05
4.900000000000000000e+01,9.142935288236168911e-02,4.279297679112391696e-05
5.000000000000000000e+01,7.504883690558961096e-02,3.962506618248061902e-05
5.100000000000000000e+01,1.142614572710017734e-01,5.140181908350558847e-05
5.200000000000000000e+01,6.258311596259008569e-02,3.535437787036644025e-05
5.300000000000000000e+01,9.347887955869231547e-02,4.599780089926232214e-05
5.400000000000000000e+01,7.849100713583677391e-02,4.326189254473545160e-05
5.500000000000000000e+01,1.235014659576726126e-01,5.682632715971246904e-05
5.600000000000000000e+01,5.620246166069628457e-02,3.232558765430186098e-05
5.700000000000000000e+01,8.336760312905627801e-02,4.193823607320344303e-05
5.800000000000000000e+01,6.893508151218220859e-02,3.917582166636732075e-05
5.900000000000000000e+01,1.077008416689496512e-01,5.144289783647702633e-05
6.000000000000000000e+01,5.796168848407445146e-02,3.547015631902992241e-05
6.100000000000000000e+01,8.925585898382701333e-02,4.679274898728174350e-05
6.200000000000000000e+01,7.578334220601050386e-02,4.436137733676311751e-05
6.300000000000000000e+01,1.228279444520573999e-01,5.892353695884662009e-05
6.400000000000000000e+01,4.925369331628456915e-02,7.430995747883263863e-05
6.500000000000000000e+01,7.362104403786981499e-02,9.625461008987827875e-05
6.600000000000000000e+01,6.048152548466995126e-02,8.912546571475149677e-05
6.700000000000000000e+01,9.485191321727633185e-02,1.165749736749104455e-04
6.800000000000000000e+01,4.978161269277085743e-02,7.899715184580736083e-05
6.900000000000000000e+01,7.663089473775401561e-02,1.037063586173567843e-04
7.000000000000000000e+01,6.445898981253678217e-02,9.758250784298027616e-05
7.100000000000000000e+01,1.042300097449546104e-01,1.292317579262369591e-04
7.200000000000000000e+01,4.444726482563341602e-02,7.168322645864363756e-05
7.300000000000000000e+01,6.753560940096713094e-02,9.372132630832464585e-05
7.400000000000000000e+01,5.574293342499000298e-02,8.725426785740562343e-05
7.500000000000000000e+01,8.890958050179605110e-02,1.153229894050834207e-04
7.600000000000000000e+01,4.640270768582945016e-02,7.873656024702929679e-05
7.700000000000000000e+01,7.285071045535057577e-02,1.044576411299633344e-04
7.800000000000000000e+01,6.187489338041904374e-02,9.886212917619556799e-05
7.900000000000000000e+01,1.018996820673874204e-01,1.318858148862135627e-04
8.000000000000000000e+01,3.993202170891439057e-02,6.644442725538061403e-05
8.100000000000000000e+01,6.104579074822614332e-02,8.673114803258729385e-05
8.200000000000000000e+01,5.030797639706482277e-02,8.103693164146076968e-05
8.300000000000000000e+01,8.062327048271769603e-02,1.068165467893891589e-04
8.400000000000000000e+01,4.133232850625055688e-02,7.218711443513144718e-05
8.500000000000000000e+01,6.514966133234277590e-02,9.566775091862582772e-05
8.600000000000000000e+01,5.513374889936981105e-02,9.063913364398391121e-05
8.700000000000000000e+01,9.098101584042049550e-02,1.208345495879766386e-04
8.800000000000000000e+01,3.725408036390071009e-02,6.618126904567858064e-05
8.900000000000000000e+01,5.785333763774173910e-02,8.726052498211191524e-05
9.000000000000000000e+01,4.809409547751582886e-02,8.195515854044913083e-05
9.100000000000000000e+01,7.843988557159776998e-02,1.092572618252942481e-04
9.200000000000000000e+01,4.008780395712516903e-02,7.459220624656003919e-05
9.300000000000000000e+01,6.450167119394802084e-02,9.985768757150618959e-05
9.400000000000000000e+01,5.537381926816081074e-02,9.546736266698516030e-05
9.500000000000000000e+01,9.325207408747387960e-02,1.284190120852832457e-04
9.600000000000000000e+01,3.370159635478754689e-02,6.064989495122834754e-05
9.700000000000000000e+01,5.254124630756179526e-02,7.958043761514123446e-05
9.800000000000000000e+01,4.339333581630885894e-02,7.406303361203527306e-05
9.900000000000000000e+01,7.079092369963725651e-02,9.815193753081296864e-05
1.000000000000000000e+02,3.543564624774642180e-02,6.636455143485830998e-05
1.010000000000000000e+02,5.692794941904209816e-02,8.839555686190960794e-05
1.020000000000000000e+02,4.842014344592267955e-02,8.368636560745748760e-05
1.030000000000000000e+02,8.118988615722644298e-02,1.121320563607670765e-04
1.040000000000000000e+02,3.168988933253536616e-02,6.040202601622451613e-05
1.050000000000000000e+02,5.006056939150455021e-02,7.999583891243868471e-05
1.060000000000000000e+02,4.175054008142525808e-02,7.524268772219013153e-05
1.070000000000000000e+02,6.898754372769469456e-02,1.004677758236753349e-04
1.080000000000000000e+02,3.457222987267313113e-02,6.838174609120644309e-05
1.090000000000000000e+02,5.639493197498905014e-02,9.185553212857084228e-05
1.100000000000000000e+02,4.861261757926084448e-02,8.769252266690400616e-05
1.110000000000000000e+02,8.269184527040583654e-02,1.181303684322377711e-04
1.120000000000000000e+02,2.930507336210210964e-02,5.701459497735128859e-05
1.130000000000000000e+02,4.640496260917310878e-02,7.526665436626285674e-05
1.140000000000000000e+02,3.864387589188292282e-02,7.089906278960351332e-05
1.150000000000000000e+02,6.388469920367748078e-02,9.433591410921049643e-05
1.160000000000000000e+02,3.150311425070402571e-02,6.359664663002607358e-05
1.170000000000000000e+02,5.149088427241146904e-02,8.523365484695881933e-05
1.180000000000000000e+02,4.415487940025267233e-02,8.135380350703735961e-05
1.190000000000000000e+02,7.513967501422204320e-02,1.094770557255962386e-04
1.200000000000000000e+02,2.833642297942315369e-02,5.838005127381118572e-05
1.210000000000000000e+02,4.559188085533306262e-02,7.790128836705115625e-05
1.220000000000000000e+02,3.835460594481291535e-02,7.376285259407245308e-05
1.230000000000000000e+02,6.440139112764038665e-02,9.925734227525145122e-05
1.240000000000000000e+02,3.188223987380291169e-02,6.775092361440301057e-05
1.250000000000000000e+02,5.313361578597625146e-02,9.165411846841933319e-05
1.260000000000000000e+02,4.629104857600604278e-02,8.829165507818163968e-05
1.270000000000000000e+02,8.021801403574273237e-02,1.197348845903802370e-04
1.280000000000000000e+02,2.582709505824248158e-02,5.231135543462659706e-05
1.290000000000000000e+02,4.139991658640156114e-02,6.919195071472639493e-05
1.300000000000000000e+02,3.442935277887433643e-02,6.479233298563750261e-05
1.310000000000000000e+02,5.762047511831733249e-02,8.657000088256628387e-05
1.320000000000000000e+02,2.791302550270470528e-02,5.791842956256267511e-05
1.330000000000000000e+02,4.609813015841506684e-02,7.781743282465399686e-05
1.340000000000000000e+02,3.953233382412418839e-02,7.388964930940664002e-05
1.350000000000000000e+02,6.793072652911456843e-02,9.972801193161221064e-05
1.360000000000000000e+02,2.473286891144513971e-02,5.247426917316245744e-05
1.370000000000000000e+02,4.004564783584015769e-02,6.992368581510831783e-05
1.380000000000000000e+02,3.363732858085632244e-02,6.610057458955922169e-05
1.390000000000000000e+02,5.677753826768323908e-02,8.866002582266179334e-05
1.400000000000000000e+02,2.774260841291335822e-02,6.022092971738879895e-05
1.410000000000000000e+02,4.631249503323435490e-02,8.097697222479956008e-05
1.420000000000000000e+02,4.028189659480253815e-02,7.780212069503100757e-05
1.430000000000000000e+02,7.001704281209657210e-02,1.052562320499294526e-04
1.440000000000000000e+02,2.297580435827995329e-02,4.929140638827615928e-05
1.450000000000000000e+02,3.717713507281988905e-02,6.549683407446425115e-05
1.460000000000000000e+02,3.109057623250037483e-02,6.174978045165839947e-05
1.470000000000000000e+02,5.242557132047662855e-02,8.272131546509637029e-05
1.480000000000000000e+02,2.518276484219978198e-02,5.530627558809547771e-05
1.490000000000000000e+02,4.202842207644010702e-02,7.468264485864299326e-05
1.500000000000000000e+02,3.619735042883145265e-02,7.109407832400004381e-05
1.510000000000000000e+02,6.274834559018413471e-02,9.644222031009374522e-05
1.520000000000000000e+02,2.249839637805893869e-02,5.092175143587405095e-05
1.530000000000000000e+02,3.683816664200337959e-02,6.810190401722389006e-05
1.540000000000000000e+02,3.114284779480099713e-02,6.454594374398827121e-05
1.550000000000000000e+02,5.317345051546270435e-02,8.713415624291356854e-05
1.560000000000000000e+02,2.575183497983465561e-02,5.909909113527443469e-05
1.570000000000000000e+02,4.364110723373604284e-02,8.024490780719906863e-05
1.580000000000000000e+02,3.816650136894857159e-02,7.711004961000894348e-05
1.590000000000000000e+02,6.717020458733290178e-02,1.050911553713691185e-04
1.600000000000000000e+02,2.074603969259559977e-02,4.634599652921220144e-05
1.610000000000000000e+02,3.384093373140196342e-02,6.180089408722217088e-05
1.620000000000000000e+02,2.836369658101412297e-02,5.832337498193899728e-05
1.630000000000000000e+02,4.820707859269839773e-02,7.843957687422766639e-05
1.640000000000000000e+02,2.288787580307262773e-02,5.218532392865384115e-05
1.650000000000000000e+02,3.842017658283375381e-02,7.017097308933449378e-05
1.660000000000000000e+02,3.321247098605582815e-02,6.718185241154333426e-05
1.670000000000000000e+02,5.786889746294791165e-02,9.101428788064777988e-05
1.680000000000000000e+02,2.017437667158618678e-02,4.707310972716236203e-05
1.690000000000000000e+02,3.327399759356863829e-02,6.323435141557617488e-05
1.700000000000000000e+02,2.813835628380005616e-02,6.012346889073670353e-05
1.710000000000000000e+02,4.830113669158456191e-02,8.145485880641816141e-05
1.720000000000000000e+02,2.318110452728283991e-02,5.497734735763068823e-05
1.730000000000000000e+02,3.950794042579332949e-02,7.469599365250339303e-05
1.740000000000000000e+02,3.453010211545787939e-02,7.179899666214408351e-05
1.750000000000000000e+02,6.099438322678829572e-02,9.793916821509540249e-05
1.760000000000000000e+02,1.891330839059874452e-02,4.467310081579832027e-05
1.770000000000000000e+02,3.116359480327367953e-02,5.982445658366083492e-05
1.780000000000000000e+02,2.624106077573634677e-02,5.686033225827793265e-05
1.790000000000000000e+02,4.494133973244825858e-02,7.664688163754572198e-05
1.800000000000000000e+02,2.125656603750834817e-02,5.134372040148399717e-05
1.810000000000000000e+02,3.611433615696926780e-02,6.951551270581973589e-05
1.820000000000000000e+02,3.141055832589603747e-02,6.691746666739130421e-05
1.830000000000000000e+02,5.517843336784218622e-02,9.080653442281428169e-05
1.840000000000000000e+02,1.892379664218798302e-02,4.708020561651421541e-05
1.850000000000000000e+02,3.159681846445612508e-02,6.355668172880604228e-05
1.860000000000000000e+02,2.691236131259923045e-02,6.060170003176291510e-05
1.870000000000000000e+02,4.665921710965161701e-02,8.241770292935164178e-05
1.880000000000000000e+02,2.232078434060017283e-02,5.604560185933817463e-05
1.890000000000000000e+02,3.860382928091660171e-02,7.655407809275365774e-05
1.900000000000000000e+02,3.401992050377155435e-02,7.396454200274776261e-05
1.910000000000000000e+02,6.079601470072319019e-02,1.012353680993095535e-04
1.920000000000000000e+02,1.739720660861892101e-02,4.218385042559650634e-05
1.930000000000000000e+02,2.886117731754854476e-02,5.663719462889301245e-05
1.940000000000000000e+02,2.428488779135669351e-02,5.338777574335655730e-05
1.950000000000000000e+02,4.177600846183238126e-02,7.192773619676598841e-05
1.960000000000000000e+02,1.950937513786678637e-02,4.761635715075567210e-05
1.970000000000000000e+02,3.330722516731731558e-02,6.455399666290863314e-05
1.980000000000000000e+02,2.895736303925948787e-02,6.181705281962438761e-05
1.990000000000000000e+02,5.107456071251879198e-02,8.404336345123255159e-05
2.000000000000000000e+02,1.711711002455962305e-02,4.314985649337848189e-05
2.010000000000000000e+02,2.867226830692402861e-02,5.832903452623283512e-05
2.020000000000000000e+02,2.440837432687543301e-02,5.554895092658781596e-05
2.030000000000000000e+02,4.235481847572885455e-02,7.523988371756150611e-05
2.040000000000000000e+02,2.011552375038216586e-02,5.073855976257449609e-05
2.050000000000000000e+02,3.474641172368141823e-02,6.914183848693714388e-05
2.060000000000000000e+02,3.052618517044559249e-02,6.656033842119167749e-05
2.070000000000000000e+02,5.443664734135568450e-02,9.082661301631083674e-05
2.080000000000000000e+02,1.611765561739231245e-02,4.081583650867518230e-05
2.090000000000000000e+02,2.688370154794181288e-02,5.490938115707085681e-05
2.100000000000000000e+02,2.267286723588096686e-02,5.186879266598464747e-05
2.110000000000000000e+02,3.922466566165785234e-02,7.020652725839278765e-05
2.120000000000000000e+02,1.832209496738078716e-02,4.688917144914640203e-05
2.130000000000000000e+02,3.148912043451890241e-02,6.375499998401766935e-05
2.140000000000000000e+02,2.747526661102597800e-02,6.117341984611789226e-05
2.150000000000000000e+02,4.875964648273835300e-02,8.352274833181376999e-05
2.160000000000000000e+02,1.623360890801437209e-02,4.336763241534071054e-05
2.170000000000000000e+02,2.739331184129851701e-02,5.852780628126484771e-05
2.180000000000000000e+02,2.342795975072371403e-02,5.582532111930262525e-05
2.190000000000000000e+02,4.099061705935870548e-02,7.610049477353635701e-05
2.200000000000000000e+02,1.938464558878230659e-02,5.141263503430517192e-05
2.210000000000000000e+02,3.387766673445701676e-02,7.047266218439077483e-05
2.220000000000000000e+02,3.002262868330317358e-02,6.818711357898771632e-05
2.230000000000000000e+02,5.406739019036976152e-02,9.355054740773004966e-05
2.240000000000000000e+02,1.499859635515138519e-02,3.918277981490205636e-05
2.250000000000000000e+02,2.518617407700295130e-02,5.282368939174631118e-05
2.260000000000000000e+02,2.123166223700655164e-02,4.979254193727311362e-05
2.270000000000000000e+02,3.693793890111210509e-02,6.750498232452093014e-05
2.280000000000000000e+02,1.711978330821171262e-02,4.497805966511457331e-05
2.290000000000000000e+02,2.957428423832356851e-02,6.113290812813459128e-05
2.300000000000000000e+02,2.577637044479263312e-02,5.850785092475368782e-05
2.310000000000000000e+02,4.589698534791419871e-02,7.975932787696129219e-05
2.320000000000000000e+02,1.494679770822823078e-02,4.060465067645694845e-05
2.330000000000000000e+02,2.535985211668101424e-02,5.528498593180664977e-05
2.340000000000000000e+02,2.160445539782506613e-02,5.238477368731676685e-05
2.350000000000000000e+02,3.794336916226024453e-02,7.166353539021044522e-05
2.360000000000000000e+02,1.784174251654247270e-02,4.826464771090935253e-05
2.370000000000000000e+02,3.125381270361071023e-02,6.634719566796321651e-05
2.380000000000000000e+02,2.763054929723404371e-02,6.389061914850507548e-05
2.390000000000000000e+02,4.985705814446757256e-02,8.790467569656883727e-05
2.400000000000000000e+02,1.412718800359343517e-02,3.852781817497508897e-05
2.410000000000000000e+02,2.389266826247796530e-02,5.232498699940134665e-05
2.420000000000000000e+02,2.024192865699777841e-02,4.955057573569522108e-05
2.430000000000000000e+02,3.540895971856763275e-02,6.754524890357828132e-05
2.440000000000000000e+02,1.638657116818241846e-02,4.508012107567317103e-05
2.450000000000000000e+02,2.857430755590895793e-02,6.179136636054254842e-05
2.460000000000000000e+02,2.507594468515676744e-02,5.944998964112862790e-05
2.470000000000000000e+02,4.497177457539178191e-02,8.145965771147987717e-05
2.480000000000000000e+02,1.450436615682890000e-02,4.157086221260386852e-05
2.490000000000000000e+02,2.487166139414409907e-02,5.699138335099988715e-05
2.500000000000000000e+02,2.141694493033115959e-02,5.447310256823139951e-05
2.510000000000000000e+02,3.790445543049834887e-02,7.461393604489399212e-05
2.520000000000000000e+02,1.780886774942154818e-02,5.041554458404509296e-05
2.530000000000000000e+02,3.159068291123770522e-02,6.963519555960555741e-05
2.540000000000000000e+02,2.816220354727283146e-02,6.740462523416909223e-05
2.550000000000000000e+02,5.129436612654663524e-02,9.298847395142778474e-05
2.560000000000000000e+02,1.357702476655443455e-02,1.191193836360168842e-04
2.570000000000000000e+02,2.272451966486871075e-02,1.587559592756910610e-04
2.580000000000000000e+02,1.926428121910741045e-02,1.497329655572842420e-04
2.590000000000000000e+02,3.360731797511378599e-02,2.017251507957344714e-04
2.600000000000000000e+02,1.558149356606105922e-02,1.355488072748707953e-04
2.610000000000000000e+02,2.693789601678649517e-02,1.829046005490934826e-04
2.620000000000000000e+02,2.366727409367759896e-02,1.765538778200838495e-04
2.630000000000000000e+02,4.201343863272418572e-02,2.370108383764341217e-04
2.640000000000000000e+02,1.340992415614426087e-02,1.213403995203883438e-04
2.650000000000000000e+02,2.285500030443072400e-02,1.646703252173218029e-04
2.660000000000000000e+02,1.951086708771685926e-02,1.542185732670720434e-04
2.670000000000000000e+02,3.452243546843528771e-02,2.116449723505244604e-04
2.680000000000000000e+02,1.623148880289246657e-02,1.431155338441753282e-04
2.690000000000000000e+02,2.848976553294807826e-02,1.960215625781335186e-04
2.700000000000000000e+02,2.533656028173864039e-02,1.883309388493032940e-04
2.710000000000000000e+02,4.555271008654187409e-02,2.567317770013521536e-04
2.720000000000000000e+02,1.274160247160742616e-02,1.166597082449717529e-04
2.730000000000000000e+02,2.154428296127667078e-02,1.553954923959173192e-04
2.740000000000000000e+02,1.820379969373345230e-02,1.472934832323841484e-04
2.750000000000000000e+02,3.198839921838293743e-02,1.984786193870868734e-04
2.760000000000000000e+02,1.482891203645616759e-02,1.343577045478243392e-04
2.770000000000000000e+02,2.582218975490579993e-02,1.825456533005263013e-04
2.780000000000000000e+02,2.253635389217486032e-02,1.732227494051196142e-04
2.790000000000000000e+02,4.037296720081319512e-02,2.358657403905693077e-04
2.800000000000000000e+02,1.297735265088578033e-02,1.232812365346474875e-04
2.810000000000000000e+02,2.229874165455500434e-02,1.676734020569393556e-04
2.820000000000000000e+02,1.910790023917953093e-02,1.580796668120087827e-04
2.830000000000000000e+02,3.407861575876672960e-02,2.176385546112568552e-04
2.840000000000000000e+02,1.599747781101614266e-02,1.484301248459456342e-04
2.850000000000000000e+02,2.827351632320632482e-02,2.019099237905795489e-04
2.860000000000000000e+02,2.503685631430397490e-02,1.938175829748963754e-04
2.870000000000000000e+02,4.586095959721753906e-02,2.680008213436785173e-04
2.880000000000000000e+02,1.184357396095991194e-02,1.082004349953795614e-04
2.890000000000000000e+02,2.019445021830499135e-02,1.469029892295127819e-04
2.900000000000000000e+02,1.691541592668742086e-02,1.358805856684094200e-04
2.910000000000000000e+02,3.013640181001275842e-02,1.878367299030720740e-04
2.920000000000000000e+02,1.388917269414911664e-02,1.272630503339802744e-04
2.930000000000000000e+02,2.429015085806449092e-02,1.727258956486763290e-04
2.940000000000000000e+02,2.122793126278867473e-02,1.644366126189829227e-04
2.950000000000000000e+02,3.836879427498827294e-02,2.261746712893809277e-04
2.960000000000000000e+02,1.195274706251919263e-02,1.124070625767855871e-04
2.970000000000000000e+02,2.061256051603704842e-02,1.538321091362343518e-04
2.980000000000000000e+02,1.752131145422657424e-02,1.440757875135424606e-04
2.990000000000000000e+02,3.131535082465658482e-02,1.993298300663566211e-04
3.000000000000000000e+02,1.466348600027461875e-02,1.360811682848480253e-04
3.010000000000000000e+02,2.590511038885762174e-02,1.852770045560788164e-04
3.020000000000000000e+02,2.293522683653980571e-02,1.778462683277813854e-04
3.030000000000000000e+02,4.180943967893719498e-02,2.450524805124639632e-04
3.040000000000000000e+02,1.137064282651990658e-02,1.078816357660453926e-04
3.050000000000000000e+02,1.944067575118194058e-02,1.460641850051104637e-04
3.060000000000000000e+02,1.648053340973953257e-02,1.375630836431532191e-04
3.070000000000000000e+02,2.923716712652395244e-02,1.889567007150857255e-04
3.080000000000000000e+02,1.350729530366758489e-02,1.284014705206008541e-04
3.090000000000000000e+02,2.365928781844675588e-02,1.731681949537924956e-04
3.100000000000000000e+02,2.082846751044193853e-02,1.663590580378212233e-04
3.110000000000000000e+02,3.750876799393445399e-02,2.270595433752564880e-04
3.120000000000000000e+02,1.175395002223551290e-02,1.167143128220856800e-04
3.130000000000000000e+02,2.025224502069254695e-02,1.587332807515943220e-04
3.140000000000000000e+02,1.760085123853137243e-02,1.520337474443255214e-04
3.150000000000000000e+02,3.141080156649152244e-02,2.085614209639567653e-04
3.160000000000000000e+02,1.489161685266842360e-02,1.446401640159571448e-04
3.170000000000000000e+02,2.627565199029942289e-02,1.961249417345106532e-04
3.180000000000000000e+02,2.362450623648862033e-02,1.897655584031036468e-04
3.190000000000000000e+02,4.324498135449985486e-02,2.615916077480024055e-04
3.200000000000000000e+02,1.080001820903271452e-02,1.023828846544593305e-04
3.210000000000000000e+02,1.830065396454185270e-02,1.368938258348995887e-04
3.220000000000000000e+02,1.549513878474632900e-02,1.277816951081246668e-04
3.230000000000000000e+02,2.739114271332820233e-02,1.751170512686897303e-04
3.240000000000000000e+02,1.274434816724310388e-02,1.193301442197690728e-04
3.250000000000000000e+02,2.203711983039975328e-02,1.592357423526011327e-04
3.260000000000000000e+02,1.952732285716881483e-02,1.538029865304180958e-04
3.270000000000000000e+02,3.488550617557018702e-02,2.080151863019293209e-04
3.280000000000000000e+02,1.088820504811902762e-02,1.062832601317727427e-04
3.290000000000000000e+02,1.876301735679308455e-02,1.459517971692305684e-04
3.300000000000000000e+02,1.600941238419463161e-02,1.353606376426086139e-04
3.310000000000000000e+02,2.862358476950476599e-02,1.878532062881894981e-04
3.320000000000000000e+02,1.361337519828230078e-02,1.284246161790255573e-04
3.330000000000000000e+02,2.403250806870559780e-02,1.758513913358524027e-04
3.340000000000000000e+02,2.139909341377516441e-02,1.690914948508819081e-04
3.350000000000000000e+02,3.897404338537405200e-02,2.326096026764759399e-04
3.360000000000000000e+02,1.031429935208211419e-02,1.009461299372580616e-04
3.370000000000000000e+02,1.763399618022143747e-02,1.359132992330733085e-04
3.380000000000000000e+02,1.504117694281041639e-02,1.289337214862741740e-04
3.390000000000000000e+02,2.670769633201261484e-02,1.775731982696335828e-04
3.400000000000000000e+02,1.234823107617596775e-02,1.200962947755895545e-04
3.410000000000000000e+02,2.166425141093631518e-02,1.636155576466905275e-04
3.420000000000000000e+02,1.916894105453044103e-02,1.569211283715104134e-04
3.430000000000000000e+02,3.463029478197296451e-02,2.147300538017642580e-04
3.440000000000000000e+02,1.080468217996259465e-02,1.103279463113252830e-04
3.450000000000000000e+02,1.859548618958642083e-02,1.491300755010891083e-04
3.460000000000000000e+02,1.601658103863398339e-02,1.412140896515403623e-04
3.470000000000000000e+02,2.875050561785697997e-02,1.955243007677157530e-04
3.480000000000000000e+02,1.359487760332723540e-02,1.337422442586577958e-04
3.490000000000000000e+02,2.410269541891912545e-02,1.815872898565049358e-04
3.500000000000000000e+02,2.173611721798777638e-02,1.778371890745042070e-04
3.510000000000000000e+02,3.971175036182006401e-02,2.437019582322847019e-04
3.520000000000000000e+02,9.750459153031309362e-03,9.493909749746300445e-05
3.530000000000000000e+02,1.675918797930081583e-02,1.301677688181683784e-04
3.540000000000000000e+02,1.423617996824284339e-02,1.240771485675926610e-04
3.550000000000000000e+02,2.537881160794447019e-02,1.703406383152811644e-04
3.560000000000000000e+02,1.155923703497896589e-02,1.121354047768286828e-04
3.570000000000000000e+02,2.038448332253843531e-02,1.533268750373406163e-04
3.580000000000000000e+02,1.803984486815830152e-02,1.479267606142604518e-04
3.590000000000000000e+02,3.270677825419852913e-02,2.035441669540886847e-04
3.600000000000000000e+02,9.915914309583604910e-03,1.016983570378023597e-04
3.610000000000000000e+02,1.719960433361431007e-02,1.390090585740957386e-04
3.620000000000000000e+02,1.487637387300531043e-02,1.326614833453026749e-04
3.630000000000000000e+02,2.675387925914178219e-02,1.840847865294469271e-04
3.640000000000000000e+02,1.246917685343573549e-02,1.244978665769321717e-04
3.650000000000000000e+02,2.213610915996134382e-02,1.699152874865372635e-04
3.660000000000000000e+02,1.988853500777234759e-02,1.645532895570012415e-04
3.670000000000000000e+02,3.638743533709396655e-02,2.263924285213039008e-04
3.680000000000000000e+02,9.336422284555931372e-03,9.615017551335714992e-05
3.690000000000000000e+02,1.608433436124274973e-02,1.304757886758545367e-04
3.700000000000000000e+02,1.387560462000469313e-02,1.254912267324022031e-04
3.710000000000000000e+02,2.485223996760944562e-02,1.728296277911657271e-04
3.720000000000000000e+02,1.142144446630030848e-02,1.172362231274463564e-04
3.730000000000000000e+02,2.013170753491421577e-02,1.588992248008959406e-04
3.740000000000000000e+02,1.806412701658904538e-02,1.543177065784464208e-04
3.750000000000000000e+02,3.286118689189354569e-02,2.121555867172170509e-04
3.760000000000000000e+02,9.946531825897594881e-03,1.063942815157367726e-04
3.770000000000000000e+02,1.737308230224996961e-02,1.461085133567188873e-04
3.780000000000000000e+02,1.522274269793182609e-02,1.416324075747006216e-04
3.790000000000000000e+02,2.761109675124287510e-02,1.975965371957309291e-04
3.800000000000000000e+02,1.286992660271624699e-02,1.327954408880294048e-04
3.810000000000000000e+02,2.311741770924379338e-02,1.836030686578550466e-04
3.820000000000000000e+02,2.095743671855578721e-02,1.793276143223743147e-04
3.830000000000000000e+02,3.873120624348521529e-02,2.481126403237135796e-04
3.840000000000000000e+02,8.921476378217338757e-03,8.934048330907014182e-05
3.850000000000000000e+02,1.542685997753093577e-02,1.227653364852225191e-04
3.860000000000000000e+02,1.302906254938493089e-02,1.138516204864013727e-04
3.870000000000000000e+02,2.349319609157740976e-02,1.594209854650691007e-04
3.880000000000000000e+02,1.068116321840634035e-02,1.053316351435163790e-04
3.890000000000000000e+02,1.892395239531993734e-02,1.450656067713189477e-04
3.900000000000000000e+02,1.658903520746777410e-02,1.368670201595682313e-04
3.910000000000000000e+02,3.037004935637116487e-02,1.915200485787973798e-04
3.920000000000000000e+02,9.144342885948716915e-03,9.584629822845112035e-05
3.930000000000000000e+02,1.603821517301102367e-02,1.334847266126802461e-04
3.940000000000000000e+02,1.374920804566393331e-02,1.241919280907455357e-04
3.950000000000000000e+02,2.499420985832810291e-02,1.741224458334462489e-04
3.960000000000000000e+02,1.157817195350925067e-02,1.154141073586395597e-04
3.970000000000000000e+02,2.071886029064655410e-02,1.596829532964952846e-04
3.980000000000000000e+02,1.851612684338043227e-02,1.531951128866381471e-04
3.990000000000000000e+02,3.411250156067311551e-02,2.135003594138328552e-04
4.000000000000000000e+02,8.550370214842260147e-03,8.949801721618803191e-05
4.010000000000000000e+02,1.502470571716626492e-02,1.250580966619147677e-04
4.020000000000000000e+02,1.274164988296727294e-02,1.157627460629082370e-04
4.030000000000000000e+02,2.295697409124423938e-02,1.602761076782248926e-04
4.040000000000000000e+02,1.042679803729057268e-02,1.081514963682155884e-04
4.050000000000000000e+02,1.858695695298413428e-02,1.492210152086971759e-04
4.060000000000000000e+02,1.654211827568709964e-02,1.429258365736419214e-04
4.070000000000000000e+02,3.018706712069610734e-02,1.969831437623637699e-04
4.080000000000000000e+02,9.005878266058862588e-03,9.761686426995083547e-05
4.090000000000000000e+02,1.600478498288740795e-02,1.365930186993329467e-04
4.100000000000000000e+02,1.378781007409095836e-02,1.286671141230939298e-04
4.110000000000000000e+02,2.508795945836852018e-02,1.783177643803009107e-04
4.120000000000000000e+02,1.165671973512818343e-02,1.210001300555137084e-04
4.130000000000000000e+02,2.111729151196777704e-02,1.682218723059498858e-04
4.140000000000000000e+02,1.894695566819359911e-02,1.607210093173197106e-04
4.150000000000000000e+02,3.513109214792648621e-02,2.240239098203682751e-04
4.160000000000000000e+02,8.316990684804816819e-03,9.022784767335654491e-05
4.170000000000000000e+02,1.460602804694324797e-02,1.237846977971029971e-04
4.180000000000000000e+02,1.223735276297976612e-02,1.130273586877157330e-04
4.190000000000000000e+02,2.205870497549573470e-02,1.555446032868159842e-04
4.200000000000000000e+02,1.000321157769610420e-02,1.072360970088532764e-04
4.210000000000000000e+02,1.789832080355534955e-02,1.459968697675268975e-04
4.220000000000000000e+02,1.570165255252271852e-02,1.373559984101830353e-04
4.230000000000000000e+02,2.869516902970771152e-02,1.890112149469704570e-04
4.240000000000000000e+02,8.546426000483334923e-03,9.376790794844194722e-05
4.250000000000000000e+02,1.510671356644481371e-02,1.294637862583302161e-04
4.260000000000000000e+02,1.290427000379810660e-02,1.209515949472730889e-04
4.270000000000000000e+02,2.348516487450649434e-02,1.684402381562383351e-04
4.280000000000000000e+02,1.100028158709406845e-02,1.175300138577494151e-04
4.290000000000000000e+02,1.978416102521121656e-02,1.610179435966719967e-04
4.300000000000000000e+02,1.758050085496157267e-02,1.530470558436849418e-04
4.310000000000000000e+02,3.262267993047833492e-02,2.136556213539317806e-04
4.320000000000000000e+02,8.128949995785951857e-03,8.808409884012860589e-05
4.330000000000000000e+02,1.422864311487724402e-02,1.213532885616680382e-04
4.340000000000000000e+02,1.203044584790865547e-02,1.140347829110304118e-04
4.350000000000000000e+02,2.174444019188483471e-02,1.597862152073494500e-04
4.360000000000000000e+02,9.992403477417926769e-03,1.082426820812650427e-04
4.370000000000000000e+02,1.787561755354205931e-02,1.489594813600911586e-04
4.380000000000000000e+02,1.571788255186130565e-02,1.410381671421707234e-04
4.390000000000000000e+02,2.892501529499888480e-02,1.968031734067380851e-04
4.400000000000000000e+02,8.586537871795396279e-03,9.839519763587513607e-05
4.410000000000000000e+02,1.524040523198743648e-02,1.357570212774314986e-04
4.420000000000000000e+02,1.323928796177109048e-02,1.307483338379038565e-04
4.430000000000000000e+02,2.419527783274650484e-02,1.811632634996862090e-04
4.440000000000000000e+02,1.137361892115324770e-02,1.252471360920725499e-04
4.450000000000000000e+02,2.060865375112742176e-02,1.717591900180116945e-04
4.460000000000000000e+02,1.857006628256291023e-02,1.671598815600575951e-04
4.470000000000000000e+02,3.460065045767773961e-02,2.332077217072951682e-04
4.480000000000000000e+02,7.787414071249464977e-03,8.553221974579714088e-05
4.490000000000000000e+02,1.352386899740745663e-02,1.164283258282978859e-04
4.500000000000000000e+02,1.145721857536584169e-02,1.091583623205265416e-04
4.510000000000000000e+02,2.066461322661489186e-02,1.509803611720824702e-04
4.520000000000000000e+02,9.470220285343626879e-03,1.022587516295675279e-04
4.530000000000000000e+02,1.682272672360142149e-02,1.392768172307249047e-04
4.540000000000000000e+02,1.494764392675211086e-02,1.346539609023536847e-04
4.550000000000000000e+02,2.724402928110212022e-02,1.844792564846659509e-04
4.560000000000000000e+02,7.992119297732910160e-03,8.894341476313944773e-05
4.570000000000000000e+02,1.405262277455379509e-02,1.235099428962648633e-04
4.580000000000000000e+02,1.217151270595689602e-02,1.179231887372889564e-04
4.590000000000000000e+02,2.224252818226814254e-02,1.641951370231090957e-04
4.600000000000000000e+02,1.024798467893153417e-02,1.097007646330492296e-04
4.610000000000000000e+02,1.853102708686143324e-02,1.526578807071615220e-04
4.620000000000000000e+02,1.662060056819270049e-02,1.471009874437609246e-04
4.630000000000000000e+02,3.084228894552836983e-02,2.043075169249818307e-04
4.640000000000000000e+02,7.516434501248100974e-03,8.457325347280610377e-05
4.650000000000000000e+02,1.316853705413639601e-02,1.163144505707434739e-04
4.660000000000000000e+02,1.122985316636661637e-02,1.107265356275698414e-04
4.670000000000000000e+02,2.029335497270027752e-02,1.517721863873168996e-04
4.680000000000000000e+02,9.241077804714441235e-03,1.028132433409292276e-04
4.690000000000000000e+02,1.658354222831626840e-02,1.409142217986334279e-04
4.700000000000000000e+02,1.480736670114100005e-02,1.351272115805603863e-04
4.710000000000000000e+02,2.707259561809400791e-02,1.857835207337705770e-04
4.720000000000000000e+02,7.992373379170894868e-03,9.430431591079179929e-05
4.730000000000000000e+02,1.417873412008086899e-02,1.303734747642360154e-04
4.740000000000000000e+02,1.244852045658975843e-02,1.246839249010542620e-04
4.750000000000000000e+02,2.265045245755463801e-02,1.734531603612247139e-04
4.760000000000000000e+02,1.054066169854253610e-02,1.175227308910820902e-04
4.770000000000000000e+02,1.908626670236388684e-02,1.625639836975332423e-04
4.780000000000000000e+02,1.734150314461439801e-02,1.568796137743409900e-04
4.790000000000000000e+02,3.204336239157865723e-02,2.171764149382248885e-04
4.800000000000000000e+02,7.178242008127271902e-03,8.296357487616076558e-05
4.810000000000000000e+02,1.267186701662838429e-02,1.140576409968874140e-04
4.820000000000000000e+02,1.078682446452478537e-02,1.066692498997537136e-04
4.830000000000000000e+02,1.948576661247760147e-02,1.474626410356471770e-04
4.840000000000000000e+02,8.730358539670706255e-03,9.799950857011553989e-05
4.850000000000000000e+02,1.582993464431415101e-02,1.364431718236543524e-04
4.860000000000000000e+02,1.402864743889619889e-02,1.285303810830637234e-04
4.870000000000000000e+02,2.589016326477130286e-02,1.804579390423352342e-04
4.880000000000000000e+02,7.423515131796399637e-03,8.726017447580374702e-05
4.890000000000000000e+02,1.341779190725336454e-02,1.238628131478601362e-04
4.900000000000000000e+02,1.148728241393963574e-02,1.144742273008883998e-04
4.910000000000000000e+02,2.118143171713997991e-02,1.617981881972945521e-04
4.920000000000000000e+02,9.706311044444641128e-03,1.077794234924616654e-04
4.930000000000000000e+02,1.778623552380750525e-02,1.514309692051571898e-04
4.940000000000000000e+02,1.598863638630757672e-02,1.462552923774665858e-04
4.950000000000000000e+02,2.972904238143314962e-02,2.046291129451620209e-04
4.960000000000000000e+02,7.028676553914944489e-03,8.192402541574409121e-05
4.970000000000000000e+02,1.249450027630974805e-02,1.139637228057651037e-04
4.980000000000000000e+02,1.066210226417829525e-02,1.074729938946175709e-04
4.990000000000000000e+02,1.945565061594049100e-02,1.509677143260714719e-04
5.000000000000000000e+02,8.911649001960952887e-03,1.033932179442592425e-04
5.010000000000000000e+02,1.606682129765550290e-02,1.421150894395858955e-04
5.020000000000000000e+02,1.438130048235257419e-02,1.361115333171710091e-04
5.030000000000000000e+02,2.648931516598910033e-02,1.894462445802993882e-04
5.040000000000000000e+02,7.666571281477808572e-03,9.415273175915670313e-05
5.050000000000000000e+02,1.376881729389230376e-02,1.299693481643894512e-04
5.060000000000000000e+02,1.211197611888249759e-02,1.274020833605001273e-04
5.070000000000000000e+02,2.231627289131283762e-02,1.758175350567577305e-04
5.080000000000000000e+02,1.044099679091324388e-02,1.221639595565068728e-04
5.090000000000000000e+02,1.898458601602663609e-02,1.664079238727292495e-04
5.100000000000000000e+02,1.742552060250193019e-02,1.642549782839554883e-04
5.110000000000000000e+02,3.236284414165963713e-02,2.268500061075799754e-04
5.120000000000000000e+02,6.838533775533239129e-03,8.042665913527082433e-05
5.130000000000000000e+02,1.199926643412560154e-02,1.104539044632011876e-04
5.140000000000000000e+02,1.024182958635191064e-02,1.037841491164446909e-04
5.150000000000000000e+02,1.848236126311123342e-02,1.429286775860685909e-04
5.160000000000000000e+02,8.399275093028943373e-03,9.452657699994482189e-05
5.170000000000000000e+02,1.506611528251320178e-02,1.306595726610275496e-04
5.180000000000000000e+02,1.341459290377795648e-02,1.240440107446352639e-04
5.190000000000000000e+02,2.458605662971734968e-02,1.726198209002458863e-04
5.200000000000000000e+02,7.016454377472400653e-03,8.131999634050726146e-05
5.210000000000000000e+02,1.257305274487783425e-02,1.170750457629636629e-04
5.220000000000000000e+02,1.086300561659038141e-02,1.083339402349020830e-04
5.230000000000000000e+02,1.989806392014026662e-02,1.525480824738388380e-04
5.240000000000000000e+02,9.232862293434639100e-03,1.024884466307103467e-04
5.250000000000000000e+02,1.676769447029878568e-02,1.442944243700217057e-04
5.260000000000000000e+02,1.517864681969086256e-02,1.375099552570969628e-04
5.270000000000000000e+02,2.814785037991901148e-02,1.927893115536806273e-04
5.280000000000000000e+02,6.723767644117276295e-03,8.196245772727050051e-05
5.290000000000000000e+02,1.184968940642972847e-02,1.131014942367661644e-04
5.300000000000000000e+02,1.016753603691855981e-02,1.059611143275355816e-04
5.310000000000000000e+02,1.834271623630076564e-02,1.452274147738125696e-04
5.320000000000000000e+02,8.356220388213793718e-03,9.796096299669786395e-05
5.330000000000000000e+02,1.505007725889484158e-02,1.352203121237546813e-04
5.340000000000000000e+02,1.346245216829081333e-02,1.288721549387473607e-04
5.350000000000000000e+02,2.473977309633046406e-02,1.784351843224278535e-04
5.360000000000000000e+02,7.195161794995267798e-03,8.928108761866320766e-05
5.370000000000000000e+02,1.275107942240933517e-02,1.214327694976388114e-04
5.380000000000000000e+02,1.119383555553853452e-02,1.174275896383318796e-04
5.390000000000000000e+02,2.046168266306320691e-02,1.619622389078883239e-04
5.400000000000000000e+02,9.459697478773693852e-03,1.098601689252485809e-04
5.410000000000000000e+02,1.733305042802045851e-02,1.524863173699516250e-04
5.420000000000000000e+02,1.568259694774945534e-02,1.462943362496656901e-04
5.430000000000000000e+02,2.934144435049345148e-02,2.040092037938825444e-04
5.440000000000000000e+02,6.316823999273280497e-03,7.595069188893666307e-05
5.450000000000000000e+02,1.136894599122305685e-02,1.083407470224051120e-04
5.460000000000000000e+02,9.612019796992341339e-03,9.833576503692343220e-05
5.470000000000000000e+02,1.768097004711628034e-02,1.396159822572747824e-04
5.480000000000000000e+02,7.968120358598729247e-03,9.375175037565415428e-05
5.490000000000000000e+02,1.445085280157625690e-02,1.294586452043383542e-04
5.500000000000000000e+02,1.274082798370470594e-02,1.202653846781015891e-04
5.510000000000000000e+02,2.350153915644933797e-02,1.675501725372043115e-04
5.520000000000000000e+02,6.727953585386275970e-03,8.234855396248611740e-05
5.530000000000000000e+02,1.200951174354801532e-02,1.147752530375454233e-04
5.540000000000000000e+02,1.031749622871478388e-02,1.051762537118569406e-04
5.550000000000000000e+02,1.905233032001803217e-02,1.497347286786203727e-04
5.560000000000000000e+02,8.804086549865702480e-03,1.020797154687864261e-04
5.570000000000000000e+02,1.601776601359248056e-02,1.404664581234692071e-04
5.580000000000000000e+02,1.437410170129189806e-02,1.326468924876276015e-04
5.590000000000000000e+02,2.688041024842609955e-02,1.871285432017092819e-04
5.600000000000000000e+02,6.404520425448815418e-03,8.147384866340213734e-05
5.610000000000000000e+02,1.131971431585649703e-02,1.105217330748609950e-04
5.620000000000000000e+02,9.683012709493439216e-03,1.034701350267220460e-04
5.630000000000000000e+02,1.760332407211263883e-02,1.435766681463376772e-04
5.640000000000000000e+02,8.092803787551819741e-03,9.850793487207819927e-05
5.650000000000000000e+02,1.456719733037054564e-02,1.345101953204573021e-04
5.660000000000000000e+02,1.302455139953643051e-02,1.274764901847169922e-04
5.670000000000000000e+02,2.400216034609824536e-02,1.773086816720239125e-04
5.680000000000000000e+02,6.982451570828755553e-03,9.046392108044412552e-05
5.690000000000000000e+02,1.245660719078034093e-02,1.237539115158407723e-04
5.700000000000000000e+02,1.088889652222395019e-02,1.173104899510326666e-04
5.710000000000000000e+02,2.004415240296473014e-02,1.638733828094311349e-04
5.720000000000000000e+02,9.354394865557551231e-03,1.124264649005373351e-04
5.730000000000000000e+02,1.710409925051033578e-02,1.554419882694973564e-04
5.740000000000000000e+02,1.551251256362845554e-02,1.479154124826372214e-04
5.750000000000000000e+02,2.913676806382834925e-02,2.078489423701111510e-04
5.760000000000000000e+02,6.204936722815036429e-03,7.836869098941323609e-05
5.770000000000000000e+02,1.097468282355616546e-02,1.060011640707812975e-04
5.780000000000000000e+02,9.274075459068019389e-03,9.845698118729069820e-05
5.790000000000000000e+02,1.687652731695522823e-02,1.361966530674980512e-04
5.800000000000000000e+02,7.676679110651215242e-03,9.224157731341495528e-05
5.810000000000000000e+02,1.374024641885111808e-02,1.259217362111701819e-04
5.820000000000000000e+02,1.213352168173839618e-02,1.173512241362730131e-04
5.830000000000000000e+02,2.240583100862800908e-02,1.635988165350137991e-04
5.840000000000000000e+02,6.378941973112523672e-03,7.993014987163899994e-05
5.850000000000000000e+02,1.145360761104772564e-02,1.122315063260681257e-04
5.860000000000000000e+02,9.888598279741903432e-03,1.044713836209973780e-04
5.870000000000000000e+02,1.826097755171358569e-02,1.487350096068448791e-04
5.880000000000000000e+02,8.362953788203498356e-03,9.932577396633416645e-05
5.890000000000000000e+02,1.528570381689816661e-02,1.379977067869251836e-04
5.900000000000000000e+02,1.375773735801378954e-02,1.320516436223297758e-04
5.910000000000000000e+02,2.579608281332999506e-02,1.854117695913015923e-04
5.920000000000000000e+02,5.953595722541213386e-03,7.564300549925072044e-05
5.930000000000000000e+02,1.058631473641842569e-02,1.039017860803285765e-04
5.940000000000000000e+02,9.115168175138533765e-03,1.003020181278847621e-04
5.950000000000000000e+02,1.675324851935108481e-02,1.411297717409054305e-04
5.960000000000000000e+02,7.539835935011505660e-03,9.295932925867716936e-05
5.970000000000000000e+02,1.366920935607204846e-02,1.281705852338588117e-04
5.980000000000000000e+02,1.229988168401022729e-02,1.243065301598225085e-04
5.990000000000000000e+02,2.272531602650880792e-02,1.718298179662586071e-04
6.000000000000000000e+02,6.474763919673860203e-03,8.563001563004287873e-05
6.010000000000000000e+02,1.157364426859964872e-02,1.162383729513808453e-04
6.020000000000000000e+02,1.026662155507753263e-02,1.132365812449348308e-04
6.030000000000000000e+02,1.892320759621759357e-02,1.575427669613346012e-04
6.040000000000000000e+02,8.684002938022216886e-03,1.070734041518460190e-04
6.050000000000000000e+02,1.588197095499684422e-02,1.462268003677630649e-04
6.060000000000000000e+02,1.455227319666494920e-02,1.421663415141429410e-04
6.070000000000000000e+02,2.730608395038793337e-02,1.979151037512333041e-04
6.080000000000000000e+02,5.760285773202776516e-03,7.526743854104079852e-05
6.090000000000000000e+02,1.023554402743776653e-02,1.017974250894507557e-04
6.100000000000000000e+02,8.817317620925605934e-03,9.708375634269075349e-05
6.110000000000000000e+02,1.617619468861570056e-02,1.363075134979508198e-04
6.120000000000000000e+02,7.234239597929020479e-03,9.019883279814243794e-05
6.130000000000000000e+02,1.302904945455491542e-02,1.216169100133555328e-04
6.140000000000000000e+02,1.162161624251554365e-02,1.161102821121506141e-04
6.150000000000000000e+02,2.148702954040219298e-02,1.614216487667534524e-04
6.160000000000000000e+02,6.142997079379856722e-03,8.008797000826946158e-05
6.170000000000000000e+02,1.095626863357921504e-02,1.108643194920406127e-04
6.180000000000000000e+02,9.595494608928759397e-03,1.039483342766445742e-04
6.190000000000000000e+02,1.770693644247949006e-02,1.482552921214595320e-04
6.200000000000000000e+02,8.127885782942175993e-03,9.979074125010002887e-05
6.210000000000000000e+02,1.483165142333755897e-02,1.376802709433831771e-04
6.220000000000000000e+02,1.341058261245489137e-02,1.317100794018639877e-04
6.230000000000000000e+02,2.519762033902108594e-02,1.856732787499540231e-04
6.240000000000000000e+02,5.762084342055022977e-03,7.526152854307677426e-05
6.250000000000000000e+02,1.025059711555639970e-02,1.031839148766545684e-04
6.260000000000000000e+02,8.913391724737981109e-03,9.979173751514088463e-05
6.270000000000000000e+02,1.631915719645718812e-02,1.388305407432469704e-04
6.280000000000000000e+02,7.384139982822040399e-03,9.497980262128525697e-05
6.290000000000000000e+02,1.341803021269540042e-02,1.304375838043606874e-04
6.300000000000000000e+02,1.204679868658383758e-02,1.247604197916337917e-04
6.310000000000000000e+02,2.237981474813073926e-02,1.737071332685646364e-04
6.320000000000000000e+02,6.275109805253645083e-03,8.424779143467520982e-05
6.330000000000000000e+02,1.138251362821708114e-02,1.184037594997875358e-04
6.340000000000000000e+02,1.011392825280626670e-02,1.147553253347328626e-04
6.350000000000000000e+02,1.879127837470422058e-02,1.614067664892473769e-04
6.360000000000000000e+02,8.539457768574357233e-03,1.070491789653405104e-04
6.370000000000000000e+02,1.578191110413521697e-02,1.489120461855530085e-04
6.380000000000000000e+02,1.462644075689216450e-02,1.472590213420378992e-04
6.390000000000000000e+02,2.761090106731901514e-02,2.054233552338272052e-04
6.400000000000000000e+02,5.510566127374768447e-03,7.134979074600227098e-05
6.410000000000000000e+02,9.788305370286106213e-03,9.840429959977515270e-05
6.420000000000000000e+02,8.439610694100459568e-03,9.228855067817999806e-05
6.430000000000000000e+02,1.550167425688356131e-02,1.296563590145297681e-04
6.440000000000000000e+02,6.875956951950987564e-03,8.427816231264217658e-05
6.450000000000000000e+02,1.239526927719513533e-02,1.164919870236485702e-04
6.460000000000000000e+02,1.114101174448927159e-02,1.119322614709391503e-04
6.470000000000000000e+02,2.063760022373248987e-02,1.554924439323419720e-04
6.480000000000000000e+02,5.719644656516611331e-03,7.326035941570077387e-05
6.490000000000000000e+02,1.033596217031280268e-02,1.048527917655514563e-04
6.500000000000000000e+02,9.047195803721746338e-03,9.871441034624834471e-05
6.510000000000000000e+02,1.677945145008464742e-02,1.404586530247538625e-04
6.520000000000000000e+02,7.533566633239388230e-03,9.075134785312424736e-05
6.530000000000000000e+02,1.388687635165949605e-02,1.277619170699759198e-04
6.540000000000000000e+02,1.268119140268613929e-02,1.234724005640804804e-04
6.550000000000000000e+02,2.383344559472054189e-02,1.739219732671529910e-04
6.560000000000000000e+02,5.409600172328452375e-03,7.092162767661646001e-05
6.570000000000000000e+02,9.622005941420793199e-03,9.739442114262498779e-05
6.580000000000000000e+02,8.433507698004443984e-03,9.523283104022961857e-05
6.590000000000000000e+02,1.533355452156315302e-02,1.305352497417270371e-04
6.600000000000000000e+02,6.823519564233720622e-03,8.592926525175556118e-05
6.610000000000000000e+02,1.236173073270668658e-02,1.189117945740167853e-04
6.620000000000000000e+02,1.126897918332368104e-02,1.150413458894563034e-04
6.630000000000000000e+02,2.073413936745375358e-02,1.586898891152079428e-04
6.640000000000000000e+02,5.824921697142223555e-03,7.847875643497878551e-05
6.650000000000000000e+02,1.049563026782125187e-02,1.087106531129810905e-04
6.660000000000000000e+02,9.380448221949239801e-03,1.050301434072223788e-04
6.670000000000000000e+02,1.729656968687971405e-02,1.468307400955759989e-04
6.680000000000000000e+02,7.849422412551938788e-03,9.771982719895278555e-05
6.690000000000000000e+02,1.454421699479222299e-02,1.365420847963133848e-04
6.700000000000000000e+02,1.340414620179682971e-02,1.336319193465675375e-04
6.710000000000000000e+02,2.515633879647900806e-02,1.851977455238028303e-04
6.720000000000000000e+02,5.165810829773544860e-03,6.737968187830451871e-05
6.730000000000000000e+02,9.272085019809504086e-03,9.560930016279874945e-05
6.740000000000000000e+02,8.005911943800746861e-03,8.957193423348969554e-05
6.750000000000000000e+02,1.469339898227403629e-02,1.256270788384063794e-04
6.760000000000000000e+02,6.514986201797922510e-03,8.265198592856812167e-05
6.770000000000000000e+02,1.187716362355897837e-02,1.153880729969502546e-04
6.780000000000000000e+02,1.064783660368373054e-02,1.084109569065668432e-04
6.790000000000000000e+02,1.985628746801366279e-02,1.527719517770199139e-04
6.800000000000000000e+02,5.442782994123796479e-03,7.214740892140975330e-05
6.810000000000000000e+02,9.910957030604282750e-03,1.028670365433352824e-04
6.820000000000000000e+02,8.640314671496550705e-03,9.618605873445926224e-05
6.830000000000000000e+02,1.606643740545958196e-02,1.367931211300641391e-04
6.840000000000000000e+02,7.304435718754927719e-03,9.256591579652454394e-05
6.850000000000000000e+02,1.355947173319757039e-02,1.306231840177033234e-04
6.860000000000000000e+02,1.228135606051733095e-02,1.234601089002331919e-04
6.870000000000000000e+02,2.314534670839707084e-02,1.735853835532789804e-04
6.880000000000000000e+02,5.167319028700391101e-03,6.937587996101344471e-05
6.890000000000000000e+02,9.302310211012760482e-03,9.807134474386728642e-05
6.900000000000000000e+02,8.077510807377596622e-03,9.202306111953125313e-05
6.910000000000000000e+02,1.478440720638881170e-02,1.286985885399438646e-04
6.920000000000000000e+02,6.594785827944676070e-03,8.677609702111418945e-05
6.930000000000000000e+02,1.220424011023094231e-02,1.219783991591017846e-04
6.940000000000000000e+02,1.096364027716219443e-02,1.157826525044455324e-04
6.950000000000000000e+02,2.051182764382411886e-02,1.626597395885469831e-04
6.960000000000000000e+02,5.612610145136713927e-03,7.843005267210298654e-05
6.970000000000000000e+02,1.020503342961271570e-02,1.085693678566104038e-04
6.980000000000000000e+02,9.118492506705225265e-03,1.051271512277382025e-04
6.990000000000000000e+02,1.689341767107447115e-02,1.464860061607133306e-04
7.000000000000000000e+02,7.749701622674862525e-03,1.005704964914608669e-04
7.010000000000000000e+02,1.442328798610716979e-02,1.399853869753798228e-04
7.020000000000000000e+02,1.328026292374978427e-02,1.351879698975372757e-04
7.030000000000000000e+02,2.504828375934312762e-02,1.894453888287915924e-04
7.040000000000000000e+02,5.036162560433148951e-03,7.002731300079719531e-05
7.050000000000000000e+02,8.977619223135212614e-03,9.532905441662654087e-05
7.060000000000000000e+02,7.735156378125150958e-03,8.827883347679597371e-05
7.070000000000000000e+02,1.424126742543031787e-02,1.242414748015814390e-04
7.080000000000000000e+02,6.368532058857381307e-03,8.407604249790071927e-05
7.090000000000000000e+02,1.151592731873194407e-02,1.138717562529538088e-04
7.100000000000000000e+02,1.035460105900963199e-02,1.078485188198817518e-04
7.110000000000000000e+02,1.914657109069327345e-02,1.491884070447360472e-04
7.120000000000000000e+02,5.264732010389367584e-03,7.246832123752102459e-05
7.130000000000000000e+02,9.529518638675411879e-03,1.017113906031641142e-04
7.140000000000000000e+02,8.310354306027292748e-03,9.411542826149046860e-05
7.150000000000000000e+02,1.537319524418562580e-02,1.323506043857478477e-04
7.160000000000000000e+02,7.010385460083683011e-03,8.988984767329252703e-05
7.170000000000000000e+02,1.288671723858763815e-02,1.248225613543023349e-04
7.180000000000000000e+02,1.178616562095781244e-02,1.194980203378969211e-04
7.190000000000000000e+02,2.204371937738110535e-02,1.667261485505903832e-04
7.200000000000000000e+02,4.987440017561117593e-03,7.096740396135407282e-05
7.210000000000000000e+02,8.966233673493067408e-03,9.847711128591974186e-05
7.220000000000000000e+02,7.701528783875206952e-03,9.132298631873632421e-05
7.230000000000000000e+02,1.424812597180406294e-02,1.281511010222111449e-04
7.240000000000000000e+02,6.298870489758749865e-03,8.521964803384496768e-05
7.250000000000000000e+02,1.157865285673489140e-02,1.183354528266345856e-04
7.260000000000000000e+02,1.034785987197111082e-02,1.112512936504025604e-04
7.270000000000000000e+02,1.937488321720311907e-02,1.561400362938376244e-04
7.280000000000000000e+02,5.356205909438430980e-03,7.659623776693718462e-05
7.290000000000000000e+02,9.811985514760018096e-03,1.085640304063149300e-04
7.300000000000000000e+02,8.663868585526942820e-03,1.031801228046701311e-04
7.310000000000000000e+02,1.620999260060489167e-02,1.468678098689739820e-04
7.320000000000000000e+02,7.321585987421373211e-03,9.688668814691658642e-05
7.330000000000000000e+02,1.368862733963877032e-02,1.370087116126279413e-04
7.340000000000000000e+02,1.261756878046939832e-02,1.314126460085936459e-04
7.350000000000000000e+02,2.373323950475702757e-02,1.845273320003793134e-04
7.360000000000000000e+02,4.821387113928795112e-03,6.814491844567756057e-05
7.370000000000000000e+02,8.714434880390763832e-03,9.508417022188565891e-05
7.380000000000000000e+02,7.468752437842388590e-03,8.753692813001859719e-05
7.390000000000000000e+02,1.388635182090103629e-02,1.239253461571080946e-04
7.400000000000000000e+02,6.119858246172467549e-03,8.180852330055215593e-05
7.410000000000000000e+02,1.129891078289598297e-02,1.145649760160119985e-04
7.420000000000000000e+02,1.002966087081780082e-02,1.066258410357715333e-04
7.430000000000000000e+02,1.874086407137413868e-02,1.494057045512769358e-04
7.440000000000000000e+02,5.106266735692819095e-03,7.162299385463364091e-05
7.450000000000000000e+02,9.371187461043397476e-03,1.025947850026745316e-04
7.460000000000000000e+02,8.128944435939193525e-03,9.411523614797610859e-05
7.470000000000000000e+02,1.516234618181983712e-02,1.335432765065675800e-04
7.480000000000000000e+02,6.994310320590933251e-03,9.424899648134857724e-05
7.490000000000000000e+02,1.292524283574273194e-02,1.301594564908637711e-04
7.500000000000000000e+02,1.170758218988776286e-02,1.224626439822475675e-04
7.510000000000000000e+02,2.193271453501035792e-02,1.707010770264017407e-04
7.520000000000000000e+02,4.897221418656408365e-03,7.156626907143972920e-05
7.530000000000000000e+02,8.777221945039928239e-03,9.832440551787920710e-05
7.540000000000000000e+02,7.556498727860550511e-03,9.062404904185154461e-05
7.550000000000000000e+02,1.395208465358863288e-02,1.273100903511596314e-04
7.560000000000000000e+02,6.363246418250104175e-03,8.879953188742063753e-05
7.570000000000000000e+02,1.170962037123739717e-02,1.224512802447112097e-04
7.580000000000000000e+02,1.042231789124508680e-02,1.145250034359955935e-04
7.590000000000000000e+02,1.938023821265747251e-02,1.589124580347692510e-04
7.600000000000000000e+02,5.336705069877207067e-03,7.900209218827005232e-05
7.610000000000000000e+02,9.793190478608012825e-03,1.108952042537793373e-04
7.620000000000000000e+02,8.638351234284540395e-03,1.051050043958741854e-04
7.630000000000000000e+02,1.618976870206495153e-02,1.484194880533027988e-04
7.640000000000000000e+02,7.462212791691224048e-03,1.022217619120533284e-04
7.650000000000000000e+02,1.402823575685421646e-02,1.432269856977987880e-04
7.660000000000000000e+02,1.278869531581799251e-02,1.363655294925310648e-04
7.670000000000000000e+02,2.419742751553654800e-02,1.912456667481489772e-04
7.680000000000000000e+02,4.733187998843689862e-03,6.755310622431156848e-05
7.690000000000000000e+02,8.401091191284359300e-03,9.116842259659068825e-05
7.700000000000000000e+02,7.248052479090790097e-03,8.594205231613525448e-05
7.710000000000000000e+02,1.324714760738114443e-02,1.181864240750358261e-04
7.720000000000000000e+02,5.962478045647342899e-03,7.943118045428621736e-05
7.730000000000000000e+02,1.078287587006886844e-02,1.071952716187749634e-04
7.740000000000000000e+02,9.721532733564575146e-03,1.038574319152755094e-04
7.750000000000000000e+02,1.789699155396471536e-02,1.421713064540079674e-04
7.760000000000000000e+02,4.986462360844015791e-03,7.031381589040828334e-05
7.770000000000000000e+02,8.993380614332854156e-03,9.825147832013158189e-05
7.780000000000000000e+02,7.769998398361106437e-03,9.031520950723614981e-05
7.790000000000000000e+02,1.443992660293976459e-02,1.273395453389460064e-04
7.800000000000000000e+02,6.723341339019437389e-03,8.946365590211511243e-05
7.810000000000000000e+02,1.224650329204897067e-02,1.211405991136907823e-04
7.820000000000000000e+02,1.117539685767143971e-02,1.155193512506981675e-04
7.830000000000000000e+02,2.082742226098974539e-02,1.594953324421235835e-04
7.840000000000000000e+02,4.644468038417399157e-03,6.583535921828681211e-05
7.850000000000000000e+02,8.294172805969913034e-03,9.063458506152044362e-05
7.860000000000000000e+02,7.174692899994551849e-03,8.670175058094336813e-05
7.870000000000000000e+02,1.314880249998221819e-02,1.190207546252842124e-04
7.880000000000000000e+02,6.013459281598527995e-03,8.238407350266503031e-05
7.890000000000000000e+02,1.088837656130393385e-02,1.114120243581347277e-04
7.900000000000000000e+02,9.797349987563987520e-03,1.085984742752871404e-04
7.910000000000000000e+02,1.810945230727394398e-02,1.474991201774618593e-04
7.920000000000000000e+02,5.085793811331192245e-03,7.432631816801697712e-05
7.930000000000000000e+02,9.216741321968535683e-03,1.024938538898915026e-04
7.940000000000000000e+02,8.118228175553183004e-03,9.750776049576410042e-05
7.950000000000000000e+02,1.512679802256325888e-02,1.361410314992784424e-04
7.960000000000000000e+02,7.018414992565910268e-03,9.490978495592180425e-05
7.970000000000000000e+02,1.290468024602780747e-02,1.285193111249020533e-04
7.980000000000000000e+02,1.184662416925032907e-02,1.235222777050155190e-04
7.990000000000000000e+02,2.223820541873574100e-02,1.716986718940695107e-04
8.000000000000000000e+02,4.503625939240057940e-03,6.420557760748457361e-05
8.010000000000000000e+02,8.041977211522558650e-03,8.820025072868662168e-05
8.020000000000000000e+02,6.928149412733813038e-03,8.417870116292357240e-05
8.030000000000000000e+02,1.266328788481652784e-02,1.150678555521299023e-04
8.040000000000000000e+02,5.723070418946444617e-03,7.897766536676018262e-05
8.050000000000000000e+02,1.044415352861086457e-02,1.084881873781498162e-04
8.060000000000000000e+02,9.335727389343082341e-03,1.027753468041448545e-04
8.070000000000000000e+02,1.734451471640418088e-02,1.420741450152286211e-04
8.080000000000000000e+02,4.833098481446504273e-03,7.006869178781146396e-05
8.090000000000000000e+02,8.642328592364986392e-03,9.551337352513649911e-05
8.100000000000000000e+02,7.526345526451865865e-03,9.074159610165865252e-05
8.110000000000000000e+02,1.395382749073207328e-02,1.256371065984213369e-04
8.120000000000000000e+02,6.545062558588882543e-03,8.892621705777268410e-05
8.130000000000000000e+02,1.197891923051327447e-02,1.214313327874040079e-04
8.140000000000000000e+02,1.087597522026548767e-02,1.163686886185672734e-04
8.150000000000000000e+02,2.040549092780798504e-02,1.601119224649418340e-04
8.160000000000000000e+02,4.512165306098759460e-03,6.389807311999247299e-05
8.170000000000000000e+02,8.076958327901860579e-03,8.946017016661952481e-05
8.180000000000000000e+02,6.981252312175929495e-03,8.455416940761967726e-05
8.190000000000000000e+02,1.293132902664442807e-02,1.196799111607143061e-04
8.200000000000000000e+02,5.877382277871171824e-03,8.049344249832475560e-05
8.210000000000000000e+02,1.069660421036183751e-02,1.109375640270669799e-04
8.220000000000000000e+02,9.608454376024503849e-03,1.065802795454859342e-04
8.230000000000000000e+02,1.802246995907276841e-02,1.493081528710400328e-04
8.240000000000000000e+02,5.009221976995468367e-03,7.490874529708119341e-05
8.250000000000000000e+02,9.059338840059936657e-03,1.031207898588477493e-04
8.260000000000000000e+02,8.006147122743228692e-03,9.880792365720247167e-05
8.270000000000000000e+02,1.498146654424568035e-02,1.383516108422664617e-04
8.280000000000000000e+02,6.983158833185831686e-03,9.475441689827459072e-05
8.290000000000000000e+02,1.296246714147428723e-02,1.312539074072976151e-04
8.300000000000000000e+02,1.181208110102762755e-02,1.256768412727421642e-04
8.310000000000000000e+02,2.230054497006038819e-02,1.759149357857561996e-04
8.320000000000000000e+02,4.346737992006043973e-03,6.235591644001771308e-05
8.330000000000000000e+02,7.776706776109834802e-03,8.707289072833105487e-05
8.340000000000000000e+02,6.611232312296828027e-03,7.922826544486055798e-05
8.350000000000000000e+02,1.225162966566781253e-02,1.131040458902246511e-04
8.360000000000000000e+02,5.536956081253786681e-03,7.685675493501307359e-05
8.370000000000000000e+02,1.011435366051892382e-02,1.064689455081268822e-04
8.380000000000000000e+02,9.044043454031149357e-03,1.013869099727380928e-04
8.390000000000000000e+02,1.680467628393322171e-02,1.409084513470029850e-04
8.400000000000000000e+02,4.617195828122397198e-03,6.614851484526931315e-05
8.410000000000000000e+02,8.302958821405966722e-03,9.218048014216973147e-05
8.420000000000000000e+02,7.238359970586995089e-03,8.678535871044204997e-05
8.430000000000000000e+02,1.346316364527990438e-02,1.232664621148413968e-04
8.440000000000000000e+02,6.220506592256327093e-03,8.383021248802152432e-05
8.450000000000000000e+02,1.139834948183347796e-02,1.153339923042027846e-04
8.460000000000000000e+02,1.041987438244124271e-02,1.108544856207984764e-04
8.470000000000000000e+02,1.953054778620600535e-02,1.555722471818963507e-04
8.480000000000000000e+02,4.257264282715817090e-03,6.156410790783614498e-05
8.490000000000000000e+02,7.645797652875383280e-03,8.658826811131975824e-05
8.500000000000000000e+02,6.671153041707972992e-03,8.207939298313080326e-05
8.510000000000000000e+02,1.228928185793260776e-02,1.156919747190144460e-04
8.520000000000000000e+02,5.485503720516959544e-03,7.593982451248321034e-05
8.530000000000000000e+02,1.007938075603296429e-02,1.067526242408958016e-04
8.540000000000000000e+02,9.215018497792383870e-03,1.036101219240908786e-04
8.550000000000000000e+02,1.701708481355259858e-02,1.421476991232757843e-04
8.560000000000000000e+02,4.688047238724926853e-03,6.857248295249968116e-05
8.570000000000000000e+02,8.509236916924517100e-03,9.551675901893635109e-05
8.580000000000000000e+02,7.540283411766091765e-03,9.155788596106348247e-05
8.590000000000000000e+02,1.410091949436813666e-02,1.317779009301450169e-04
8.600000000000000000e+02,6.369089796865979973e-03,8.691002003685128075e-05
8.610000000000000000e+02,1.191607600642989075e-02,1.208054584634624042e-04
8.620000000000000000e+02,1.104278761806587461e-02,1.175252019026655498e-04
8.630000000000000000e+02,2.074830517950157494e-02,1.648817743621737984e-04
8.640000000000000000e+02,4.116639786735177067e-03,6.213178154613024072e-05
8.650000000000000000e+02,7.407799979435900940e-03,8.550092438197851887e-05
8.660000000000000000e+02,6.432537001681824275e-03,8.156874613777041338e-05
8.670000000000000000e+02,1.182092547424137656e-02,1.118974316880346192e-04
8.680000000000000000e+02,5.254568296832342819e-03,7.439202355790511321e-05
8.690000000000000000e+02,9.654866166549425088e-03,1.032463380644494207e-04
8.700000000000000000e+02,8.736744900171955486e-03,9.865403066270660745e-05
8.710000000000000000e+02,1.621967305101454371e-02,1.368431955056833020e-04
8.720000000000000000e+02,4.433469146018226802e-03,6.777833106064503081e-05
8.730000000000000000e+02,8.044351030128698080e-03,9.348191179739950027e-05
8.740000000000000000e+02,7.037794784059127513e-03,8.915746658246286526e-05
8.750000000000000000e+02,1.314761098931233052e-02,1.261782234483048188e-04
8.760000000000000000e+02,6.047166135186950696e-03,8.431774637435301436e-05
8.770000000000000000e+02,1.113360091457764323e-02,1.156058767061781019e-04
8.780000000000000000e+02,1.023388801313936634e-02,1.122941446138427438e-04
8.790000000000000000e+02,1.911720821389307698e-02,1.561679225864197199e-04
8.800000000000000000e+02,4.121084606672326643e-03,6.039835636687475762e-05
8.810000000000000000e+02,7.474809044922391989e-03,8.719693358492270360e-05
8.820000000000000000e+02,6.539302051365375804e-03,8.112831862075190674e-05
8.830000000000000000e+02,1.213707315139472484e-02,1.162312208352959784e-04
8.840000000000000000e+02,5.430206133971611504e-03,7.705468895895910828e-05
8.850000000000000000e+02,1.011060540873557310e-02,1.098268386053512463e-04
8.860000000000000000e+02,9.140553525375823621e-03,1.041513796742494911e-04
8.870000000000000000e+02,1.715919562388211472e-02,1.476952596928447173e-04
8.880000000000000000e+02,4.752911654176811100e-03,7.382642582921446759e-05
8.890000000000000000e+02,8.616571671925485690e-03,1.014762209564202904e-04
8.900000000000000000e+02,7.682545920064051681e-03,9.788644849660253170e-05
8.910000000000000000e+02,1.440432644943396255e-02,1.390080626572278572e-04
8.920000000000000000e+02,6.649109131246805360e-03,9.345561433310328758e-05
8.930000000000000000e+02,1.242191606187572142e-02,1.302602406623970641e-04
8.940000000000000000e+02,1.137585942871868587e-02,1.244671606057020090e-04
8.950000000000000000e+02,2.164103249855339403e-02,1.766919742829819345e-04
8.960000000000000000e+02,4.006380553313841283e-03,5.795843345991130507e-05
8.970000000000000000e+02,7.205510760943095033e-03,8.126440573602569596e-05
8.980000000000000000e+02,6.173964614737778578e-03,7.470104211173489103e-05
8.990000000000000000e+02,1.139408961225301005e-02,1.062324222209555947e-04
9.000000000000000000e+02,5.137129648706565722e-03,7.266195540474778896e-05
9.010000000000000000e+02,9.377807271902759145e-03,1.001559994605841382e-04
9.020000000000000000e+02,8.335236354749649135e-03,9.322951598008789138e-05
9.030000000000000000e+02,1.563191796395927563e-02,1.321452076759226449e-04
9.040000000000000000e+02,4.320954230291148244e-03,6.575987950857499660e-05
9.050000000000000000e+02,7.808630430164436621e-03,9.080261153766591372e-05
9.060000000000000000e+02,6.758017254161337653e-03,8.365273935410478623e-05
9.070000000000000000e+02,1.260549544611324832e-02,1.181017219509480253e-04
9.080000000000000000e+02,5.879928903207183068e-03,8.215735570068967994e-05
9.090000000000000000e+02,1.082646902084350576e-02,1.128970102503893774e-04
9.100000000000000000e+02,9.837377878638605896e-03,1.079580267283488352e-04
9.110000000000000000e+02,1.846256518832097362e-02,1.508479382454480915e-04
9.120000000000000000e+02,3.963206767377753723e-03,6.008689034949326311e-05
9.130000000000000000e+02,7.137202865431705942e-03,8.336661216187686823e-05
9.140000000000000000e+02,6.205411133679250915e-03,7.964885388054318387e-05
9.150000000000000000e+02,1.142970109016945048e-02,1.097596590407455509e-04
9.160000000000000000e+02,5.201086516653498359e-03,7.476290464564498868e-05
9.170000000000000000e+02,9.552023394865294739e-03,1.034510058557347028e-04
9.180000000000000000e+02,8.609563990272581582e-03,9.923189014575091796e-05
9.190000000000000000e+02,1.604570924519250694e-02,1.381048652851840847e-04
9.200000000000000000e+02,4.458971733128031315e-03,7.091684146132010689e-05
9.210000000000000000e+02,8.049872965738176511e-03,9.510497930373701012e-05
9.220000000000000000e+02,7.208691954153279534e-03,9.365637543671158501e-05
9.230000000000000000e+02,1.330798786334693416e-02,1.280066903566505693e-04
9.240000000000000000e+02,6.137036906915406716e-03,8.688080753900068393e-05
9.250000000000000000e+02,1.139369715766360390e-02,1.183069606973761317e-04
9.260000000000000000e+02,1.057682410019139367e-02,1.175959935834025799e-04
9.270000000000000000e+02,1.986832617383450100e-02,1.628061558405663218e-04
9.280000000000000000e+02,3.825757752129186999e-03,5.798976587548753775e-05
9.290000000000000000e+02,6.943420988706251046e-03,8.048504302504641561e-05
9.300000000000000000e+02,5.894910141148915206e-03,7.341722011391437830e-05
9.310000000000000000e+02,1.107425204371412578e-02,1.055882753922679019e-04
9.320000000000000000e+02,4.902534400330235166e-03,6.975884346742545334e-05
9.330000000000000000e+02,9.070229746115704775e-03,9.767011668104329106e-05
9.340000000000000000e+02,8.147337324265389868e-03,9.280012512118830496e-05
9.350000000000000000e+02,1.526483265572537926e-02,1.301598400058011622e-04
9.360000000000000000e+02,4.193225023883084823e-03,6.505121572997556135e-05
9.370000000000000000e+02,7.518911133060852785e-03,8.822717146233436921e-05
9.380000000000000000e+02,6.622984212053318644e-03,8.394011794041673663e-05
9.390000000000000000e+02,1.227255320280790270e-02,1.173042389467215404e-04
9.400000000000000000e+02,5.768495752153297330e-03,8.154044950503193292e-05
9.410000000000000000e+02,1.057736331445475499e-02,1.116256804763406969e-04
9.420000000000000000e+02,9.762722403978308858e-03,1.086411722805888619e-04
9.430000000000000000e+02,1.825817631314198206e-02,1.511139512496720782e-04
9.440000000000000000e+02,3.907287598090867370e-03,5.953049180888182848e-05
9.450000000000000000e+02,6.992041466993590554e-03,8.233722114487715816e-05
9.460000000000000000e+02,6.096431795445581177e-03,7.721101333911293922e-05
9.470000000000000000e+02,1.133785929041604239e-02,1.109974599104734553e-04
9.480000000000000000e+02,5.143043377399444949e-03,7.438224554914090977e-05
9.490000000000000000e+02,9.448309135039648088e-03,1.040360904915266438e-04
9.500000000000000000e+02,8.494002845349410760e-03,9.771987964205546180e-05
9.510000000000000000e+02,1.601441961595167704e-02,1.397697625743226811e-04
9.520000000000000000e+02,4.398021292947232666e-03,6.993848260129446458e-05
9.530000000000000000e+02,7.953791248537600209e-03,9.491688585088544098e-05
9.540000000000000000e+02,7.114793124633530391e-03,9.327944116086841488e-05
9.550000000000000000e+02,1.326033325117081420e-02,1.298100046245490404e-04
9.560000000000000000e+02,6.197277063752213745e-03,9.025541582015102606e-05
9.570000000000000000e+02,1.154772338885813945e-02,1.236118221741086402e-04
9.580000000000000000e+02,1.076372284814715308e-02,1.213460928276879463e-04
9.590000000000000000e+02,2.032198295585811026e-02,1.695642862758873863e-04
9.600000000000000000e+02,3.681730914581566975e-03,5.439895480833858445e-05
9.610000000000000000e+02,6.683274737323324256e-03,7.671154011477812965e-05
9.620000000000000000e+02,5.761319990921765638e-03,7.330376162342243699e-05
9.630000000000000000e+02,1.066383198012908241e-02,1.022879359483893258e-04
9.640000000000000000e+02,4.778597602838029375e-03,6.831061129309798363e-05
9.650000000000000000e+02,8.819582543993989901e-03,9.653338224971331951e-05
9.660000000000000000e+02,7.894819046277552071e-03,9.118010209724197442e-05
9.670000000000000000e+02,1.481958689076205010e-02,1.282351543719765271e-04
9.680000000000000000e+02,4.051723953162630551e-03,6.216785007260732009e-05
9.690000000000000000e+02,7.321182193197309576e-03,8.578397337459278921e-05
9.700000000000000000e+02,6.419917614385485874e-03,8.188846388747551028e-05
9.710000000000000000e+02,1.189088514860719460e-02,1.139186719967945978e-04
9.720000000000000000e+02,5.534813348216314696e-03,7.763313173903742411e-05
9.730000000000000000e+02,1.021482249550521339e-02,1.076116540458368957e-04
9.740000000000000000e+02,9.328254846930504260e-03,1.035506366319615133e-04
9.750000000000000000e+02,1.756813576360543444e-02,1.453735473603236976e-04
9.760000000000000000e+02,3.791412064308921550e-03,6.073069670897588085e-05
9.770000000000000000e+02,6.786481952567895680e-03,8.254012254255888340e-05
9.780000000000000000e+02,5.893803294549385292e-03,7.812472684157531619e-05
9.790000000000000000e+02,1.086272948394219166e-02,1.086165143566181343e-04
9.800000000000000000e+02,4.905231735594570847e-03,7.388706725778994668e-05
9.810000000000000000e+02,8.989433509558438645e-03,1.015367606531436062e-04
9.820000000000000000e+02,8.116686599676807903e-03,9.697389726050131202e-05
9.830000000000000000e+02,1.524746090446909251e-02,1.359876151467154237e-04
9.840000000000000000e+02,4.172198437439898766e-03,6.687372490002529567e-05
9.850000000000000000e+02,7.585519538670777891e-03,9.258051428685036793e-05
9.860000000000000000e+02,6.731239259839058228e-03,8.742104769502791509e-05
9.870000000000000000e+02,1.264312357727438198e-02,1.247570883428097369e-04
9.880000000000000000e+02,5.943189189347128018e-03,8.784112312947146394e-05
9.890000000000000000e+02,1.112522524269918614e-02,1.219167229549462369e-04
9.900000000000000000e+02,1.023586105948934982e-02,1.162014068201429562e-04
9.910000000000000000e+02,1.927459991445144155e-02,1.620940239331322740e-04
9.920000000000000000e+02,3.630706258484473013e-03,5.701057551052034802e-05
9.930000000000000000e+02,6.519067125171422623e-03,7.805088484540656740e-05
9.940000000000000000e+02,5.689088350528229837e-03,7.512419047352622797e-05
9.950000000000000000e+02,1.047682129713396228e-02,1.041408812545204909e-04
9.960000000000000000e+02,4.784030956570059154e-03,7.316937030903357647e-05
9.970000000000000000e+02,8.768184305975834994e-03,9.912487858747949748e-05
9.980000000000000000e+02,7.861380860141167770e-03,9.432202556678780483e-05
9.990000000000000000e+02,1.475502143794049821e-02,1.311532703416133899e-04
1.000000000000000000e+03,3.962547695351143276e-03,6.375256118719294313e-05
1.001000000000000000e+03,7.212066278271376911e-03,8.876236758668197406e-05
1.002000000000000000e+03,6.303501599915325299e-03,8.279177693018355949e-05
1.003000000000000000e+03,1.179614357193311050e-02,1.163382632869093065e-04
1.004000000000000000e+03,5.593636810109018850e-03,8.268463139275724727e-05
1.005000000000000000e+03,1.041837476683159583e-02,1.152001972307514332e-04
1.006000000000000000e+03,9.421994300323227600e-03,1.088629248893383092e-04
1.007000000000000000e+03,1.784284467611461922e-02,1.520798612711697856e-04
1.008000000000000000e+03,3.745188245624303872e-03,5.966673847732492577e-05
1.009000000000000000e+03,6.762294084578752279e-03,8.213732007203943235e-05
1.010000000000000000e+03,5.894896337327857651e-03,7.839927267880754532e-05
1.011000000000000000e+03,1.095175410406043146e-02,1.108574618318173627e-04
1.012000000000000000e+03,5.022207390069961461e-03,7.788527801209605501e-05
1.013000000000000000e+03,9.316404230905076661e-03,1.077890005110515630e-04
1.014000000000000000e+03,8.412908849455415922e-03,1.021477250279528322e-04
1.015000000000000000e+03,1.588547748288760691e-02,1.436645736501425776e-04
1.016000000000000000e+03,4.254030750269690783e-03,7.010470602279853848e-05
1.017000000000000000e+03,7.803379156539837561e-03,9.727069531861507173e-05
1.018000000000000000e+03,6.931637627184391269e-03,9.313399247557606505e-05
1.019000000000000000e+03,1.310580304464946215e-02,1.324393371977181631e-04
1.020000000000000000e+03,6.116456277544300192e-03,9.376838821190091320e-05
1.021000000000000000e+03,1.161453654916336058e-02,1.298272854249733451e-04
1.022000000000000000e+03,1.053812215701987326e-02,1.224449405397545136e-04
1.023000000000000000e+03,2.021109013860424367e-02,1.729407121774070074e-04
