order,group,rank,dim,dpm,floor,cap,verdict,nodes,witness
2,2,1,1,2,1,1,FORCED,2,(1,0,0,0)
3,3,1,1,2,1,1,FORCED,2,(1,0,0,0)
4,2x2,2,2,3,2,2,FORCED,7,(0,1,0,0)(1,0,0,0)
4,4,1,2,3,2,2,FORCED,4,(1,0,0,0)(2,0,0,0)
5,5,1,2,3,2,2,FORCED,4,(1,0,0,0)(2,0,0,0)
6,6,1,2,3,2,2,FORCED,7,(1,0,0,0)(2,0,0,0)
7,7,1,2,3,2,2,FORCED,7,(1,0,0,0)(2,0,0,0)
8,2x2x2,3,3,4,3,3,FORCED,57,(0,0,1,0)(0,1,0,0)(1,0,0,0)
8,2x4,2,3,4,3,3,FORCED,23,(0,1,0,0)(0,2,0,0)(1,0,0,0)
8,8,1,3,4,3,3,FORCED,13,(1,0,0,0)(2,0,0,0)(4,0,0,0)
9,3x3,2,2,3,2,3,FLOOR,11,(0,1,0,0)(1,0,0,0)
9,9,1,3,4,3,3,FORCED,12,(1,0,0,0)(2,0,0,0)(4,0,0,0)
10,10,1,3,4,3,3,FORCED,22,(1,0,0,0)(2,0,0,0)(4,0,0,0)
11,11,1,3,4,3,3,FORCED,21,(1,0,0,0)(2,0,0,0)(4,0,0,0)
12,12,1,3,4,3,3,FORCED,35,(1,0,0,0)(2,0,0,0)(4,0,0,0)
12,2x6,2,3,4,3,3,FORCED,56,(0,1,0,0)(0,2,0,0)(1,0,0,0)
13,13,1,3,4,3,3,FORCED,34,(1,0,0,0)(2,0,0,0)(4,0,0,0)
14,14,1,3,4,3,3,FORCED,54,(1,0,0,0)(2,0,0,0)(4,0,0,0)
15,15,1,3,4,3,3,FORCED,52,(1,0,0,0)(2,0,0,0)(4,0,0,0)
16,16,1,4,5,4,4,FORCED,87,(1,0,0,0)(2,0,0,0)(4,0,0,0)(8,0,0,0)
16,2x2x2x2,4,4,5,4,4,FORCED,1381,(0,0,0,1)(0,0,1,0)(0,1,0,0)(1,0,0,0)
16,2x2x4,3,4,5,4,4,FORCED,365,(0,0,1,0)(0,0,2,0)(0,1,0,0)(1,0,0,0)
16,2x8,2,4,5,4,4,FORCED,147,(0,1,0,0)(0,2,0,0)(0,4,0,0)(1,0,0,0)
16,4x4,2,4,5,4,4,FORCED,163,(0,1,0,0)(0,2,0,0)(1,0,0,0)(2,0,0,0)
17,17,1,4,5,4,4,FORCED,79,(1,0,0,0)(2,0,0,0)(4,0,0,0)(8,0,0,0)
18,18,1,4,5,4,4,FORCED,123,(1,0,0,0)(2,0,0,0)(4,0,0,0)(8,0,0,0)
18,3x6,2,4,5,3,4,CAP,111,(0,1,0,0)(1,1,0,0)(1,3,0,0)(1,5,0,0)
19,19,1,4,5,4,4,FORCED,118,(1,0,0,0)(2,0,0,0)(4,0,0,0)(8,0,0,0)
20,20,1,4,5,4,4,FORCED,198,(1,0,0,0)(2,0,0,0)(4,0,0,0)(8,0,0,0)
20,2x10,2,4,5,4,4,FORCED,315,(0,1,0,0)(0,2,0,0)(0,4,0,0)(1,0,0,0)
21,21,1,4,5,4,4,FORCED,167,(1,0,0,0)(2,0,0,0)(4,0,0,0)(8,0,0,0)
22,22,1,4,5,4,4,FORCED,277,(1,0,0,0)(2,0,0,0)(4,0,0,0)(8,0,0,0)
23,23,1,4,5,4,4,FORCED,254,(1,0,0,0)(2,0,0,0)(4,0,0,0)(8,0,0,0)
24,24,1,4,5,4,4,FORCED,392,(1,0,0,0)(2,0,0,0)(4,0,0,0)(8,0,0,0)
24,2x12,2,4,5,4,4,FORCED,628,(0,1,0,0)(0,2,0,0)(0,4,0,0)(1,0,0,0)
24,2x2x6,3,4,5,4,4,FORCED,1290,(0,0,1,0)(0,0,2,0)(0,1,0,0)(1,0,0,0)
25,25,1,4,5,4,4,FORCED,369,(1,0,0,0)(2,0,0,0)(4,0,0,0)(8,0,0,0)
25,5x5,2,4,5,4,4,FORCED,394,(0,1,0,0)(0,2,0,0)(1,0,0,0)(2,0,0,0)
26,26,1,4,5,4,4,FORCED,556,(1,0,0,0)(2,0,0,0)(4,0,0,0)(8,0,0,0)
27,27,1,4,5,4,4,FORCED,498,(1,0,0,0)(2,0,0,0)(4,0,0,0)(8,0,0,0)
27,3x3x3,3,3,4,3,4,FLOOR,326,(0,0,1,0)(0,1,0,0)(1,0,0,0)
27,3x9,2,4,5,4,4,FORCED,455,(0,1,0,0)(0,2,0,0)(0,4,0,0)(1,0,0,0)
28,28,1,4,5,4,4,FORCED,769,(1,0,0,0)(2,0,0,0)(4,0,0,0)(8,0,0,0)
28,2x14,2,4,5,4,4,FORCED,1144,(0,1,0,0)(0,2,0,0)(0,4,0,0)(1,0,0,0)
29,29,1,4,5,4,4,FORCED,708,(1,0,0,0)(2,0,0,0)(4,0,0,0)(8,0,0,0)
30,30,1,4,5,4,4,FORCED,1023,(1,0,0,0)(2,0,0,0)(4,0,0,0)(8,0,0,0)
31,31,1,4,5,4,4,FORCED,961,(1,0,0,0)(2,0,0,0)(4,0,0,0)(8,0,0,0)
32,2x16,2,5,6,5,5,FORCED,2251,(0,1,0,0)(0,2,0,0)(0,4,0,0)(0,8,0,0)(1,0,0,0)
32,2x2x2x4,4,5,6,5,5,FORCED,19149,(0,0,0,1)(0,0,0,2)(0,0,1,0)(0,1,0,0)(1,0,0,0)
32,2x2x8,3,5,6,5,5,FORCED,5097,(0,0,1,0)(0,0,2,0)(0,0,4,0)(0,1,0,0)(1,0,0,0)
32,2x4x4,3,5,6,5,5,FORCED,6053,(0,0,1,0)(0,0,2,0)(0,1,0,0)(0,2,0,0)(1,0,0,0)
32,32,1,5,6,5,5,FORCED,1435,(1,0,0,0)(2,0,0,0)(4,0,0,0)(8,0,0,0)(16,0,0,0)
32,4x8,2,5,6,5,5,FORCED,2539,(0,1,0,0)(0,2,0,0)(0,4,0,0)(1,0,0,0)(2,0,0,0)
33,33,1,5,6,5,5,FORCED,1264,(1,0,0,0)(2,0,0,0)(4,0,0,0)(8,0,0,0)(16,0,0,0)
34,34,1,5,6,5,5,FORCED,1834,(1,0,0,0)(2,0,0,0)(4,0,0,0)(8,0,0,0)(16,0,0,0)
35,35,1,5,6,5,5,FORCED,1704,(1,0,0,0)(2,0,0,0)(4,0,0,0)(8,0,0,0)(16,0,0,0)
36,2x18,2,5,6,5,5,FORCED,3579,(0,1,0,0)(0,2,0,0)(0,4,0,0)(0,8,0,0)(1,0,0,0)
36,36,1,5,6,5,5,FORCED,2454,(1,0,0,0)(2,0,0,0)(4,0,0,0)(8,0,0,0)(16,0,0,0)
36,3x12,2,5,6,4,5,CAP,2250,(0,1,0,0)(0,2,0,0)(1,2,0,0)(1,6,0,0)(1,10,0,0)
36,6x6,2,5,6,4,5,CAP,3188,(0,1,0,0)(1,0,0,0)(1,2,0,0)(1,4,0,0)(3,2,0,0)
37,37,1,5,6,5,5,FORCED,2233,(1,0,0,0)(2,0,0,0)(4,0,0,0)(8,0,0,0)(16,0,0,0)
38,38,1,5,6,5,5,FORCED,3164,(1,0,0,0)(2,0,0,0)(4,0,0,0)(8,0,0,0)(16,0,0,0)
39,39,1,5,6,5,5,FORCED,2852,(1,0,0,0)(2,0,0,0)(4,0,0,0)(8,0,0,0)(16,0,0,0)
40,2x20,2,5,6,5,5,FORCED,6851,(0,1,0,0)(0,2,0,0)(0,4,0,0)(0,8,0,0)(1,0,0,0)
40,2x2x10,3,5,6,5,5,FORCED,13885,(0,0,1,0)(0,0,2,0)(0,0,4,0)(0,1,0,0)(1,0,0,0)
40,40,1,5,6,5,5,FORCED,4351,(1,0,0,0)(2,0,0,0)(4,0,0,0)(8,0,0,0)(16,0,0,0)
41,41,1,5,6,5,5,FORCED,3746,(1,0,0,0)(2,0,0,0)(4,0,0,0)(8,0,0,0)(16,0,0,0)
42,42,1,5,6,5,5,FORCED,5104,(1,0,0,0)(2,0,0,0)(4,0,0,0)(8,0,0,0)(16,0,0,0)
43,43,1,5,6,5,5,FORCED,4810,(1,0,0,0)(2,0,0,0)(4,0,0,0)(8,0,0,0)(16,0,0,0)
44,2x22,2,5,6,5,5,FORCED,10552,(0,1,0,0)(0,2,0,0)(0,4,0,0)(0,8,0,0)(1,0,0,0)
44,44,1,5,6,5,5,FORCED,7131,(1,0,0,0)(2,0,0,0)(4,0,0,0)(8,0,0,0)(16,0,0,0)
45,3x15,2,5,6,4,5,CAP,5624,(0,1,0,0)(0,2,0,0)(1,1,0,0)(1,6,0,0)(1,12,0,0)
45,45,1,5,6,5,5,FORCED,6084,(1,0,0,0)(2,0,0,0)(4,0,0,0)(8,0,0,0)(16,0,0,0)
46,46,1,5,6,5,5,FORCED,8747,(1,0,0,0)(2,0,0,0)(4,0,0,0)(8,0,0,0)(16,0,0,0)
47,47,1,5,6,5,5,FORCED,7821,(1,0,0,0)(2,0,0,0)(4,0,0,0)(8,0,0,0)(16,0,0,0)
48,2x24,2,5,6,5,5,FORCED,17156,(0,1,0,0)(0,2,0,0)(0,4,0,0)(0,8,0,0)(1,0,0,0)
48,2x2x12,3,5,6,5,5,FORCED,35182,(0,0,1,0)(0,0,2,0)(0,0,4,0)(0,1,0,0)(1,0,0,0)
48,48,1,5,6,5,5,FORCED,11138,(1,0,0,0)(2,0,0,0)(4,0,0,0)(8,0,0,0)(16,0,0,0)
48,4x12,2,5,6,5,5,FORCED,18860,(0,1,0,0)(0,2,0,0)(0,4,0,0)(1,0,0,0)(2,0,0,0)
49,49,1,5,6,5,5,FORCED,9793,(1,0,0,0)(2,0,0,0)(4,0,0,0)(8,0,0,0)(16,0,0,0)
49,7x7,2,5,6,4,5,CAP,8995,(0,1,0,0)(1,0,0,0)(1,2,0,0)(1,4,0,0)(3,1,0,0)
50,50,1,5,6,5,5,FORCED,14222,(1,0,0,0)(2,0,0,0)(4,0,0,0)(8,0,0,0)(16,0,0,0)
50,5x10,2,5,6,5,5,FORCED,15162,(0,1,0,0)(0,2,0,0)(0,4,0,0)(1,0,0,0)(2,0,0,0)
51,51,1,5,6,5,5,FORCED,12142,(1,0,0,0)(2,0,0,0)(4,0,0,0)(8,0,0,0)(16,0,0,0)
52,2x26,2,5,6,5,5,FORCED,26497,(0,1,0,0)(0,2,0,0)(0,4,0,0)(0,8,0,0)(1,0,0,0)
52,52,1,5,6,5,5,FORCED,18142,(1,0,0,0)(2,0,0,0)(4,0,0,0)(8,0,0,0)(16,0,0,0)
53,53,1,5,6,5,5,FORCED,15679,(1,0,0,0)(2,0,0,0)(4,0,0,0)(8,0,0,0)(16,0,0,0)
54,3x18,2,5,6,5,5,FORCED,19665,(0,1,0,0)(0,2,0,0)(0,4,0,0)(0,8,0,0)(1,0,0,0)
54,3x3x6,3,5,6,4,5,CAP,14562,(0,0,1,0)(0,1,0,0)(1,0,1,0)(1,0,3,0)(1,0,5,0)
54,54,1,5,6,5,5,FORCED,21402,(1,0,0,0)(2,0,0,0)(4,0,0,0)(8,0,0,0)(16,0,0,0)
55,55,1,5,6,5,5,FORCED,19874,(1,0,0,0)(2,0,0,0)(4,0,0,0)(8,0,0,0)(16,0,0,0)
56,2x28,2,5,6,5,5,FORCED,41202,(0,1,0,0)(0,2,0,0)(0,4,0,0)(0,8,0,0)(1,0,0,0)
56,2x2x14,3,5,6,5,5,FORCED,75292,(0,0,1,0)(0,0,2,0)(0,0,4,0)(0,1,0,0)(1,0,0,0)
56,56,1,5,6,5,5,FORCED,27588,(1,0,0,0)(2,0,0,0)(4,0,0,0)(8,0,0,0)(16,0,0,0)
57,57,1,5,6,5,5,FORCED,23690,(1,0,0,0)(2,0,0,0)(4,0,0,0)(8,0,0,0)(16,0,0,0)
58,58,1,5,6,5,5,FORCED,33630,(1,0,0,0)(2,0,0,0)(4,0,0,0)(8,0,0,0)(16,0,0,0)
59,59,1,5,6,5,5,FORCED,30074,(1,0,0,0)(2,0,0,0)(4,0,0,0)(8,0,0,0)(16,0,0,0)
60,2x30,2,5,6,5,5,FORCED,59060,(0,1,0,0)(0,2,0,0)(0,4,0,0)(0,8,0,0)(1,0,0,0)
60,60,1,5,6,5,5,FORCED,41541,(1,0,0,0)(2,0,0,0)(4,0,0,0)(8,0,0,0)(16,0,0,0)
61,61,1,5,6,5,5,FORCED,36976,(1,0,0,0)(2,0,0,0)(4,0,0,0)(8,0,0,0)(16,0,0,0)
62,62,1,5,6,5,5,FORCED,50260,(1,0,0,0)(2,0,0,0)(4,0,0,0)(8,0,0,0)(16,0,0,0)
63,3x21,2,5,6,5,5,FORCED,40817,(0,1,0,0)(0,2,0,0)(0,4,0,0)(0,8,0,0)(1,0,0,0)
63,63,1,5,6,5,5,FORCED,43878,(1,0,0,0)(2,0,0,0)(4,0,0,0)(8,0,0,0)(16,0,0,0)
64,2x2x16,3,6,7,6,6,FORCED,184041,(0,0,1,0)(0,0,2,0)(0,0,4,0)(0,0,8,0)(0,1,0,0)(1,0,0,0)
64,2x32,2,6,7,6,6,FORCED,92299,(0,1,0,0)(0,2,0,0)(0,4,0,0)(0,8,0,0)(0,16,0,0)(1,0,0,0)
64,2x4x8,3,6,7,6,6,FORCED,223005,(0,0,1,0)(0,0,2,0)(0,0,4,0)(0,1,0,0)(0,2,0,0)(1,0,0,0)
64,4x16,2,6,7,6,6,FORCED,101819,(0,1,0,0)(0,2,0,0)(0,4,0,0)(0,8,0,0)(1,0,0,0)(2,0,0,0)
64,4x4x4,3,6,7,6,6,FORCED,293973,(0,0,1,0)(0,0,2,0)(0,1,0,0)(0,2,0,0)(1,0,0,0)(2,0,0,0)
64,64,1,6,7,6,6,FORCED,62563,(1,0,0,0)(2,0,0,0)(4,0,0,0)(8,0,0,0)(16,0,0,0)(32,0,0,0)
64,8x8,2,6,7,6,6,FORCED,105691,(0,1,0,0)(0,2,0,0)(0,4,0,0)(1,0,0,0)(2,0,0,0)(4,0,0,0)
65,65,1,6,7,6,6,FORCED,55614,(1,0,0,0)(2,0,0,0)(4,0,0,0)(8,0,0,0)(16,0,0,0)(32,0,0,0)
66,66,1,6,7,6,6,FORCED,72372,(1,0,0,0)(2,0,0,0)(4,0,0,0)(8,0,0,0)(16,0,0,0)(32,0,0,0)
67,67,1,6,7,6,6,FORCED,66595,(1,0,0,0)(2,0,0,0)(4,0,0,0)(8,0,0,0)(16,0,0,0)(32,0,0,0)
68,2x34,2,6,7,6,6,FORCED,125375,(0,1,0,0)(0,2,0,0)(0,4,0,0)(0,8,0,0)(0,16,0,0)(1,0,0,0)
68,68,1,6,7,6,6,FORCED,90316,(1,0,0,0)(2,0,0,0)(4,0,0,0)(8,0,0,0)(16,0,0,0)(32,0,0,0)
69,69,1,6,7,6,6,FORCED,78685,(1,0,0,0)(2,0,0,0)(4,0,0,0)(8,0,0,0)(16,0,0,0)(32,0,0,0)
70,70,1,6,7,6,6,FORCED,106200,(1,0,0,0)(2,0,0,0)(4,0,0,0)(8,0,0,0)(16,0,0,0)(32,0,0,0)
71,71,1,6,7,6,6,FORCED,96216,(1,0,0,0)(2,0,0,0)(4,0,0,0)(8,0,0,0)(16,0,0,0)(32,0,0,0)
72,2x2x18,3,6,7,6,6,FORCED,325463,(0,0,1,0)(0,0,2,0)(0,0,4,0)(0,0,8,0)(0,1,0,0)(1,0,0,0)
72,2x36,2,6,7,6,6,FORCED,184160,(0,1,0,0)(0,2,0,0)(0,4,0,0)(0,8,0,0)(0,16,0,0)(1,0,0,0)
72,2x6x6,3,6,7,5,6,CAP,287270,(0,0,1,0)(0,1,0,0)(0,1,2,0)(0,1,4,0)(0,3,2,0)(1,0,0,0)
72,3x24,2,6,7,5,6,CAP,119695,(0,1,0,0)(0,2,0,0)(0,4,0,0)(1,3,0,0)(1,11,0,0)(1,19,0,0)
72,6x12,2,6,7,5,6,CAP,169047,(0,1,0,0)(0,2,0,0)(1,0,0,0)(1,4,0,0)(1,8,0,0)(3,4,0,0)
72,72,1,6,7,6,6,FORCED,128091,(1,0,0,0)(2,0,0,0)(4,0,0,0)(8,0,0,0)(16,0,0,0)(32,0,0,0)
73,73,1,6,7,6,6,FORCED,114904,(1,0,0,0)(2,0,0,0)(4,0,0,0)(8,0,0,0)(16,0,0,0)(32,0,0,0)
74,74,1,6,7,6,6,FORCED,150515,(1,0,0,0)(2,0,0,0)(4,0,0,0)(8,0,0,0)(16,0,0,0)(32,0,0,0)
75,5x15,2,5,6,5,6,FLOOR,139052,(0,1,0,0)(0,2,0,0)(0,4,0,0)(1,0,0,0)(2,0,0,0)
75,75,1,6,7,6,6,FORCED,135102,(1,0,0,0)(2,0,0,0)(4,0,0,0)(8,0,0,0)(16,0,0,0)(32,0,0,0)
76,2x38,2,6,7,6,6,FORCED,250702,(0,1,0,0)(0,2,0,0)(0,4,0,0)(0,8,0,0)(0,16,0,0)(1,0,0,0)
76,76,1,6,7,6,6,FORCED,182593,(1,0,0,0)(2,0,0,0)(4,0,0,0)(8,0,0,0)(16,0,0,0)(32,0,0,0)
77,77,1,6,7,6,6,FORCED,161219,(1,0,0,0)(2,0,0,0)(4,0,0,0)(8,0,0,0)(16,0,0,0)(32,0,0,0)
78,78,1,6,7,6,6,FORCED,207073,(1,0,0,0)(2,0,0,0)(4,0,0,0)(8,0,0,0)(16,0,0,0)(32,0,0,0)
79,79,1,6,7,6,6,FORCED,190984,(1,0,0,0)(2,0,0,0)(4,0,0,0)(8,0,0,0)(16,0,0,0)(32,0,0,0)
80,2x2x20,3,6,7,6,6,FORCED,747033,(0,0,1,0)(0,0,2,0)(0,0,4,0)(0,0,8,0)(0,1,0,0)(1,0,0,0)
80,2x40,2,6,7,6,6,FORCED,378079,(0,1,0,0)(0,2,0,0)(0,4,0,0)(0,8,0,0)(0,16,0,0)(1,0,0,0)
80,4x20,2,6,7,6,6,FORCED,416391,(0,1,0,0)(0,2,0,0)(0,4,0,0)(0,8,0,0)(1,0,0,0)(2,0,0,0)
80,80,1,6,7,6,6,FORCED,258289,(1,0,0,0)(2,0,0,0)(4,0,0,0)(8,0,0,0)(16,0,0,0)(32,0,0,0)
81,3x27,2,6,7,5,6,CAP,211595,(0,1,0,0)(0,2,0,0)(0,4,0,0)(1,2,0,0)(1,12,0,0)(1,21,0,0)
81,3x3x3x3,4,4,5,4,6,FLOOR,73361,(0,0,0,1)(0,0,1,0)(0,1,0,0)(1,0,0,0)
81,3x3x9,3,5,6,5,6,FLOOR,178400,(0,0,1,0)(0,0,2,0)(0,0,4,0)(0,1,0,0)(1,0,0,0)
81,81,1,6,7,6,6,FORCED,221601,(1,0,0,0)(2,0,0,0)(4,0,0,0)(8,0,0,0)(16,0,0,0)(32,0,0,0)
81,9x9,2,6,7,6,6,FORCED,215438,(0,1,0,0)(0,2,0,0)(0,4,0,0)(1,0,0,0)(2,0,0,0)(4,0,0,0)
82,82,1,6,7,6,6,FORCED,290766,(1,0,0,0)(2,0,0,0)(4,0,0,0)(8,0,0,0)(16,0,0,0)(32,0,0,0)
83,83,1,6,7,6,6,FORCED,263426,(1,0,0,0)(2,0,0,0)(4,0,0,0)(8,0,0,0)(16,0,0,0)(32,0,0,0)
84,2x42,2,6,7,6,6,FORCED,462458,(0,1,0,0)(0,2,0,0)(0,4,0,0)(0,8,0,0)(0,16,0,0)(1,0,0,0)
84,84,1,6,7,6,6,FORCED,340736,(1,0,0,0)(2,0,0,0)(4,0,0,0)(8,0,0,0)(16,0,0,0)(32,0,0,0)
85,85,1,6,7,6,6,FORCED,309124,(1,0,0,0)(2,0,0,0)(4,0,0,0)(8,0,0,0)(16,0,0,0)(32,0,0,0)
86,86,1,6,7,6,6,FORCED,397728,(1,0,0,0)(2,0,0,0)(4,0,0,0)(8,0,0,0)(16,0,0,0)(32,0,0,0)
87,87,1,6,7,6,6,FORCED,353852,(1,0,0,0)(2,0,0,0)(4,0,0,0)(8,0,0,0)(16,0,0,0)(32,0,0,0)
88,2x2x22,3,6,7,6,6,FORCED,1254582,(0,0,1,0)(0,0,2,0)(0,0,4,0)(0,0,8,0)(0,1,0,0)(1,0,0,0)
88,2x44,2,6,7,6,6,FORCED,698864,(0,1,0,0)(0,2,0,0)(0,4,0,0)(0,8,0,0)(0,16,0,0)(1,0,0,0)
88,88,1,6,7,6,6,FORCED,482392,(1,0,0,0)(2,0,0,0)(4,0,0,0)(8,0,0,0)(16,0,0,0)(32,0,0,0)
89,89,1,6,7,6,6,FORCED,417770,(1,0,0,0)(2,0,0,0)(4,0,0,0)(8,0,0,0)(16,0,0,0)(32,0,0,0)
90,3x30,2,6,7,5,6,CAP,500667,(0,1,0,0)(0,2,0,0)(0,4,0,0)(1,1,0,0)(1,14,0,0)(1,23,0,0)
90,90,1,6,7,6,6,FORCED,534713,(1,0,0,0)(2,0,0,0)(4,0,0,0)(8,0,0,0)(16,0,0,0)(32,0,0,0)
91,91,1,6,7,6,6,FORCED,482398,(1,0,0,0)(2,0,0,0)(4,0,0,0)(8,0,0,0)(16,0,0,0)(32,0,0,0)
92,2x46,2,6,7,6,6,FORCED,890545,(0,1,0,0)(0,2,0,0)(0,4,0,0)(0,8,0,0)(0,16,0,0)(1,0,0,0)
92,92,1,6,7,6,6,FORCED,646936,(1,0,0,0)(2,0,0,0)(4,0,0,0)(8,0,0,0)(16,0,0,0)(32,0,0,0)
93,93,1,6,7,6,6,FORCED,552983,(1,0,0,0)(2,0,0,0)(4,0,0,0)(8,0,0,0)(16,0,0,0)(32,0,0,0)
94,94,1,6,7,6,6,FORCED,725399,(1,0,0,0)(2,0,0,0)(4,0,0,0)(8,0,0,0)(16,0,0,0)(32,0,0,0)
95,95,1,6,7,6,6,FORCED,652504,(1,0,0,0)(2,0,0,0)(4,0,0,0)(8,0,0,0)(16,0,0,0)(32,0,0,0)
96,2x2x24,3,6,7,6,6,FORCED,2359602,(0,0,1,0)(0,0,2,0)(0,0,4,0)(0,0,8,0)(0,1,0,0)(1,0,0,0)
96,2x48,2,6,7,6,6,FORCED,1231060,(0,1,0,0)(0,2,0,0)(0,4,0,0)(0,8,0,0)(0,16,0,0)(1,0,0,0)
96,2x4x12,3,6,7,6,6,FORCED,2715222,(0,0,1,0)(0,0,2,0)(0,0,4,0)(0,1,0,0)(0,2,0,0)(1,0,0,0)
96,4x24,2,6,7,6,6,FORCED,1369196,(0,1,0,0)(0,2,0,0)(0,4,0,0)(0,8,0,0)(1,0,0,0)(2,0,0,0)
96,96,1,6,7,6,6,FORCED,851198,(1,0,0,0)(2,0,0,0)(4,0,0,0)(8,0,0,0)(16,0,0,0)(32,0,0,0)
97,97,1,6,7,6,6,FORCED,749365,(1,0,0,0)(2,0,0,0)(4,0,0,0)(8,0,0,0)(16,0,0,0)(32,0,0,0)
98,7x14,2,6,7,5,6,CAP,899134,(0,1,0,0)(0,2,0,0)(1,0,0,0)(1,4,0,0)(1,8,0,0)(3,2,0,0)
98,98,1,6,7,6,6,FORCED,960202,(1,0,0,0)(2,0,0,0)(4,0,0,0)(8,0,0,0)(16,0,0,0)(32,0,0,0)
99,3x33,2,6,7,6,6,FORCED,809643,(0,1,0,0)(0,2,0,0)(0,4,0,0)(0,8,0,0)(0,16,0,0)(1,0,0,0)
99,99,1,6,7,6,6,FORCED,854062,(1,0,0,0)(2,0,0,0)(4,0,0,0)(8,0,0,0)(16,0,0,0)(32,0,0,0)
100,100,1,6,7,6,6,FORCED,1164528,(1,0,0,0)(2,0,0,0)(4,0,0,0)(8,0,0,0)(16,0,0,0)(32,0,0,0)
100,10x10,2,6,7,6,6,FORCED,1722535,(0,1,0,0)(0,2,0,0)(0,4,0,0)(1,0,0,0)(2,0,0,0)(4,0,0,0)
100,2x50,2,6,7,6,6,FORCED,1616425,(0,1,0,0)(0,2,0,0)(0,4,0,0)(0,8,0,0)(0,16,0,0)(1,0,0,0)
100,5x20,2,6,7,6,6,FORCED,1215168,(0,1,0,0)(0,2,0,0)(0,4,0,0)(0,8,0,0)(1,0,0,0)(2,0,0,0)
101,101,1,6,7,6,6,FORCED,993251,(1,0,0,0)(2,0,0,0)(4,0,0,0)(8,0,0,0)(16,0,0,0)(32,0,0,0)
102,102,1,6,7,6,6,FORCED,1256823,(1,0,0,0)(2,0,0,0)(4,0,0,0)(8,0,0,0)(16,0,0,0)(32,0,0,0)
103,103,1,6,7,6,6,FORCED,1140973,(1,0,0,0)(2,0,0,0)(4,0,0,0)(8,0,0,0)(16,0,0,0)(32,0,0,0)
104,104,1,6,7,6,6,FORCED,1529619,(1,0,0,0)(2,0,0,0)(4,0,0,0)(8,0,0,0)(16,0,0,0)(32,0,0,0)
104,2x2x26,3,6,7,6,6,FORCED,3924227,(0,0,1,0)(0,0,2,0)(0,0,4,0)(0,0,8,0)(0,1,0,0)(1,0,0,0)
104,2x52,2,6,7,6,6,FORCED,2219433,(0,1,0,0)(0,2,0,0)(0,4,0,0)(0,8,0,0)(0,16,0,0)(1,0,0,0)
105,105,1,6,7,6,6,FORCED,1284976,(1,0,0,0)(2,0,0,0)(4,0,0,0)(8,0,0,0)(16,0,0,0)(32,0,0,0)
106,106,1,6,7,6,6,FORCED,1695540,(1,0,0,0)(2,0,0,0)(4,0,0,0)(8,0,0,0)(16,0,0,0)(32,0,0,0)
107,107,1,6,7,6,6,FORCED,1499424,(1,0,0,0)(2,0,0,0)(4,0,0,0)(8,0,0,0)(16,0,0,0)(32,0,0,0)
108,108,1,6,7,6,6,FORCED,1966329,(1,0,0,0)(2,0,0,0)(4,0,0,0)(8,0,0,0)(16,0,0,0)(32,0,0,0)
108,2x54,2,6,7,6,6,FORCED,2704362,(0,1,0,0)(0,2,0,0)(0,4,0,0)(0,8,0,0)(0,16,0,0)(1,0,0,0)
108,3x36,2,6,7,6,6,FORCED,1854327,(0,1,0,0)(0,2,0,0)(0,4,0,0)(0,8,0,0)(0,16,0,0)(1,0,0,0)
108,3x3x12,3,6,7,5,6,CAP,1502661,(0,0,1,0)(0,0,2,0)(0,1,0,0)(1,0,2,0)(1,0,6,0)(1,0,10,0)
108,3x6x6,3,6,7,5,6,CAP,1951229,(0,0,1,0)(0,0,2,0)(0,1,0,0)(1,1,0,0)(1,3,0,0)(1,5,0,0)
108,6x18,2,6,7,6,6,FORCED,2508161,(0,1,0,0)(0,2,0,0)(0,4,0,0)(0,8,0,0)(1,0,0,0)(2,0,0,0)
109,109,1,6,7,6,6,FORCED,1715527,(1,0,0,0)(2,0,0,0)(4,0,0,0)(8,0,0,0)(16,0,0,0)(32,0,0,0)
110,110,1,6,7,6,6,FORCED,2248749,(1,0,0,0)(2,0,0,0)(4,0,0,0)(8,0,0,0)(16,0,0,0)(32,0,0,0)
111,111,1,6,7,6,6,FORCED,1926848,(1,0,0,0)(2,0,0,0)(4,0,0,0)(8,0,0,0)(16,0,0,0)(32,0,0,0)
112,112,1,6,7,6,6,FORCED,2590694,(1,0,0,0)(2,0,0,0)(4,0,0,0)(8,0,0,0)(16,0,0,0)(32,0,0,0)
112,2x2x28,3,6,7,6,6,FORCED,6883220,(0,0,1,0)(0,0,2,0)(0,0,4,0)(0,0,8,0)(0,1,0,0)(1,0,0,0)
112,2x56,2,6,7,6,6,FORCED,3738646,(0,1,0,0)(0,2,0,0)(0,4,0,0)(0,8,0,0)(0,16,0,0)(1,0,0,0)
112,4x28,2,6,7,6,6,FORCED,4058986,(0,1,0,0)(0,2,0,0)(0,4,0,0)(0,8,0,0)(1,0,0,0)(2,0,0,0)
113,113,1,6,7,6,6,FORCED,2237187,(1,0,0,0)(2,0,0,0)(4,0,0,0)(8,0,0,0)(16,0,0,0)(32,0,0,0)
114,114,1,6,7,6,6,FORCED,2833882,(1,0,0,0)(2,0,0,0)(4,0,0,0)(8,0,0,0)(16,0,0,0)(32,0,0,0)
115,115,1,6,7,6,6,FORCED,2567954,(1,0,0,0)(2,0,0,0)(4,0,0,0)(8,0,0,0)(16,0,0,0)(32,0,0,0)
116,116,1,6,7,6,6,FORCED,3389040,(1,0,0,0)(2,0,0,0)(4,0,0,0)(8,0,0,0)(16,0,0,0)(32,0,0,0)
116,2x58,2,6,7,6,6,FORCED,4673697,(0,1,0,0)(0,2,0,0)(0,4,0,0)(0,8,0,0)(0,16,0,0)(1,0,0,0)
117,117,1,6,7,6,6,FORCED,2862150,(1,0,0,0)(2,0,0,0)(4,0,0,0)(8,0,0,0)(16,0,0,0)(32,0,0,0)
117,3x39,2,6,7,6,6,FORCED,2707034,(0,1,0,0)(0,2,0,0)(0,4,0,0)(0,8,0,0)(0,16,0,0)(1,0,0,0)
118,118,1,6,7,6,6,FORCED,3750688,(1,0,0,0)(2,0,0,0)(4,0,0,0)(8,0,0,0)(16,0,0,0)(32,0,0,0)
119,119,1,6,7,6,6,FORCED,3272713,(1,0,0,0)(2,0,0,0)(4,0,0,0)(8,0,0,0)(16,0,0,0)(32,0,0,0)
120,120,1,6,7,6,6,FORCED,4318574,(1,0,0,0)(2,0,0,0)(4,0,0,0)(8,0,0,0)(16,0,0,0)(32,0,0,0)
120,2x2x30,3,6,7,6,6,FORCED,10559734,(0,0,1,0)(0,0,2,0)(0,0,4,0)(0,0,8,0)(0,1,0,0)(1,0,0,0)
120,2x60,2,6,7,6,6,FORCED,6171856,(0,1,0,0)(0,2,0,0)(0,4,0,0)(0,8,0,0)(0,16,0,0)(1,0,0,0)
121,11x11,2,6,7,6,6,FORCED,3859426,(0,1,0,0)(0,2,0,0)(0,4,0,0)(1,0,0,0)(2,0,0,0)(4,0,0,0)
121,121,1,6,7,6,6,FORCED,3757676,(1,0,0,0)(2,0,0,0)(4,0,0,0)(8,0,0,0)(16,0,0,0)(32,0,0,0)
122,122,1,6,7,6,6,FORCED,4829703,(1,0,0,0)(2,0,0,0)(4,0,0,0)(8,0,0,0)(16,0,0,0)(32,0,0,0)
123,123,1,6,7,6,6,FORCED,4177340,(1,0,0,0)(2,0,0,0)(4,0,0,0)(8,0,0,0)(16,0,0,0)(32,0,0,0)
124,124,1,6,7,6,6,FORCED,5597562,(1,0,0,0)(2,0,0,0)(4,0,0,0)(8,0,0,0)(16,0,0,0)(32,0,0,0)
124,2x62,2,6,7,6,6,FORCED,7665019,(0,1,0,0)(0,2,0,0)(0,4,0,0)(0,8,0,0)(0,16,0,0)(1,0,0,0)
125,125,1,6,7,6,6,FORCED,4849469,(1,0,0,0)(2,0,0,0)(4,0,0,0)(8,0,0,0)(16,0,0,0)(32,0,0,0)
125,5x25,2,6,7,6,6,FORCED,5015644,(0,1,0,0)(0,2,0,0)(0,4,0,0)(0,8,0,0)(1,0,0,0)(2,0,0,0)
125,5x5x5,3,6,7,6,6,FORCED,5789344,(0,0,1,0)(0,0,2,0)(0,1,0,0)(0,2,0,0)(1,0,0,0)(2,0,0,0)
126,126,1,6,7,6,6,FORCED,6033765,(1,0,0,0)(2,0,0,0)(4,0,0,0)(8,0,0,0)(16,0,0,0)(32,0,0,0)
126,3x42,2,6,7,6,6,FORCED,5685705,(0,1,0,0)(0,2,0,0)(0,4,0,0)(0,8,0,0)(0,16,0,0)(1,0,0,0)
127,127,1,6,7,6,6,FORCED,5448052,(1,0,0,0)(2,0,0,0)(4,0,0,0)(8,0,0,0)(16,0,0,0)(32,0,0,0)
128,128,1,7,8,7,7,FORCED,7147395,(1,0,0,0)(2,0,0,0)(4,0,0,0)(8,0,0,0)(16,0,0,0)(32,0,0,0)(64,0,0,0)
128,2x2x32,3,7,8,7,7,FORCED,18478937,(0,0,1,0)(0,0,2,0)(0,0,4,0)(0,0,8,0)(0,0,16,0)(0,1,0,0)(1,0,0,0)
128,2x4x16,3,7,8,7,7,FORCED,21495709,(0,0,1,0)(0,0,2,0)(0,0,4,0)(0,0,8,0)(0,1,0,0)(0,2,0,0)(1,0,0,0)
128,2x64,2,7,8,7,7,FORCED,10156811,(0,1,0,0)(0,2,0,0)(0,4,0,0)(0,8,0,0)(0,16,0,0)(0,32,0,0)(1,0,0,0)
128,2x8x8,3,7,8,7,7,FORCED,22793101,(0,0,1,0)(0,0,2,0)(0,0,4,0)(0,1,0,0)(0,2,0,0)(0,4,0,0)(1,0,0,0)
128,4x32,2,7,8,7,7,FORCED,11023771,(0,1,0,0)(0,2,0,0)(0,4,0,0)(0,8,0,0)(0,16,0,0)(1,0,0,0)(2,0,0,0)
128,4x4x8,3,7,8,7,7,FORCED,28791109,(0,0,1,0)(0,0,2,0)(0,0,4,0)(0,1,0,0)(0,2,0,0)(1,0,0,0)(2,0,0,0)
128,8x16,2,7,8,7,7,FORCED,11290363,(0,1,0,0)(0,2,0,0)(0,4,0,0)(0,8,0,0)(1,0,0,0)(2,0,0,0)(4,0,0,0)
132,2x66,2,7,8,7,7,FORCED,12070575,(0,1,0,0)(0,2,0,0)(0,4,0,0)(0,8,0,0)(0,16,0,0)(0,32,0,0)(1,0,0,0)
135,3x3x15,3,6,7,5,7,MID,6972788,(0,0,1,0)(0,0,2,0)(0,1,0,0)(1,0,1,0)(1,0,6,0)(1,0,12,0)
135,3x45,2,6,7,6,7,FLOOR,8293370,(0,1,0,0)(0,2,0,0)(0,4,0,0)(0,8,0,0)(0,16,0,0)(1,0,0,0)
136,2x2x34,3,7,8,7,7,FORCED,26420529,(0,0,1,0)(0,0,2,0)(0,0,4,0)(0,0,8,0)(0,0,16,0)(0,1,0,0)(1,0,0,0)
136,2x68,2,7,8,7,7,FORCED,15926951,(0,1,0,0)(0,2,0,0)(0,4,0,0)(0,8,0,0)(0,16,0,0)(0,32,0,0)(1,0,0,0)
140,2x70,2,7,8,7,7,FORCED,19234130,(0,1,0,0)(0,2,0,0)(0,4,0,0)(0,8,0,0)(0,16,0,0)(0,32,0,0)(1,0,0,0)
144,12x12,2,7,8,6,7,CAP,24635297,(0,1,0,0)(0,2,0,0)(1,0,0,0)(1,4,0,0)(1,8,0,0)(3,4,0,0)(6,0,0,0)
144,2x2x36,3,7,8,7,7,FORCED,42779849,(0,0,1,0)(0,0,2,0)(0,0,4,0)(0,0,8,0)(0,0,16,0)(0,1,0,0)(1,0,0,0)
144,2x6x12,3,7,8,6,7,CAP,39396616,(0,0,1,0)(0,0,2,0)(0,1,0,0)(0,1,4,0)(0,1,8,0)(0,3,4,0)(1,0,0,0)
144,2x72,2,7,8,7,7,FORCED,24534856,(0,1,0,0)(0,2,0,0)(0,4,0,0)(0,8,0,0)(0,16,0,0)(0,32,0,0)(1,0,0,0)
144,3x48,2,7,8,6,7,CAP,16772581,(0,1,0,0)(0,2,0,0)(0,4,0,0)(0,8,0,0)(1,6,0,0)(1,22,0,0)(1,38,0,0)
144,4x36,2,7,8,7,7,FORCED,26202954,(0,1,0,0)(0,2,0,0)(0,4,0,0)(0,8,0,0)(0,16,0,0)(1,0,0,0)(2,0,0,0)
144,6x24,2,7,8,6,7,CAP,23113495,(0,1,0,0)(0,2,0,0)(0,4,0,0)(1,0,0,0)(1,8,0,0)(1,16,0,0)(3,8,0,0)
147,7x21,2,7,8,6,7,CAP,16528742,(0,1,0,0)(0,2,0,0)(1,1,0,0)(1,5,0,0)(2,1,0,0)(2,10,0,0)(3,19,0,0)
148,2x74,2,7,8,7,7,FORCED,29480506,(0,1,0,0)(0,2,0,0)(0,4,0,0)(0,8,0,0)(0,16,0,0)(0,32,0,0)(1,0,0,0)
150,5x30,2,7,8,6,7,CAP,24551983,(0,1,0,0)(0,2,0,0)(1,1,0,0)(1,9,0,0)(1,22,0,0)(2,15,0,0)(2,19,0,0)
152,2x2x38,3,7,8,7,7,FORCED,61105470,(0,0,1,0)(0,0,2,0)(0,0,4,0)(0,0,8,0)(0,0,16,0)(0,1,0,0)(1,0,0,0)
152,2x76,2,7,8,7,7,FORCED,37571285,(0,1,0,0)(0,2,0,0)(0,4,0,0)(0,8,0,0)(0,16,0,0)(0,32,0,0)(1,0,0,0)
153,3x51,2,7,8,6,7,CAP,22655909,(0,1,0,0)(0,2,0,0)(0,4,0,0)(0,8,0,0)(1,5,0,0)(1,22,0,0)(1,40,0,0)
156,2x78,2,7,8,7,7,FORCED,43760522,(0,1,0,0)(0,2,0,0)(0,4,0,0)(0,8,0,0)(0,16,0,0)(0,32,0,0)(1,0,0,0)
160,2x2x40,3,7,8,7,7,FORCED,101511797,(0,0,1,0)(0,0,2,0)(0,0,4,0)(0,0,8,0)(0,0,16,0)(0,1,0,0)(1,0,0,0)
160,2x4x20,3,7,8,7,7,FORCED,116239361,(0,0,1,0)(0,0,2,0)(0,0,4,0)(0,0,8,0)(0,1,0,0)(0,2,0,0)(1,0,0,0)
160,2x80,2,7,8,7,7,FORCED,57192855,(0,1,0,0)(0,2,0,0)(0,4,0,0)(0,8,0,0)(0,16,0,0)(0,32,0,0)(1,0,0,0)
160,4x40,2,7,8,7,7,FORCED,62236495,(0,1,0,0)(0,2,0,0)(0,4,0,0)(0,8,0,0)(0,16,0,0)(1,0,0,0)(2,0,0,0)
162,3x3x18,3,7,8,6,7,CAP,37222092,(0,0,1,0)(0,0,2,0)(0,0,4,0)(0,1,2,0)(1,0,3,0)(1,1,15,0)(1,2,9,0)
162,3x3x3x6,4,6,7,5,7,MID,20948220,(0,0,0,1)(0,0,1,0)(0,1,0,0)(1,0,0,1)(1,0,0,3)(1,0,0,5)
162,3x54,2,7,8,6,7,CAP,42533766,(0,1,0,0)(0,2,0,0)(0,4,0,0)(0,8,0,0)(1,4,0,0)(1,24,0,0)(1,42,0,0)
162,9x18,2,7,8,7,7,FORCED,43141221,(0,1,0,0)(0,2,0,0)(0,4,0,0)(0,8,0,0)(1,0,0,0)(2,0,0,0)(4,0,0,0)
164,2x82,2,7,8,7,7,FORCED,65746603,(0,1,0,0)(0,2,0,0)(0,4,0,0)(0,8,0,0)(0,16,0,0)(0,32,0,0)(1,0,0,0)
168,2x2x42,3,7,8,7,7,FORCED,128698590,(0,0,1,0)(0,0,2,0)(0,0,4,0)(0,0,8,0)(0,0,16,0)(0,1,0,0)(1,0,0,0)
168,2x84,2,7,8,7,7,FORCED,80809261,(0,1,0,0)(0,2,0,0)(0,4,0,0)(0,8,0,0)(0,16,0,0)(0,32,0,0)(1,0,0,0)
169,13x13,2,7,8,6,7,CAP,54451678,(0,1,0,0)(0,2,0,0)(1,0,0,0)(1,4,0,0)(1,8,0,0)(3,3,0,0)(6,6,0,0)
171,3x57,2,7,8,6,7,CAP,56500022,(0,1,0,0)(0,2,0,0)(0,4,0,0)(0,8,0,0)(1,3,0,0)(1,26,0,0)(1,44,0,0)
172,2x86,2,7,8,7,7,FORCED,95979373,(0,1,0,0)(0,2,0,0)(0,4,0,0)(0,8,0,0)(0,16,0,0)(0,32,0,0)(1,0,0,0)
175,5x35,2,7,8,7,7,FORCED,72965734,(0,1,0,0)(0,2,0,0)(0,4,0,0)(0,8,0,0)(0,16,0,0)(1,0,0,0)(2,0,0,0)
