order,group,lb,cap,lmax,dpm,method,nodes,seconds,witness
2,C2,1,1,1,2,pinned,0,0.00,"(1,)"
3,C3,1,1,1,2,pinned,0,0.00,"(1,)"
4,C4,2,2,2,3,pinned,0,0.00,"(1,) (2,)"
4,C2+C2,2,2,2,3,pinned,0,0.00,"(1,0) (0,1)"
5,C5,2,2,2,3,pinned,0,0.00,"(1,) (2,)"
6,C2+C3,2,2,2,3,pinned,0,0.00,"(1,1) (0,2)"
7,C7,2,2,2,3,pinned,0,0.00,"(1,) (2,)"
8,C8,3,3,3,4,pinned,0,0.00,"(1,) (2,) (4,)"
8,C2+C4,3,3,3,4,pinned,0,0.00,"(0,1) (0,2) (1,0)"
8,C2+C2+C2,3,3,3,4,pinned,0,0.00,"(1,0,0) (0,1,0) (0,0,1)"
9,C9,3,3,3,4,pinned,0,0.00,"(1,) (2,) (4,)"
9,C3+C3,2,3,2,3,theorem-T3,9,0.00,"(0,1) (1,0)"
10,C2+C5,3,3,3,4,pinned,0,0.00,"(1,1) (0,2) (0,4)"
11,C11,3,3,3,4,pinned,0,0.00,"(1,) (2,) (4,)"
12,C3+C4,3,3,3,4,pinned,0,0.00,"(1,1) (2,2) (1,0)"
12,C2+C2+C3,3,3,3,4,pinned,0,0.00,"(1,0,1) (0,0,2) (0,1,0)"
13,C13,3,3,3,4,pinned,0,0.00,"(1,) (2,) (4,)"
14,C2+C7,3,3,3,4,pinned,0,0.00,"(1,1) (0,2) (0,4)"
15,C3+C5,3,3,3,4,pinned,0,0.00,"(1,1) (2,2) (1,4)"
16,C16,4,4,4,5,pinned,0,0.00,"(1,) (2,) (4,) (8,)"
16,C2+C8,4,4,4,5,pinned,0,0.00,"(0,1) (0,2) (0,4) (1,0)"
16,C4+C4,4,4,4,5,pinned,0,0.00,"(1,0) (2,0) (0,1) (0,2)"
16,C2+C2+C4,4,4,4,5,pinned,0,0.00,"(0,0,1) (0,0,2) (1,0,0) (0,1,0)"
16,C2+C2+C2+C2,4,4,4,5,pinned,0,0.00,"(1,0,0,0) (0,1,0,0) (0,0,1,0) (0,0,0,1)"
17,C17,4,4,4,5,pinned,0,0.00,"(1,) (2,) (4,) (8,)"
18,C2+C9,4,4,4,5,pinned,0,0.00,"(1,1) (0,2) (0,4) (0,8)"
18,C2+C3+C3,3,4,4,5,search,96,0.00,"(1,0,1) (1,1,0) (1,1,1) (1,1,2)"
19,C19,4,4,4,5,pinned,0,0.00,"(1,) (2,) (4,) (8,)"
20,C4+C5,4,4,4,5,pinned,0,0.00,"(1,1) (2,2) (0,4) (0,3)"
20,C2+C2+C5,4,4,4,5,pinned,0,0.00,"(1,0,1) (0,0,2) (0,0,4) (0,1,0)"
21,C3+C7,4,4,4,5,pinned,0,0.00,"(1,1) (2,2) (1,4) (2,1)"
22,C2+C11,4,4,4,5,pinned,0,0.00,"(1,1) (0,2) (0,4) (0,8)"
23,C23,4,4,4,5,pinned,0,0.00,"(1,) (2,) (4,) (8,)"
24,C3+C8,4,4,4,5,pinned,0,0.00,"(1,1) (2,2) (1,4) (2,0)"
24,C2+C3+C4,4,4,4,5,pinned,0,0.00,"(0,1,1) (0,2,2) (0,1,0) (1,0,0)"
24,C2+C2+C2+C3,4,4,4,5,pinned,0,0.00,"(1,0,0,1) (0,0,0,2) (0,1,0,0) (0,0,1,0)"
25,C25,4,4,4,5,pinned,0,0.00,"(1,) (2,) (4,) (8,)"
25,C5+C5,4,4,4,5,pinned,0,0.00,"(1,0) (2,0) (0,1) (0,2)"
26,C2+C13,4,4,4,5,pinned,0,0.00,"(1,1) (0,2) (0,4) (0,8)"
27,C27,4,4,4,5,pinned,0,0.00,"(1,) (2,) (4,) (8,)"
27,C3+C9,4,4,4,5,pinned,0,0.00,"(0,1) (0,2) (0,4) (1,0)"
27,C3+C3+C3,3,4,3,4,theorem-T3,313,0.00,"(0,0,1) (0,1,0) (1,0,0)"
28,C4+C7,4,4,4,5,pinned,0,0.00,"(1,1) (2,2) (0,4) (0,1)"
28,C2+C2+C7,4,4,4,5,pinned,0,0.00,"(1,0,1) (0,0,2) (0,0,4) (0,1,0)"
29,C29,4,4,4,5,pinned,0,0.00,"(1,) (2,) (4,) (8,)"
30,C2+C3+C5,4,4,4,5,pinned,0,0.00,"(1,1,1) (0,2,2) (0,1,4) (0,2,3)"
31,C31,4,4,4,5,pinned,0,0.00,"(1,) (2,) (4,) (8,)"
32,C32,5,5,5,6,pinned,0,0.00,"(1,) (2,) (4,) (8,) (16,)"
32,C2+C16,5,5,5,6,pinned,0,0.00,"(0,1) (0,2) (0,4) (0,8) (1,0)"
32,C4+C8,5,5,5,6,pinned,0,0.00,"(0,1) (0,2) (0,4) (1,0) (2,0)"
32,C2+C2+C8,5,5,5,6,pinned,0,0.00,"(0,0,1) (0,0,2) (0,0,4) (1,0,0) (0,1,0)"
32,C2+C4+C4,5,5,5,6,pinned,0,0.00,"(0,1,0) (0,2,0) (0,0,1) (0,0,2) (1,0,0)"
32,C2+C2+C2+C4,5,5,5,6,pinned,0,0.00,"(0,0,0,1) (0,0,0,2) (1,0,0,0) (0,1,0,0) (0,0,1,0)"
32,C2+C2+C2+C2+C2,5,5,5,6,pinned,0,0.00,"(1,0,0,0,0) (0,1,0,0,0) (0,0,1,0,0) (0,0,0,1,0) (0,0,0,0,1)"
33,C3+C11,5,5,5,6,pinned,0,0.00,"(1,1) (2,2) (1,4) (2,8) (1,5)"
34,C2+C17,5,5,5,6,pinned,0,0.00,"(1,1) (0,2) (0,4) (0,8) (0,16)"
35,C5+C7,5,5,5,6,pinned,0,0.00,"(1,1) (2,2) (4,4) (3,1) (1,2)"
36,C4+C9,5,5,5,6,pinned,0,0.00,"(1,1) (2,2) (0,4) (0,8) (0,7)"
36,C3+C3+C4,4,5,5,6,search,214,0.00,"(0,0,1) (0,1,2) (1,0,2) (1,1,2) (1,2,2)"
36,C2+C2+C9,5,5,5,6,pinned,0,0.00,"(1,0,1) (0,0,2) (0,0,4) (0,0,8) (0,1,0)"
36,C2+C2+C3+C3,4,5,5,6,search,2061,0.00,"(0,1,0,0) (1,0,0,1) (1,0,1,0) (1,0,1,1) (1,0,1,2)"
37,C37,5,5,5,6,pinned,0,0.00,"(1,) (2,) (4,) (8,) (16,)"
38,C2+C19,5,5,5,6,pinned,0,0.00,"(1,1) (0,2) (0,4) (0,8) (0,16)"
39,C3+C13,5,5,5,6,pinned,0,0.00,"(1,1) (2,2) (1,4) (2,8) (1,3)"
40,C5+C8,5,5,5,6,pinned,0,0.00,"(1,1) (2,2) (4,4) (3,0) (1,0)"
40,C2+C4+C5,5,5,5,6,pinned,0,0.00,"(0,1,1) (0,2,2) (0,0,4) (0,0,3) (1,0,0)"
40,C2+C2+C2+C5,5,5,5,6,pinned,0,0.00,"(1,0,0,1) (0,0,0,2) (0,0,0,4) (0,1,0,0) (0,0,1,0)"
41,C41,5,5,5,6,pinned,0,0.00,"(1,) (2,) (4,) (8,) (16,)"
42,C2+C3+C7,5,5,5,6,pinned,0,0.00,"(1,1,1) (0,2,2) (0,1,4) (0,2,1) (0,1,2)"
43,C43,5,5,5,6,pinned,0,0.00,"(1,) (2,) (4,) (8,) (16,)"
44,C4+C11,5,5,5,6,pinned,0,0.00,"(1,1) (2,2) (0,4) (0,8) (0,5)"
44,C2+C2+C11,5,5,5,6,pinned,0,0.00,"(1,0,1) (0,0,2) (0,0,4) (0,0,8) (0,1,0)"
45,C5+C9,5,5,5,6,pinned,0,0.00,"(1,1) (2,2) (4,4) (3,8) (1,7)"
45,C3+C3+C5,4,5,5,6,search,311,0.00,"(0,0,1) (0,1,1) (1,0,1) (1,1,4) (1,2,2)"
46,C2+C23,5,5,5,6,pinned,0,0.00,"(1,1) (0,2) (0,4) (0,8) (0,16)"
47,C47,5,5,5,6,pinned,0,0.00,"(1,) (2,) (4,) (8,) (16,)"
48,C3+C16,5,5,5,6,pinned,0,0.00,"(1,1) (2,2) (1,4) (2,8) (1,0)"
48,C2+C3+C8,5,5,5,6,pinned,0,0.00,"(0,1,1) (0,2,2) (0,1,4) (0,2,0) (1,0,0)"
48,C3+C4+C4,5,5,5,6,pinned,0,0.00,"(1,1,0) (2,2,0) (1,0,0) (0,0,1) (0,0,2)"
48,C2+C2+C3+C4,5,5,5,6,pinned,0,0.00,"(0,0,1,1) (0,0,2,2) (0,0,1,0) (1,0,0,0) (0,1,0,0)"
48,C2+C2+C2+C2+C3,5,5,5,6,pinned,0,0.00,"(1,0,0,0,1) (0,0,0,0,2) (0,1,0,0,0) (0,0,1,0,0) (0,0,0,1,0)"
49,C49,5,5,5,6,pinned,0,0.00,"(1,) (2,) (4,) (8,) (16,)"
49,C7+C7,4,5,5,6,search,343,0.00,"(0,1) (1,0) (1,2) (1,4) (3,1)"
50,C2+C25,5,5,5,6,pinned,0,0.00,"(1,1) (0,2) (0,4) (0,8) (0,16)"
50,C2+C5+C5,5,5,5,6,pinned,0,0.00,"(1,1,0) (0,2,0) (0,4,0) (0,0,1) (0,0,2)"
51,C3+C17,5,5,5,6,pinned,0,0.00,"(1,1) (2,2) (1,4) (2,8) (1,16)"
52,C4+C13,5,5,5,6,pinned,0,0.00,"(1,1) (2,2) (0,4) (0,8) (0,3)"
52,C2+C2+C13,5,5,5,6,pinned,0,0.00,"(1,0,1) (0,0,2) (0,0,4) (0,0,8) (0,1,0)"
53,C53,5,5,5,6,pinned,0,0.00,"(1,) (2,) (4,) (8,) (16,)"
54,C2+C27,5,5,5,6,pinned,0,0.00,"(1,1) (0,2) (0,4) (0,8) (0,16)"
54,C2+C3+C9,5,5,5,6,pinned,0,0.00,"(1,0,1) (0,0,2) (0,0,4) (0,0,8) (0,1,0)"
54,C2+C3+C3+C3,4,5,5,6,search,1669,0.00,"(0,0,0,1) (1,0,1,0) (1,1,0,0) (1,1,1,0) (1,1,2,0)"
55,C5+C11,5,5,5,6,pinned,0,0.00,"(1,1) (2,2) (4,4) (3,8) (1,5)"
56,C7+C8,5,5,5,6,pinned,0,0.00,"(1,1) (2,2) (4,4) (1,0) (2,0)"
56,C2+C4+C7,5,5,5,6,pinned,0,0.00,"(0,1,1) (0,2,2) (0,0,4) (0,0,1) (1,0,0)"
56,C2+C2+C2+C7,5,5,5,6,pinned,0,0.00,"(1,0,0,1) (0,0,0,2) (0,0,0,4) (0,1,0,0) (0,0,1,0)"
57,C3+C19,5,5,5,6,pinned,0,0.00,"(1,1) (2,2) (1,4) (2,8) (1,16)"
58,C2+C29,5,5,5,6,pinned,0,0.00,"(1,1) (0,2) (0,4) (0,8) (0,16)"
59,C59,5,5,5,6,pinned,0,0.00,"(1,) (2,) (4,) (8,) (16,)"
60,C3+C4+C5,5,5,5,6,pinned,0,0.00,"(1,1,1) (2,2,2) (1,0,4) (2,0,3) (1,0,1)"
60,C2+C2+C3+C5,5,5,5,6,pinned,0,0.00,"(1,0,1,1) (0,0,2,2) (0,0,1,4) (0,0,2,3) (0,1,0,0)"
61,C61,5,5,5,6,pinned,0,0.00,"(1,) (2,) (4,) (8,) (16,)"
62,C2+C31,5,5,5,6,pinned,0,0.00,"(1,1) (0,2) (0,4) (0,8) (0,16)"
63,C7+C9,5,5,5,6,pinned,0,0.00,"(1,1) (2,2) (4,4) (1,8) (2,7)"
63,C3+C3+C7,5,5,5,6,pinned,0,0.00,"(1,0,1) (2,0,2) (1,0,4) (2,0,1) (0,1,0)"
64,C64,6,6,6,7,pinned,0,0.00,"(1,) (2,) (4,) (8,) (16,) (32,)"
64,C2+C32,6,6,6,7,pinned,0,0.00,"(0,1) (0,2) (0,4) (0,8) (0,16) (1,0)"
64,C4+C16,6,6,6,7,pinned,0,0.00,"(0,1) (0,2) (0,4) (0,8) (1,0) (2,0)"
64,C2+C2+C16,6,6,6,7,pinned,0,0.00,"(0,0,1) (0,0,2) (0,0,4) (0,0,8) (1,0,0) (0,1,0)"
64,C8+C8,6,6,6,7,pinned,0,0.00,"(1,0) (2,0) (4,0) (0,1) (0,2) (0,4)"
64,C2+C4+C8,6,6,6,7,pinned,0,0.00,"(0,0,1) (0,0,2) (0,0,4) (0,1,0) (0,2,0) (1,0,0)"
64,C2+C2+C2+C8,6,6,6,7,pinned,0,0.00,"(0,0,0,1) (0,0,0,2) (0,0,0,4) (1,0,0,0) (0,1,0,0) (0,0,1,0)"
64,C4+C4+C4,6,6,6,7,pinned,0,0.00,"(1,0,0) (2,0,0) (0,1,0) (0,2,0) (0,0,1) (0,0,2)"
64,C2+C2+C4+C4,6,6,6,7,pinned,0,0.00,"(0,0,1,0) (0,0,2,0) (0,0,0,1) (0,0,0,2) (1,0,0,0) (0,1,0,0)"
64,C2+C2+C2+C2+C4,6,6,6,7,pinned,0,0.00,"(0,0,0,0,1) (0,0,0,0,2) (1,0,0,0,0) (0,1,0,0,0) (0,0,1,0,0) (0,0,0,1,0)"
64,C2+C2+C2+C2+C2+C2,6,6,6,7,pinned,0,0.00,"(1,0,0,0,0,0) (0,1,0,0,0,0) (0,0,1,0,0,0) (0,0,0,1,0,0) (0,0,0,0,1,0) (0,0,0,0,0,1)"
65,C5+C13,6,6,6,7,pinned,0,0.00,"(1,1) (2,2) (4,4) (3,8) (1,3) (2,6)"
66,C2+C3+C11,6,6,6,7,pinned,0,0.00,"(1,1,1) (0,2,2) (0,1,4) (0,2,8) (0,1,5) (0,2,10)"
67,C67,6,6,6,7,pinned,0,0.00,"(1,) (2,) (4,) (8,) (16,) (32,)"
68,C4+C17,6,6,6,7,pinned,0,0.00,"(1,1) (2,2) (0,4) (0,8) (0,16) (0,15)"
68,C2+C2+C17,6,6,6,7,pinned,0,0.00,"(1,0,1) (0,0,2) (0,0,4) (0,0,8) (0,0,16) (0,1,0)"
69,C3+C23,6,6,6,7,pinned,0,0.00,"(1,1) (2,2) (1,4) (2,8) (1,16) (2,9)"
70,C2+C5+C7,6,6,6,7,pinned,0,0.00,"(1,1,1) (0,2,2) (0,4,4) (0,3,1) (0,1,2) (0,2,4)"
71,C71,6,6,6,7,pinned,0,0.00,"(1,) (2,) (4,) (8,) (16,) (32,)"
72,C8+C9,6,6,6,7,pinned,0,0.00,"(1,1) (2,2) (4,4) (0,8) (0,7) (0,5)"
72,C3+C3+C8,5,6,6,7,search,783,0.00,"(0,0,1) (0,0,2) (0,1,4) (1,0,4) (1,1,4) (1,2,4)"
72,C2+C4+C9,6,6,6,7,pinned,0,0.00,"(0,1,1) (0,2,2) (0,0,4) (0,0,8) (0,0,7) (1,0,0)"
72,C2+C3+C3+C4,5,6,6,7,search,3929,0.00,"(0,0,0,1) (0,0,0,2) (1,0,1,0) (1,1,0,0) (1,1,1,0) (1,1,2,0)"
72,C2+C2+C2+C9,6,6,6,7,pinned,0,0.00,"(1,0,0,1) (0,0,0,2) (0,0,0,4) (0,0,0,8) (0,1,0,0) (0,0,1,0)"
72,C2+C2+C2+C3+C3,5,6,6,7,search,131300,0.02,"(0,0,1,0,0) (0,1,0,0,0) (1,0,0,0,1) (1,0,0,1,0) (1,0,0,1,1) (1,0,0,1,2)"
73,C73,6,6,6,7,pinned,0,0.00,"(1,) (2,) (4,) (8,) (16,) (32,)"
74,C2+C37,6,6,6,7,pinned,0,0.00,"(1,1) (0,2) (0,4) (0,8) (0,16) (0,32)"
75,C3+C25,6,6,6,7,pinned,0,0.00,"(1,1) (2,2) (1,4) (2,8) (1,16) (2,7)"
75,C3+C5+C5,5,6,5,6,search,136463,0.02,"(0,0,1) (0,0,2) (0,1,0) (0,2,0) (1,0,0)"
76,C4+C19,6,6,6,7,pinned,0,0.00,"(1,1) (2,2) (0,4) (0,8) (0,16) (0,13)"
76,C2+C2+C19,6,6,6,7,pinned,0,0.00,"(1,0,1) (0,0,2) (0,0,4) (0,0,8) (0,0,16) (0,1,0)"
77,C7+C11,6,6,6,7,pinned,0,0.00,"(1,1) (2,2) (4,4) (1,8) (2,5) (4,10)"
78,C2+C3+C13,6,6,6,7,pinned,0,0.00,"(1,1,1) (0,2,2) (0,1,4) (0,2,8) (0,1,3) (0,2,6)"
79,C79,6,6,6,7,pinned,0,0.00,"(1,) (2,) (4,) (8,) (16,) (32,)"
80,C5+C16,6,6,6,7,pinned,0,0.00,"(1,1) (2,2) (4,4) (3,8) (1,0) (2,0)"
80,C2+C5+C8,6,6,6,7,pinned,0,0.00,"(0,1,1) (0,2,2) (0,4,4) (0,3,0) (0,1,0) (1,0,0)"
80,C4+C4+C5,6,6,6,7,pinned,0,0.00,"(1,0,1) (2,0,2) (0,0,4) (0,0,3) (0,1,0) (0,2,0)"
80,C2+C2+C4+C5,6,6,6,7,pinned,0,0.00,"(0,0,1,1) (0,0,2,2) (0,0,0,4) (0,0,0,3) (1,0,0,0) (0,1,0,0)"
80,C2+C2+C2+C2+C5,6,6,6,7,pinned,0,0.00,"(1,0,0,0,1) (0,0,0,0,2) (0,0,0,0,4) (0,1,0,0,0) (0,0,1,0,0) (0,0,0,1,0)"
81,C81,6,6,6,7,pinned,0,0.00,"(1,) (2,) (4,) (8,) (16,) (32,)"
81,C3+C27,5,6,6,7,search,202,0.00,"(0,1) (0,2) (0,4) (1,2) (1,12) (1,21)"
81,C9+C9,6,6,6,7,pinned,0,0.00,"(1,0) (2,0) (4,0) (0,1) (0,2) (0,4)"
81,C3+C3+C9,5,6,5,6,search,175120,0.03,"(0,0,1) (0,0,2) (0,0,4) (0,1,0) (1,0,0)"
81,C3+C3+C3+C3,4,6,4,5,theorem-T3,72760,0.01,"(0,0,0,1) (0,0,1,0) (0,1,0,0) (1,0,0,0)"
82,C2+C41,6,6,6,7,pinned,0,0.00,"(1,1) (0,2) (0,4) (0,8) (0,16) (0,32)"
83,C83,6,6,6,7,pinned,0,0.00,"(1,) (2,) (4,) (8,) (16,) (32,)"
84,C3+C4+C7,6,6,6,7,pinned,0,0.00,"(1,1,1) (2,2,2) (1,0,4) (2,0,1) (1,0,2) (2,0,4)"
84,C2+C2+C3+C7,6,6,6,7,pinned,0,0.00,"(1,0,1,1) (0,0,2,2) (0,0,1,4) (0,0,2,1) (0,0,1,2) (0,1,0,0)"
85,C5+C17,6,6,6,7,pinned,0,0.00,"(1,1) (2,2) (4,4) (3,8) (1,16) (2,15)"
86,C2+C43,6,6,6,7,pinned,0,0.00,"(1,1) (0,2) (0,4) (0,8) (0,16) (0,32)"
87,C3+C29,6,6,6,7,pinned,0,0.00,"(1,1) (2,2) (1,4) (2,8) (1,16) (2,3)"
88,C8+C11,6,6,6,7,pinned,0,0.00,"(1,1) (2,2) (4,4) (0,8) (0,5) (0,10)"
88,C2+C4+C11,6,6,6,7,pinned,0,0.00,"(0,1,1) (0,2,2) (0,0,4) (0,0,8) (0,0,5) (1,0,0)"
88,C2+C2+C2+C11,6,6,6,7,pinned,0,0.00,"(1,0,0,1) (0,0,0,2) (0,0,0,4) (0,0,0,8) (0,1,0,0) (0,0,1,0)"
89,C89,6,6,6,7,pinned,0,0.00,"(1,) (2,) (4,) (8,) (16,) (32,)"
90,C2+C5+C9,6,6,6,7,pinned,0,0.00,"(1,1,1) (0,2,2) (0,4,4) (0,3,8) (0,1,7) (0,2,5)"
90,C2+C3+C3+C5,5,6,6,7,search,6999,0.00,"(0,0,0,1) (0,0,0,2) (1,0,1,0) (1,1,0,0) (1,1,1,0) (1,1,2,0)"
91,C7+C13,6,6,6,7,pinned,0,0.00,"(1,1) (2,2) (4,4) (1,8) (2,3) (4,6)"
92,C4+C23,6,6,6,7,pinned,0,0.00,"(1,1) (2,2) (0,4) (0,8) (0,16) (0,9)"
92,C2+C2+C23,6,6,6,7,pinned,0,0.00,"(1,0,1) (0,0,2) (0,0,4) (0,0,8) (0,0,16) (0,1,0)"
93,C3+C31,6,6,6,7,pinned,0,0.00,"(1,1) (2,2) (1,4) (2,8) (1,16) (2,1)"
94,C2+C47,6,6,6,7,pinned,0,0.00,"(1,1) (0,2) (0,4) (0,8) (0,16) (0,32)"
95,C5+C19,6,6,6,7,pinned,0,0.00,"(1,1) (2,2) (4,4) (3,8) (1,16) (2,13)"
96,C3+C32,6,6,6,7,pinned,0,0.00,"(1,1) (2,2) (1,4) (2,8) (1,16) (2,0)"
96,C2+C3+C16,6,6,6,7,pinned,0,0.00,"(0,1,1) (0,2,2) (0,1,4) (0,2,8) (0,1,0) (1,0,0)"
96,C3+C4+C8,6,6,6,7,pinned,0,0.00,"(1,0,1) (2,0,2) (1,0,4) (2,0,0) (0,1,0) (0,2,0)"
96,C2+C2+C3+C8,6,6,6,7,pinned,0,0.00,"(0,0,1,1) (0,0,2,2) (0,0,1,4) (0,0,2,0) (1,0,0,0) (0,1,0,0)"
96,C2+C3+C4+C4,6,6,6,7,pinned,0,0.00,"(0,1,1,0) (0,2,2,0) (0,1,0,0) (0,0,0,1) (0,0,0,2) (1,0,0,0)"
96,C2+C2+C2+C3+C4,6,6,6,7,pinned,0,0.00,"(0,0,0,1,1) (0,0,0,2,2) (0,0,0,1,0) (1,0,0,0,0) (0,1,0,0,0) (0,0,1,0,0)"
96,C2+C2+C2+C2+C2+C3,6,6,6,7,pinned,0,0.00,"(1,0,0,0,0,1) (0,0,0,0,0,2) (0,1,0,0,0,0) (0,0,1,0,0,0) (0,0,0,1,0,0) (0,0,0,0,1,0)"
97,C97,6,6,6,7,pinned,0,0.00,"(1,) (2,) (4,) (8,) (16,) (32,)"
98,C2+C49,6,6,6,7,pinned,0,0.00,"(1,1) (0,2) (0,4) (0,8) (0,16) (0,32)"
98,C2+C7+C7,5,6,6,7,search,15528,0.01,"(0,0,1) (0,1,0) (0,1,2) (0,1,4) (0,3,1) (1,0,0)"
99,C9+C11,6,6,6,7,pinned,0,0.00,"(1,1) (2,2) (4,4) (8,8) (7,5) (5,10)"
99,C3+C3+C11,6,6,6,7,pinned,0,0.00,"(1,0,1) (2,0,2) (1,0,4) (2,0,8) (1,0,5) (0,1,0)"
100,C4+C25,6,6,6,7,pinned,0,0.00,"(1,1) (2,2) (0,4) (0,8) (0,16) (0,7)"
100,C4+C5+C5,6,6,6,7,pinned,0,0.00,"(1,1,0) (2,2,0) (0,4,0) (0,3,0) (0,0,1) (0,0,2)"
100,C2+C2+C25,6,6,6,7,pinned,0,0.00,"(1,0,1) (0,0,2) (0,0,4) (0,0,8) (0,0,16) (0,1,0)"
100,C2+C2+C5+C5,6,6,6,7,pinned,0,0.00,"(1,0,1,0) (0,0,2,0) (0,0,4,0) (0,1,0,1) (0,0,0,2) (0,0,0,4)"
101,C101,6,6,6,7,pinned,0,0.00,"(1,) (2,) (4,) (8,) (16,) (32,)"
102,C2+C3+C17,6,6,6,7,pinned,0,0.00,"(1,1,1) (0,2,2) (0,1,4) (0,2,8) (0,1,16) (0,2,15)"
103,C103,6,6,6,7,pinned,0,0.00,"(1,) (2,) (4,) (8,) (16,) (32,)"
104,C8+C13,6,6,6,7,pinned,0,0.00,"(1,1) (2,2) (4,4) (0,8) (0,3) (0,6)"
104,C2+C4+C13,6,6,6,7,pinned,0,0.00,"(0,1,1) (0,2,2) (0,0,4) (0,0,8) (0,0,3) (1,0,0)"
104,C2+C2+C2+C13,6,6,6,7,pinned,0,0.00,"(1,0,0,1) (0,0,0,2) (0,0,0,4) (0,0,0,8) (0,1,0,0) (0,0,1,0)"
105,C3+C5+C7,6,6,6,7,pinned,0,0.00,"(1,1,1) (2,2,2) (1,4,4) (2,3,1) (1,1,2) (2,2,4)"
106,C2+C53,6,6,6,7,pinned,0,0.00,"(1,1) (0,2) (0,4) (0,8) (0,16) (0,32)"
107,C107,6,6,6,7,pinned,0,0.00,"(1,) (2,) (4,) (8,) (16,) (32,)"
108,C4+C27,6,6,6,7,pinned,0,0.00,"(1,1) (2,2) (0,4) (0,8) (0,16) (0,5)"
108,C3+C4+C9,6,6,6,7,pinned,0,0.00,"(0,1,1) (0,2,2) (0,0,4) (0,0,8) (0,0,7) (1,0,0)"
108,C3+C3+C3+C4,5,6,6,7,search,17912,0.01,"(0,0,0,1) (0,0,1,0) (0,1,0,2) (1,0,0,2) (1,1,0,2) (1,2,0,2)"
108,C2+C2+C27,6,6,6,7,pinned,0,0.00,"(1,0,1) (0,0,2) (0,0,4) (0,0,8) (0,0,16) (0,1,0)"
108,C2+C2+C3+C9,6,6,6,7,pinned,0,0.00,"(1,0,0,1) (0,0,0,2) (0,0,0,4) (0,0,0,8) (0,1,1,0) (0,0,2,0)"
108,C2+C2+C3+C3+C3,5,6,6,7,search,101288,0.02,"(0,0,0,0,1) (0,1,0,0,0) (1,0,0,1,0) (1,0,1,0,0) (1,0,1,1,0) (1,0,1,2,0)"
109,C109,6,6,6,7,pinned,0,0.00,"(1,) (2,) (4,) (8,) (16,) (32,)"
110,C2+C5+C11,6,6,6,7,pinned,0,0.00,"(1,1,1) (0,2,2) (0,4,4) (0,3,8) (0,1,5) (0,2,10)"
111,C3+C37,6,6,6,7,pinned,0,0.00,"(1,1) (2,2) (1,4) (2,8) (1,16) (2,32)"
112,C7+C16,6,6,6,7,pinned,0,0.00,"(1,1) (2,2) (4,4) (1,8) (2,0) (4,0)"
112,C2+C7+C8,6,6,6,7,pinned,0,0.00,"(0,1,1) (0,2,2) (0,4,4) (0,1,0) (0,2,0) (1,0,0)"
112,C4+C4+C7,6,6,6,7,pinned,0,0.00,"(1,0,1) (2,0,2) (0,0,4) (0,0,1) (0,1,0) (0,2,0)"
112,C2+C2+C4+C7,6,6,6,7,pinned,0,0.00,"(0,0,1,1) (0,0,2,2) (0,0,0,4) (0,0,0,1) (1,0,0,0) (0,1,0,0)"
112,C2+C2+C2+C2+C7,6,6,6,7,pinned,0,0.00,"(1,0,0,0,1) (0,0,0,0,2) (0,0,0,0,4) (0,1,0,0,0) (0,0,1,0,0) (0,0,0,1,0)"
113,C113,6,6,6,7,pinned,0,0.00,"(1,) (2,) (4,) (8,) (16,) (32,)"
114,C2+C3+C19,6,6,6,7,pinned,0,0.00,"(1,1,1) (0,2,2) (0,1,4) (0,2,8) (0,1,16) (0,2,13)"
115,C5+C23,6,6,6,7,pinned,0,0.00,"(1,1) (2,2) (4,4) (3,8) (1,16) (2,9)"
116,C4+C29,6,6,6,7,pinned,0,0.00,"(1,1) (2,2) (0,4) (0,8) (0,16) (0,3)"
116,C2+C2+C29,6,6,6,7,pinned,0,0.00,"(1,0,1) (0,0,2) (0,0,4) (0,0,8) (0,0,16) (0,1,0)"
117,C9+C13,6,6,6,7,pinned,0,0.00,"(1,1) (2,2) (4,4) (8,8) (7,3) (5,6)"
117,C3+C3+C13,6,6,6,7,pinned,0,0.00,"(1,0,1) (2,0,2) (1,0,4) (2,0,8) (1,0,3) (0,1,0)"
118,C2+C59,6,6,6,7,pinned,0,0.00,"(1,1) (0,2) (0,4) (0,8) (0,16) (0,32)"
119,C7+C17,6,6,6,7,pinned,0,0.00,"(1,1) (2,2) (4,4) (1,8) (2,16) (4,15)"
120,C3+C5+C8,6,6,6,7,pinned,0,0.00,"(1,1,1) (2,2,2) (1,4,4) (2,3,0) (1,1,0) (2,2,0)"
120,C2+C3+C4+C5,6,6,6,7,pinned,0,0.00,"(0,1,1,1) (0,2,2,2) (0,1,0,4) (0,2,0,3) (0,1,0,1) (1,0,0,0)"
120,C2+C2+C2+C3+C5,6,6,6,7,pinned,0,0.00,"(1,0,0,1,1) (0,0,0,2,2) (0,0,0,1,4) (0,0,0,2,3) (0,1,0,0,0) (0,0,1,0,0)"
121,C121,6,6,6,7,pinned,0,0.00,"(1,) (2,) (4,) (8,) (16,) (32,)"
121,C11+C11,6,6,6,7,pinned,0,0.00,"(1,0) (2,0) (4,0) (0,1) (0,2) (0,4)"
122,C2+C61,6,6,6,7,pinned,0,0.00,"(1,1) (0,2) (0,4) (0,8) (0,16) (0,32)"
123,C3+C41,6,6,6,7,pinned,0,0.00,"(1,1) (2,2) (1,4) (2,8) (1,16) (2,32)"
124,C4+C31,6,6,6,7,pinned,0,0.00,"(1,1) (2,2) (0,4) (0,8) (0,16) (0,1)"
124,C2+C2+C31,6,6,6,7,pinned,0,0.00,"(1,0,1) (0,0,2) (0,0,4) (0,0,8) (0,0,16) (0,1,0)"
125,C125,6,6,6,7,pinned,0,0.00,"(1,) (2,) (4,) (8,) (16,) (32,)"
125,C5+C25,6,6,6,7,pinned,0,0.00,"(0,1) (0,2) (0,4) (0,8) (1,0) (2,0)"
125,C5+C5+C5,6,6,6,7,pinned,0,0.00,"(1,0,0) (2,0,0) (0,1,0) (0,2,0) (0,0,1) (0,0,2)"
126,C2+C7+C9,6,6,6,7,pinned,0,0.00,"(1,1,1) (0,2,2) (0,4,4) (0,1,8) (0,2,7) (0,4,5)"
126,C2+C3+C3+C7,6,6,6,7,pinned,0,0.00,"(1,1,0,1) (0,2,0,2) (0,1,0,4) (0,2,0,1) (0,1,0,2) (0,0,1,0)"
127,C127,6,6,6,7,pinned,0,0.00,"(1,) (2,) (4,) (8,) (16,) (32,)"
128,C128,7,7,7,8,pinned,0,0.00,"(1,) (2,) (4,) (8,) (16,) (32,) (64,)"
128,C2+C64,7,7,7,8,pinned,0,0.00,"(0,1) (0,2) (0,4) (0,8) (0,16) (0,32) (1,0)"
128,C4+C32,7,7,7,8,pinned,0,0.00,"(0,1) (0,2) (0,4) (0,8) (0,16) (1,0) (2,0)"
128,C2+C2+C32,7,7,7,8,pinned,0,0.00,"(0,0,1) (0,0,2) (0,0,4) (0,0,8) (0,0,16) (1,0,0) (0,1,0)"
128,C8+C16,7,7,7,8,pinned,0,0.00,"(0,1) (0,2) (0,4) (0,8) (1,0) (2,0) (4,0)"
128,C2+C4+C16,7,7,7,8,pinned,0,0.00,"(0,0,1) (0,0,2) (0,0,4) (0,0,8) (0,1,0) (0,2,0) (1,0,0)"
128,C2+C2+C2+C16,7,7,7,8,pinned,0,0.00,"(0,0,0,1) (0,0,0,2) (0,0,0,4) (0,0,0,8) (1,0,0,0) (0,1,0,0) (0,0,1,0)"
128,C2+C8+C8,7,7,7,8,pinned,0,0.00,"(0,1,0) (0,2,0) (0,4,0) (0,0,1) (0,0,2) (0,0,4) (1,0,0)"
128,C4+C4+C8,7,7,7,8,pinned,0,0.00,"(0,0,1) (0,0,2) (0,0,4) (1,0,0) (2,0,0) (0,1,0) (0,2,0)"
128,C2+C2+C4+C8,7,7,7,8,pinned,0,0.00,"(0,0,0,1) (0,0,0,2) (0,0,0,4) (0,0,1,0) (0,0,2,0) (1,0,0,0) (0,1,0,0)"
128,C2+C2+C2+C2+C8,7,7,7,8,pinned,0,0.00,"(0,0,0,0,1) (0,0,0,0,2) (0,0,0,0,4) (1,0,0,0,0) (0,1,0,0,0) (0,0,1,0,0) (0,0,0,1,0)"
128,C2+C4+C4+C4,7,7,7,8,pinned,0,0.00,"(0,1,0,0) (0,2,0,0) (0,0,1,0) (0,0,2,0) (0,0,0,1) (0,0,0,2) (1,0,0,0)"
128,C2+C2+C2+C4+C4,7,7,7,8,pinned,0,0.00,"(0,0,0,1,0) (0,0,0,2,0) (0,0,0,0,1) (0,0,0,0,2) (1,0,0,0,0) (0,1,0,0,0) (0,0,1,0,0)"
128,C2+C2+C2+C2+C2+C4,7,7,7,8,pinned,0,0.00,"(0,0,0,0,0,1) (0,0,0,0,0,2) (1,0,0,0,0,0) (0,1,0,0,0,0) (0,0,1,0,0,0) (0,0,0,1,0,0) (0,0,0,0,1,0)"
128,C2+C2+C2+C2+C2+C2+C2,7,7,7,8,pinned,0,0.02,"(1,0,0,0,0,0,0) (0,1,0,0,0,0,0) (0,0,1,0,0,0,0) (0,0,0,1,0,0,0) (0,0,0,0,1,0,0) (0,0,0,0,0,1,0) (0,0,0,0,0,0,1)"
129,C3+C43,7,7,7,8,pinned,0,0.00,"(1,1) (2,2) (1,4) (2,8) (1,16) (2,32) (1,21)"
130,C2+C5+C13,7,7,7,8,pinned,0,0.00,"(1,1,1) (0,2,2) (0,4,4) (0,3,8) (0,1,3) (0,2,6) (0,4,12)"
131,C131,7,7,7,8,pinned,0,0.00,"(1,) (2,) (4,) (8,) (16,) (32,) (64,)"
132,C3+C4+C11,7,7,7,8,pinned,0,0.00,"(1,1,1) (2,2,2) (1,0,4) (2,0,8) (1,0,5) (2,0,10) (1,0,9)"
132,C2+C2+C3+C11,7,7,7,8,pinned,0,0.00,"(1,0,1,1) (0,0,2,2) (0,0,1,4) (0,0,2,8) (0,0,1,5) (0,0,2,10) (0,1,0,0)"
133,C7+C19,7,7,7,8,pinned,0,0.00,"(1,1) (2,2) (4,4) (1,8) (2,16) (4,13) (1,7)"
134,C2+C67,7,7,7,8,pinned,0,0.00,"(1,1) (0,2) (0,4) (0,8) (0,16) (0,32) (0,64)"
135,C5+C27,7,7,7,8,pinned,0,0.00,"(1,1) (2,2) (4,4) (3,8) (1,16) (2,5) (4,10)"
135,C3+C5+C9,6,7,6,7,search,8201450,1.84,"(0,0,1) (0,0,2) (0,0,4) (0,1,0) (0,2,0) (1,0,0)"
135,C3+C3+C3+C5,5,7,6,7,search,6877237,1.60,"(0,0,0,1) (0,0,1,0) (0,1,0,1) (1,0,0,1) (1,1,0,4) (1,2,0,2)"
136,C8+C17,7,7,7,8,pinned,0,0.00,"(1,1) (2,2) (4,4) (0,8) (0,16) (0,15) (0,13)"
136,C2+C4+C17,7,7,7,8,pinned,0,0.00,"(0,1,1) (0,2,2) (0,0,4) (0,0,8) (0,0,16) (0,0,15) (1,0,0)"
136,C2+C2+C2+C17,7,7,7,8,pinned,0,0.00,"(1,0,0,1) (0,0,0,2) (0,0,0,4) (0,0,0,8) (0,0,0,16) (0,1,0,0) (0,0,1,0)"
137,C137,7,7,7,8,pinned,0,0.00,"(1,) (2,) (4,) (8,) (16,) (32,) (64,)"
138,C2+C3+C23,7,7,7,8,pinned,0,0.00,"(1,1,1) (0,2,2) (0,1,4) (0,2,8) (0,1,16) (0,2,9) (0,1,18)"
139,C139,7,7,7,8,pinned,0,0.00,"(1,) (2,) (4,) (8,) (16,) (32,) (64,)"
140,C4+C5+C7,7,7,7,8,pinned,0,0.00,"(1,1,1) (2,2,2) (0,4,4) (0,3,1) (0,1,2) (0,2,4) (0,4,1)"
140,C2+C2+C5+C7,7,7,7,8,pinned,0,0.00,"(1,0,1,1) (0,0,2,2) (0,0,4,4) (0,0,3,1) (0,0,1,2) (0,0,2,4) (0,1,0,0)"
141,C3+C47,7,7,7,8,pinned,0,0.00,"(1,1) (2,2) (1,4) (2,8) (1,16) (2,32) (1,17)"
142,C2+C71,7,7,7,8,pinned,0,0.00,"(1,1) (0,2) (0,4) (0,8) (0,16) (0,32) (0,64)"
143,C11+C13,7,7,7,8,pinned,0,0.00,"(1,1) (2,2) (4,4) (8,8) (5,3) (10,6) (9,12)"
144,C9+C16,7,7,7,8,pinned,0,0.00,"(1,1) (2,2) (4,4) (8,8) (7,0) (5,0) (1,0)"
144,C3+C3+C16,6,7,7,8,search,3000,0.00,"(0,0,1) (0,0,2) (0,0,4) (0,1,8) (1,0,8) (1,1,8) (1,2,8)"
144,C2+C8+C9,7,7,7,8,pinned,0,0.00,"(0,1,1) (0,2,2) (0,4,4) (0,0,8) (0,0,7) (0,0,5) (1,0,0)"
144,C2+C3+C3+C8,6,7,7,8,search,27884,0.01,"(0,0,0,1) (0,0,0,2) (0,0,0,4) (1,0,1,0) (1,1,0,0) (1,1,1,0) (1,1,2,0)"
144,C4+C4+C9,7,7,7,8,pinned,0,0.00,"(1,0,1) (2,0,2) (0,0,4) (0,0,8) (0,0,7) (0,1,0) (0,2,0)"
144,C3+C3+C4+C4,6,7,7,8,search,9178,0.01,"(0,0,0,1) (0,0,0,2) (0,0,1,0) (0,1,2,0) (1,0,2,0) (1,1,2,0) (1,2,2,0)"
144,C2+C2+C4+C9,7,7,7,8,pinned,0,0.00,"(0,0,1,1) (0,0,2,2) (0,0,0,4) (0,0,0,8) (0,0,0,7) (1,0,0,0) (0,1,0,0)"
144,C2+C2+C3+C3+C4,6,7,7,8,search,324266,0.08,"(0,0,0,0,1) (0,0,0,0,2) (0,1,0,0,0) (1,0,0,1,0) (1,0,1,0,0) (1,0,1,1,0) (1,0,1,2,0)"
144,C2+C2+C2+C2+C9,7,7,7,8,pinned,0,0.00,"(1,0,0,0,1) (0,0,0,0,2) (0,0,0,0,4) (0,0,0,0,8) (0,1,0,0,0) (0,0,1,0,0) (0,0,0,1,0)"
144,C2+C2+C2+C2+C3+C3,6,7,7,8,search,26448135,6.20,"(0,0,0,1,0,0) (0,0,1,0,0,0) (0,1,0,0,0,0) (1,0,0,0,0,1) (1,0,0,0,1,0) (1,0,0,0,1,1) (1,0,0,0,1,2)"
145,C5+C29,7,7,7,8,pinned,0,0.00,"(1,1) (2,2) (4,4) (3,8) (1,16) (2,3) (4,6)"
146,C2+C73,7,7,7,8,pinned,0,0.00,"(1,1) (0,2) (0,4) (0,8) (0,16) (0,32) (0,64)"
147,C3+C49,7,7,7,8,pinned,0,0.00,"(1,1) (2,2) (1,4) (2,8) (1,16) (2,32) (1,15)"
147,C3+C7+C7,6,7,7,8,search,14578247,3.78,"(1,0,1) (1,0,3) (1,1,0) (1,1,1) (1,2,4) (1,3,0) (1,5,5)"
148,C4+C37,7,7,7,8,pinned,0,0.00,"(1,1) (2,2) (0,4) (0,8) (0,16) (0,32) (0,27)"
148,C2+C2+C37,7,7,7,8,pinned,0,0.00,"(1,0,1) (0,0,2) (0,0,4) (0,0,8) (0,0,16) (0,0,32) (0,1,0)"
149,C149,7,7,7,8,pinned,0,0.00,"(1,) (2,) (4,) (8,) (16,) (32,) (64,)"
150,C2+C3+C25,7,7,7,8,pinned,0,0.00,"(1,1,1) (0,2,2) (0,1,4) (0,2,8) (0,1,16) (0,2,7) (0,1,14)"
150,C2+C3+C5+C5,6,7,7,8,search,16536877,4.42,"(0,1,0,1) (0,1,1,0) (0,1,1,1) (1,0,2,2) (1,1,0,2) (1,1,1,3) (1,1,2,0)"
151,C151,7,7,7,8,pinned,0,0.00,"(1,) (2,) (4,) (8,) (16,) (32,) (64,)"
152,C8+C19,7,7,7,8,pinned,0,0.00,"(1,1) (2,2) (4,4) (0,8) (0,16) (0,13) (0,7)"
152,C2+C4+C19,7,7,7,8,pinned,0,0.00,"(0,1,1) (0,2,2) (0,0,4) (0,0,8) (0,0,16) (0,0,13) (1,0,0)"
152,C2+C2+C2+C19,7,7,7,8,pinned,0,0.00,"(1,0,0,1) (0,0,0,2) (0,0,0,4) (0,0,0,8) (0,0,0,16) (0,1,0,0) (0,0,1,0)"
153,C9+C17,7,7,7,8,pinned,0,0.00,"(1,1) (2,2) (4,4) (8,8) (7,16) (5,15) (1,13)"
153,C3+C3+C17,6,7,7,8,search,2864,0.01,"(0,0,1) (0,0,2) (0,0,4) (0,1,3) (1,0,3) (1,1,14) (1,2,8)"
154,C2+C7+C11,7,7,7,8,pinned,0,0.00,"(1,1,1) (0,2,2) (0,4,4) (0,1,8) (0,2,5) (0,4,10) (0,1,9)"
155,C5+C31,7,7,7,8,pinned,0,0.00,"(1,1) (2,2) (4,4) (3,8) (1,16) (2,1) (4,2)"
156,C3+C4+C13,7,7,7,8,pinned,0,0.00,"(1,1,1) (2,2,2) (1,0,4) (2,0,8) (1,0,3) (2,0,6) (1,0,12)"
156,C2+C2+C3+C13,7,7,7,8,pinned,0,0.00,"(1,0,1,1) (0,0,2,2) (0,0,1,4) (0,0,2,8) (0,0,1,3) (0,0,2,6) (0,1,0,0)"
157,C157,7,7,7,8,pinned,0,0.00,"(1,) (2,) (4,) (8,) (16,) (32,) (64,)"
158,C2+C79,7,7,7,8,pinned,0,0.00,"(1,1) (0,2) (0,4) (0,8) (0,16) (0,32) (0,64)"
159,C3+C53,7,7,7,8,pinned,0,0.00,"(1,1) (2,2) (1,4) (2,8) (1,16) (2,32) (1,11)"
160,C5+C32,7,7,7,8,pinned,0,0.00,"(1,1) (2,2) (4,4) (3,8) (1,16) (2,0) (4,0)"
160,C2+C5+C16,7,7,7,8,pinned,0,0.00,"(0,1,1) (0,2,2) (0,4,4) (0,3,8) (0,1,0) (0,2,0) (1,0,0)"
160,C4+C5+C8,7,7,7,8,pinned,0,0.00,"(0,1,1) (0,2,2) (0,4,4) (0,3,0) (0,1,0) (1,0,0) (2,0,0)"
160,C2+C2+C5+C8,7,7,7,8,pinned,0,0.00,"(0,0,1,1) (0,0,2,2) (0,0,4,4) (0,0,3,0) (0,0,1,0) (1,0,0,0) (0,1,0,0)"
160,C2+C4+C4+C5,7,7,7,8,pinned,0,0.00,"(0,1,0,1) (0,2,0,2) (0,0,0,4) (0,0,0,3) (0,0,1,0) (0,0,2,0) (1,0,0,0)"
160,C2+C2+C2+C4+C5,7,7,7,8,pinned,0,0.00,"(0,0,0,1,1) (0,0,0,2,2) (0,0,0,0,4) (0,0,0,0,3) (1,0,0,0,0) (0,1,0,0,0) (0,0,1,0,0)"
160,C2+C2+C2+C2+C2+C5,7,7,7,8,pinned,0,0.00,"(1,0,0,0,0,1) (0,0,0,0,0,2) (0,0,0,0,0,4) (0,1,0,0,0,0) (0,0,1,0,0,0) (0,0,0,1,0,0) (0,0,0,0,1,0)"
161,C7+C23,7,7,7,8,pinned,0,0.00,"(1,1) (2,2) (4,4) (1,8) (2,16) (4,9) (1,18)"
162,C2+C81,7,7,7,8,pinned,0,0.00,"(1,1) (0,2) (0,4) (0,8) (0,16) (0,32) (0,64)"
162,C2+C3+C27,6,7,7,8,search,10849,0.01,"(0,0,1) (0,0,2) (0,0,4) (0,1,2) (0,1,12) (0,1,21) (1,0,0)"
162,C2+C9+C9,7,7,7,8,pinned,0,0.00,"(1,1,0) (0,2,0) (0,4,0) (0,8,0) (0,0,1) (0,0,2) (0,0,4)"
162,C2+C3+C3+C9,6,7,7,8,search,38154,0.01,"(0,0,0,1) (0,0,0,2) (0,0,0,4) (1,0,1,0) (1,1,0,0) (1,1,1,0) (1,1,2,0)"
162,C2+C3+C3+C3+C3,5,7,6,7,search,20756974,5.16,"(0,0,0,0,1) (0,0,0,1,0) (1,0,1,0,0) (1,1,0,0,0) (1,1,1,0,0) (1,1,2,0,0)"
163,C163,7,7,7,8,pinned,0,0.00,"(1,) (2,) (4,) (8,) (16,) (32,) (64,)"
164,C4+C41,7,7,7,8,pinned,0,0.00,"(1,1) (2,2) (0,4) (0,8) (0,16) (0,32) (0,23)"
164,C2+C2+C41,7,7,7,8,pinned,0,0.00,"(1,0,1) (0,0,2) (0,0,4) (0,0,8) (0,0,16) (0,0,32) (0,1,0)"
165,C3+C5+C11,7,7,7,8,pinned,0,0.00,"(1,1,1) (2,2,2) (1,4,4) (2,3,8) (1,1,5) (2,2,10) (1,4,9)"
166,C2+C83,7,7,7,8,pinned,0,0.00,"(1,1) (0,2) (0,4) (0,8) (0,16) (0,32) (0,64)"
167,C167,7,7,7,8,pinned,0,0.00,"(1,) (2,) (4,) (8,) (16,) (32,) (64,)"
168,C3+C7+C8,7,7,7,8,pinned,0,0.00,"(1,1,1) (2,2,2) (1,4,4) (2,1,0) (1,2,0) (2,4,0) (1,1,0)"
168,C2+C3+C4+C7,7,7,7,8,pinned,0,0.00,"(0,1,1,1) (0,2,2,2) (0,1,0,4) (0,2,0,1) (0,1,0,2) (0,2,0,4) (1,0,0,0)"
168,C2+C2+C2+C3+C7,7,7,7,8,pinned,0,0.00,"(1,0,0,1,1) (0,0,0,2,2) (0,0,0,1,4) (0,0,0,2,1) (0,0,0,1,2) (0,1,0,0,0) (0,0,1,0,0)"
169,C169,7,7,7,8,pinned,0,0.00,"(1,) (2,) (4,) (8,) (16,) (32,) (64,)"
169,C13+C13,6,7,7,8,search,86941,0.02,"(0,1) (0,2) (1,0) (1,4) (1,8) (3,3) (6,6)"
170,C2+C5+C17,7,7,7,8,pinned,0,0.00,"(1,1,1) (0,2,2) (0,4,4) (0,3,8) (0,1,16) (0,2,15) (0,4,13)"
171,C9+C19,7,7,7,8,pinned,0,0.00,"(1,1) (2,2) (4,4) (8,8) (7,16) (5,13) (1,7)"
171,C3+C3+C19,6,7,7,8,search,6034,0.01,"(0,0,1) (0,0,2) (0,0,4) (0,1,2) (1,0,3) (1,1,15) (1,2,9)"
172,C4+C43,7,7,7,8,pinned,0,0.00,"(1,1) (2,2) (0,4) (0,8) (0,16) (0,32) (0,21)"
172,C2+C2+C43,7,7,7,8,pinned,0,0.00,"(1,0,1) (0,0,2) (0,0,4) (0,0,8) (0,0,16) (0,0,32) (0,1,0)"
173,C173,7,7,7,8,pinned,0,0.00,"(1,) (2,) (4,) (8,) (16,) (32,) (64,)"
174,C2+C3+C29,7,7,7,8,pinned,0,0.00,"(1,1,1) (0,2,2) (0,1,4) (0,2,8) (0,1,16) (0,2,3) (0,1,6)"
175,C7+C25,7,7,7,8,pinned,0,0.00,"(1,1) (2,2) (4,4) (1,8) (2,16) (4,7) (1,14)"
175,C5+C5+C7,7,7,7,8,pinned,0,0.00,"(1,0,1) (2,0,2) (4,0,4) (3,0,1) (1,0,2) (0,1,0) (0,2,0)"
176,C11+C16,7,7,7,8,pinned,0,0.00,"(1,1) (2,2) (4,4) (8,8) (5,0) (10,0) (9,0)"
176,C2+C8+C11,7,7,7,8,pinned,0,0.00,"(0,1,1) (0,2,2) (0,4,4) (0,0,8) (0,0,5) (0,0,10) (1,0,0)"
176,C4+C4+C11,7,7,7,8,pinned,0,0.00,"(1,0,1) (2,0,2) (0,0,4) (0,0,8) (0,0,5) (0,1,0) (0,2,0)"
176,C2+C2+C4+C11,7,7,7,8,pinned,0,0.00,"(0,0,1,1) (0,0,2,2) (0,0,0,4) (0,0,0,8) (0,0,0,5) (1,0,0,0) (0,1,0,0)"
176,C2+C2+C2+C2+C11,7,7,7,8,pinned,0,0.00,"(1,0,0,0,1) (0,0,0,0,2) (0,0,0,0,4) (0,0,0,0,8) (0,1,0,0,0) (0,0,1,0,0) (0,0,0,1,0)"
177,C3+C59,7,7,7,8,pinned,0,0.00,"(1,1) (2,2) (1,4) (2,8) (1,16) (2,32) (1,5)"
178,C2+C89,7,7,7,8,pinned,0,0.00,"(1,1) (0,2) (0,4) (0,8) (0,16) (0,32) (0,64)"
179,C179,7,7,7,8,pinned,0,0.00,"(1,) (2,) (4,) (8,) (16,) (32,) (64,)"
180,C4+C5+C9,7,7,7,8,pinned,0,0.00,"(1,1,1) (2,2,2) (0,4,4) (0,3,8) (0,1,7) (0,2,5) (0,4,1)"
180,C3+C3+C4+C5,6,7,7,8,search,15770,0.01,"(0,0,0,1) (0,0,0,2) (0,0,1,0) (0,1,2,0) (1,0,2,0) (1,1,2,0) (1,2,2,0)"
180,C2+C2+C5+C9,7,7,7,8,pinned,0,0.00,"(1,0,1,1) (0,0,2,2) (0,0,4,4) (0,0,3,8) (0,0,1,7) (0,0,2,5) (0,1,0,0)"
180,C2+C2+C3+C3+C5,6,7,7,8,search,697210,0.21,"(0,0,0,0,1) (0,0,0,0,2) (0,1,0,0,0) (1,0,0,1,0) (1,0,1,0,0) (1,0,1,1,0) (1,0,1,2,0)"
181,C181,7,7,7,8,pinned,0,0.00,"(1,) (2,) (4,) (8,) (16,) (32,) (64,)"
182,C2+C7+C13,7,7,7,8,pinned,0,0.00,"(1,1,1) (0,2,2) (0,4,4) (0,1,8) (0,2,3) (0,4,6) (0,1,12)"
183,C3+C61,7,7,7,8,pinned,0,0.00,"(1,1) (2,2) (1,4) (2,8) (1,16) (2,32) (1,3)"
184,C8+C23,7,7,7,8,pinned,0,0.00,"(1,1) (2,2) (4,4) (0,8) (0,16) (0,9) (0,18)"
184,C2+C4+C23,7,7,7,8,pinned,0,0.00,"(0,1,1) (0,2,2) (0,0,4) (0,0,8) (0,0,16) (0,0,9) (1,0,0)"
184,C2+C2+C2+C23,7,7,7,8,pinned,0,0.00,"(1,0,0,1) (0,0,0,2) (0,0,0,4) (0,0,0,8) (0,0,0,16) (0,1,0,0) (0,0,1,0)"
185,C5+C37,7,7,7,8,pinned,0,0.00,"(1,1) (2,2) (4,4) (3,8) (1,16) (2,32) (4,27)"
186,C2+C3+C31,7,7,7,8,pinned,0,0.00,"(1,1,1) (0,2,2) (0,1,4) (0,2,8) (0,1,16) (0,2,1) (0,1,2)"
187,C11+C17,7,7,7,8,pinned,0,0.00,"(1,1) (2,2) (4,4) (8,8) (5,16) (10,15) (9,13)"
188,C4+C47,7,7,7,8,pinned,0,0.00,"(1,1) (2,2) (0,4) (0,8) (0,16) (0,32) (0,17)"
188,C2+C2+C47,7,7,7,8,pinned,0,0.00,"(1,0,1) (0,0,2) (0,0,4) (0,0,8) (0,0,16) (0,0,32) (0,1,0)"
189,C7+C27,7,7,7,8,pinned,0,0.00,"(1,1) (2,2) (4,4) (1,8) (2,16) (4,5) (1,10)"
189,C3+C7+C9,7,7,7,8,pinned,0,0.00,"(0,0,1) (0,0,2) (0,0,4) (1,1,0) (2,2,0) (1,4,0) (2,1,0)"
189,C3+C3+C3+C7,6,7,7,8,search,20150227,6.44,"(0,0,1,1) (0,0,1,2) (0,0,1,3) (0,1,0,1) (1,0,0,1) (1,1,0,6) (1,2,0,3)"
190,C2+C5+C19,7,7,7,8,pinned,0,0.00,"(1,1,1) (0,2,2) (0,4,4) (0,3,8) (0,1,16) (0,2,13) (0,4,7)"
191,C191,7,7,7,8,pinned,0,0.00,"(1,) (2,) (4,) (8,) (16,) (32,) (64,)"
192,C3+C64,7,7,7,8,pinned,0,0.00,"(1,1) (2,2) (1,4) (2,8) (1,16) (2,32) (1,0)"
192,C2+C3+C32,7,7,7,8,pinned,0,0.00,"(0,1,1) (0,2,2) (0,1,4) (0,2,8) (0,1,16) (0,2,0) (1,0,0)"
192,C3+C4+C16,7,7,7,8,pinned,0,0.00,"(1,0,1) (2,0,2) (1,0,4) (2,0,8) (1,0,0) (0,1,0) (0,2,0)"
192,C2+C2+C3+C16,7,7,7,8,pinned,0,0.00,"(0,0,1,1) (0,0,2,2) (0,0,1,4) (0,0,2,8) (0,0,1,0) (1,0,0,0) (0,1,0,0)"
192,C3+C8+C8,7,7,7,8,pinned,0,0.00,"(1,1,0) (2,2,0) (1,4,0) (2,0,0) (0,0,1) (0,0,2) (0,0,4)"
192,C2+C3+C4+C8,7,7,7,8,pinned,0,0.00,"(0,1,0,1) (0,2,0,2) (0,1,0,4) (0,2,0,0) (0,0,1,0) (0,0,2,0) (1,0,0,0)"
192,C2+C2+C2+C3+C8,7,7,7,8,pinned,0,0.00,"(0,0,0,1,1) (0,0,0,2,2) (0,0,0,1,4) (0,0,0,2,0) (1,0,0,0,0) (0,1,0,0,0) (0,0,1,0,0)"
192,C3+C4+C4+C4,7,7,7,8,pinned,0,0.00,"(1,1,0,0) (2,2,0,0) (1,0,0,0) (0,0,1,0) (0,0,2,0) (0,0,0,1) (0,0,0,2)"
192,C2+C2+C3+C4+C4,7,7,7,8,pinned,0,0.00,"(0,0,1,1,0) (0,0,2,2,0) (0,0,1,0,0) (0,0,0,0,1) (0,0,0,0,2) (1,0,0,0,0) (0,1,0,0,0)"
192,C2+C2+C2+C2+C3+C4,7,7,7,8,pinned,0,0.00,"(0,0,0,0,1,1) (0,0,0,0,2,2) (0,0,0,0,1,0) (1,0,0,0,0,0) (0,1,0,0,0,0) (0,0,1,0,0,0) (0,0,0,1,0,0)"
192,C2+C2+C2+C2+C2+C2+C3,7,7,7,8,pinned,0,0.01,"(1,0,0,0,0,0,1) (0,0,0,0,0,0,2) (0,1,0,0,0,0,0) (0,0,1,0,0,0,0) (0,0,0,1,0,0,0) (0,0,0,0,1,0,0) (0,0,0,0,0,1,0)"
193,C193,7,7,7,8,pinned,0,0.00,"(1,) (2,) (4,) (8,) (16,) (32,) (64,)"
194,C2+C97,7,7,7,8,pinned,0,0.00,"(1,1) (0,2) (0,4) (0,8) (0,16) (0,32) (0,64)"
195,C3+C5+C13,7,7,7,8,pinned,0,0.00,"(1,1,1) (2,2,2) (1,4,4) (2,3,8) (1,1,3) (2,2,6) (1,4,12)"
196,C4+C49,7,7,7,8,pinned,0,0.00,"(1,1) (2,2) (0,4) (0,8) (0,16) (0,32) (0,15)"
196,C4+C7+C7,6,7,7,8,search,1574121,0.37,"(0,0,1) (0,1,0) (0,1,2) (0,1,4) (0,3,1) (1,0,0) (2,0,0)"
196,C2+C2+C49,7,7,7,8,pinned,0,0.00,"(1,0,1) (0,0,2) (0,0,4) (0,0,8) (0,0,16) (0,0,32) (0,1,0)"
196,C2+C2+C7+C7,6,7,7,8,search,2089251,0.56,"(0,0,0,1) (0,0,1,0) (0,0,1,2) (0,0,1,4) (0,0,3,1) (0,1,0,0) (1,0,0,0)"
197,C197,7,7,7,8,pinned,0,0.00,"(1,) (2,) (4,) (8,) (16,) (32,) (64,)"
198,C2+C9+C11,7,7,7,8,pinned,0,0.00,"(1,1,1) (0,2,2) (0,4,4) (0,8,8) (0,7,5) (0,5,10) (0,1,9)"
198,C2+C3+C3+C11,7,7,7,8,pinned,0,0.00,"(1,1,0,1) (0,2,0,2) (0,1,0,4) (0,2,0,8) (0,1,0,5) (0,2,0,10) (0,0,1,0)"
199,C199,7,7,7,8,pinned,0,0.00,"(1,) (2,) (4,) (8,) (16,) (32,) (64,)"
200,C8+C25,7,7,7,8,pinned,0,0.00,"(1,1) (2,2) (4,4) (0,8) (0,16) (0,7) (0,14)"
200,C5+C5+C8,7,7,7,8,pinned,0,0.00,"(1,0,1) (2,0,2) (4,0,4) (3,0,0) (1,0,0) (0,1,0) (0,2,0)"
200,C2+C4+C25,7,7,7,8,pinned,0,0.00,"(0,1,1) (0,2,2) (0,0,4) (0,0,8) (0,0,16) (0,0,7) (1,0,0)"
200,C2+C4+C5+C5,7,7,7,8,pinned,0,0.00,"(0,1,1,0) (0,2,2,0) (0,0,4,0) (0,0,3,0) (1,0,0,1) (0,0,0,2) (0,0,0,4)"
200,C2+C2+C2+C25,7,7,7,8,pinned,0,0.00,"(1,0,0,1) (0,0,0,2) (0,0,0,4) (0,0,0,8) (0,0,0,16) (0,1,0,0) (0,0,1,0)"
200,C2+C2+C2+C5+C5,7,7,7,8,pinned,0,0.00,"(1,0,0,1,0) (0,0,0,2,0) (0,0,0,4,0) (0,1,0,0,1) (0,0,0,0,2) (0,0,0,0,4) (0,0,1,0,0)"
201,C3+C67,7,7,7,8,pinned,0,0.00,"(1,1) (2,2) (1,4) (2,8) (1,16) (2,32) (1,64)"
202,C2+C101,7,7,7,8,pinned,0,0.00,"(1,1) (0,2) (0,4) (0,8) (0,16) (0,32) (0,64)"
203,C7+C29,7,7,7,8,pinned,0,0.00,"(1,1) (2,2) (4,4) (1,8) (2,16) (4,3) (1,6)"
204,C3+C4+C17,7,7,7,8,pinned,0,0.00,"(1,1,1) (2,2,2) (1,0,4) (2,0,8) (1,0,16) (2,0,15) (1,0,13)"
204,C2+C2+C3+C17,7,7,7,8,pinned,0,0.00,"(1,0,1,1) (0,0,2,2) (0,0,1,4) (0,0,2,8) (0,0,1,16) (0,0,2,15) (0,1,0,0)"
205,C5+C41,7,7,7,8,pinned,0,0.00,"(1,1) (2,2) (4,4) (3,8) (1,16) (2,32) (4,23)"
206,C2+C103,7,7,7,8,pinned,0,0.00,"(1,1) (0,2) (0,4) (0,8) (0,16) (0,32) (0,64)"
207,C9+C23,7,7,7,8,pinned,0,0.00,"(1,1) (2,2) (4,4) (8,8) (7,16) (5,9) (1,18)"
207,C3+C3+C23,7,7,7,8,pinned,0,0.00,"(1,0,1) (2,0,2) (1,0,4) (2,0,8) (1,0,16) (2,0,9) (0,1,0)"
208,C13+C16,7,7,7,8,pinned,0,0.00,"(1,1) (2,2) (4,4) (8,8) (3,0) (6,0) (12,0)"
208,C2+C8+C13,7,7,7,8,pinned,0,0.00,"(0,1,1) (0,2,2) (0,4,4) (0,0,8) (0,0,3) (0,0,6) (1,0,0)"
208,C4+C4+C13,7,7,7,8,pinned,0,0.00,"(1,0,1) (2,0,2) (0,0,4) (0,0,8) (0,0,3) (0,1,0) (0,2,0)"
208,C2+C2+C4+C13,7,7,7,8,pinned,0,0.00,"(0,0,1,1) (0,0,2,2) (0,0,0,4) (0,0,0,8) (0,0,0,3) (1,0,0,0) (0,1,0,0)"
208,C2+C2+C2+C2+C13,7,7,7,8,pinned,0,0.00,"(1,0,0,0,1) (0,0,0,0,2) (0,0,0,0,4) (0,0,0,0,8) (0,1,0,0,0) (0,0,1,0,0) (0,0,0,1,0)"
209,C11+C19,7,7,7,8,pinned,0,0.00,"(1,1) (2,2) (4,4) (8,8) (5,16) (10,13) (9,7)"
210,C2+C3+C5+C7,7,7,7,8,pinned,0,0.00,"(1,1,1,1) (0,2,2,2) (0,1,4,4) (0,2,3,1) (0,1,1,2) (0,2,2,4) (0,1,4,1)"
211,C211,7,7,7,8,pinned,0,0.00,"(1,) (2,) (4,) (8,) (16,) (32,) (64,)"
212,C4+C53,7,7,7,8,pinned,0,0.00,"(1,1) (2,2) (0,4) (0,8) (0,16) (0,32) (0,11)"
212,C2+C2+C53,7,7,7,8,pinned,0,0.00,"(1,0,1) (0,0,2) (0,0,4) (0,0,8) (0,0,16) (0,0,32) (0,1,0)"
213,C3+C71,7,7,7,8,pinned,0,0.00,"(1,1) (2,2) (1,4) (2,8) (1,16) (2,32) (1,64)"
214,C2+C107,7,7,7,8,pinned,0,0.00,"(1,1) (0,2) (0,4) (0,8) (0,16) (0,32) (0,64)"
215,C5+C43,7,7,7,8,pinned,0,0.00,"(1,1) (2,2) (4,4) (3,8) (1,16) (2,32) (4,21)"
216,C8+C27,7,7,7,8,pinned,0,0.00,"(1,1) (2,2) (4,4) (0,8) (0,16) (0,5) (0,10)"
216,C3+C8+C9,7,7,7,8,pinned,0,0.00,"(0,1,1) (0,2,2) (0,4,4) (0,0,8) (0,0,7) (0,0,5) (1,0,0)"
216,C3+C3+C3+C8,6,7,7,8,search,131117,0.07,"(0,0,0,1) (0,0,0,2) (0,0,1,0) (0,1,0,4) (1,0,0,4) (1,1,0,4) (1,2,0,4)"
216,C2+C4+C27,7,7,7,8,pinned,0,0.00,"(0,1,1) (0,2,2) (0,0,4) (0,0,8) (0,0,16) (0,0,5) (1,0,0)"
216,C2+C3+C4+C9,7,7,7,8,pinned,0,0.00,"(0,0,1,1) (0,0,2,2) (0,0,0,4) (0,0,0,8) (0,0,0,7) (1,1,0,0) (0,2,0,0)"
216,C2+C3+C3+C3+C4,6,7,7,8,search,90302,0.04,"(0,0,0,0,1) (0,0,0,0,2) (0,0,0,1,0) (1,0,1,0,0) (1,1,0,0,0) (1,1,1,0,0) (1,1,2,0,0)"
216,C2+C2+C2+C27,7,7,7,8,pinned,0,0.00,"(1,0,0,1) (0,0,0,2) (0,0,0,4) (0,0,0,8) (0,0,0,16) (0,1,0,0) (0,0,1,0)"
216,C2+C2+C2+C3+C9,7,7,7,8,pinned,0,0.00,"(1,0,0,0,1) (0,0,0,0,2) (0,0,0,0,4) (0,0,0,0,8) (0,1,0,1,0) (0,0,0,2,0) (0,0,1,0,0)"
216,C2+C2+C2+C3+C3+C3,6,7,7,8,search,18798639,5.99,"(0,0,0,0,0,1) (0,0,1,0,0,0) (0,1,0,0,0,0) (1,0,0,0,1,0) (1,0,0,1,0,0) (1,0,0,1,1,0) (1,0,0,1,2,0)"
217,C7+C31,7,7,7,8,pinned,0,0.00,"(1,1) (2,2) (4,4) (1,8) (2,16) (4,1) (1,2)"
218,C2+C109,7,7,7,8,pinned,0,0.00,"(1,1) (0,2) (0,4) (0,8) (0,16) (0,32) (0,64)"
219,C3+C73,7,7,7,8,pinned,0,0.00,"(1,1) (2,2) (1,4) (2,8) (1,16) (2,32) (1,64)"
220,C4+C5+C11,7,7,7,8,pinned,0,0.00,"(1,1,1) (2,2,2) (0,4,4) (0,3,8) (0,1,5) (0,2,10) (0,4,9)"
220,C2+C2+C5+C11,7,7,7,8,pinned,0,0.00,"(1,0,1,1) (0,0,2,2) (0,0,4,4) (0,0,3,8) (0,0,1,5) (0,0,2,10) (0,1,0,0)"
221,C13+C17,7,7,7,8,pinned,0,0.00,"(1,1) (2,2) (4,4) (8,8) (3,16) (6,15) (12,13)"
222,C2+C3+C37,7,7,7,8,pinned,0,0.00,"(1,1,1) (0,2,2) (0,1,4) (0,2,8) (0,1,16) (0,2,32) (0,1,27)"
223,C223,7,7,7,8,pinned,0,0.00,"(1,) (2,) (4,) (8,) (16,) (32,) (64,)"
224,C7+C32,7,7,7,8,pinned,0,0.00,"(1,1) (2,2) (4,4) (1,8) (2,16) (4,0) (1,0)"
224,C2+C7+C16,7,7,7,8,pinned,0,0.00,"(0,1,1) (0,2,2) (0,4,4) (0,1,8) (0,2,0) (0,4,0) (1,0,0)"
224,C4+C7+C8,7,7,7,8,pinned,0,0.00,"(0,1,1) (0,2,2) (0,4,4) (0,1,0) (0,2,0) (1,0,0) (2,0,0)"
224,C2+C2+C7+C8,7,7,7,8,pinned,0,0.00,"(0,0,1,1) (0,0,2,2) (0,0,4,4) (0,0,1,0) (0,0,2,0) (1,0,0,0) (0,1,0,0)"
224,C2+C4+C4+C7,7,7,7,8,pinned,0,0.00,"(0,1,0,1) (0,2,0,2) (0,0,0,4) (0,0,0,1) (0,0,1,0) (0,0,2,0) (1,0,0,0)"
224,C2+C2+C2+C4+C7,7,7,7,8,pinned,0,0.00,"(0,0,0,1,1) (0,0,0,2,2) (0,0,0,0,4) (0,0,0,0,1) (1,0,0,0,0) (0,1,0,0,0) (0,0,1,0,0)"
224,C2+C2+C2+C2+C2+C7,7,7,7,8,pinned,0,0.00,"(1,0,0,0,0,1) (0,0,0,0,0,2) (0,0,0,0,0,4) (0,1,0,0,0,0) (0,0,1,0,0,0) (0,0,0,1,0,0) (0,0,0,0,1,0)"
225,C9+C25,7,7,7,8,pinned,0,0.00,"(1,1) (2,2) (4,4) (8,8) (7,16) (5,7) (1,14)"
225,C5+C5+C9,7,7,7,8,pinned,0,0.00,"(1,0,1) (2,0,2) (4,0,4) (3,0,8) (1,0,7) (0,1,0) (0,2,0)"
225,C3+C3+C25,7,7,7,8,pinned,0,0.00,"(1,0,1) (2,0,2) (1,0,4) (2,0,8) (1,0,16) (2,0,7) (0,1,0)"
225,C3+C3+C5+C5,6,7,7,8,search,29997,0.02,"(0,0,0,1) (0,0,0,2) (0,0,1,0) (0,1,1,0) (1,0,1,0) (1,1,4,0) (1,2,2,0)"
226,C2+C113,7,7,7,8,pinned,0,0.00,"(1,1) (0,2) (0,4) (0,8) (0,16) (0,32) (0,64)"
227,C227,7,7,7,8,pinned,0,0.00,"(1,) (2,) (4,) (8,) (16,) (32,) (64,)"
228,C3+C4+C19,7,7,7,8,pinned,0,0.00,"(1,1,1) (2,2,2) (1,0,4) (2,0,8) (1,0,16) (2,0,13) (1,0,7)"
228,C2+C2+C3+C19,7,7,7,8,pinned,0,0.00,"(1,0,1,1) (0,0,2,2) (0,0,1,4) (0,0,2,8) (0,0,1,16) (0,0,2,13) (0,1,0,0)"
229,C229,7,7,7,8,pinned,0,0.00,"(1,) (2,) (4,) (8,) (16,) (32,) (64,)"
230,C2+C5+C23,7,7,7,8,pinned,0,0.00,"(1,1,1) (0,2,2) (0,4,4) (0,3,8) (0,1,16) (0,2,9) (0,4,18)"
231,C3+C7+C11,7,7,7,8,pinned,0,0.00,"(1,1,1) (2,2,2) (1,4,4) (2,1,8) (1,2,5) (2,4,10) (1,1,9)"
232,C8+C29,7,7,7,8,pinned,0,0.00,"(1,1) (2,2) (4,4) (0,8) (0,16) (0,3) (0,6)"
232,C2+C4+C29,7,7,7,8,pinned,0,0.00,"(0,1,1) (0,2,2) (0,0,4) (0,0,8) (0,0,16) (0,0,3) (1,0,0)"
232,C2+C2+C2+C29,7,7,7,8,pinned,0,0.00,"(1,0,0,1) (0,0,0,2) (0,0,0,4) (0,0,0,8) (0,0,0,16) (0,1,0,0) (0,0,1,0)"
233,C233,7,7,7,8,pinned,0,0.00,"(1,) (2,) (4,) (8,) (16,) (32,) (64,)"
234,C2+C9+C13,7,7,7,8,pinned,0,0.00,"(1,1,1) (0,2,2) (0,4,4) (0,8,8) (0,7,3) (0,5,6) (0,1,12)"
234,C2+C3+C3+C13,7,7,7,8,pinned,0,0.00,"(1,1,0,1) (0,2,0,2) (0,1,0,4) (0,2,0,8) (0,1,0,3) (0,2,0,6) (0,0,1,0)"
235,C5+C47,7,7,7,8,pinned,0,0.00,"(1,1) (2,2) (4,4) (3,8) (1,16) (2,32) (4,17)"
236,C4+C59,7,7,7,8,pinned,0,0.00,"(1,1) (2,2) (0,4) (0,8) (0,16) (0,32) (0,5)"
236,C2+C2+C59,7,7,7,8,pinned,0,0.00,"(1,0,1) (0,0,2) (0,0,4) (0,0,8) (0,0,16) (0,0,32) (0,1,0)"
237,C3+C79,7,7,7,8,pinned,0,0.00,"(1,1) (2,2) (1,4) (2,8) (1,16) (2,32) (1,64)"
238,C2+C7+C17,7,7,7,8,pinned,0,0.00,"(1,1,1) (0,2,2) (0,4,4) (0,1,8) (0,2,16) (0,4,15) (0,1,13)"
239,C239,7,7,7,8,pinned,0,0.00,"(1,) (2,) (4,) (8,) (16,) (32,) (64,)"
240,C3+C5+C16,7,7,7,8,pinned,0,0.00,"(1,1,1) (2,2,2) (1,4,4) (2,3,8) (1,1,0) (2,2,0) (1,4,0)"
240,C2+C3+C5+C8,7,7,7,8,pinned,0,0.00,"(0,1,1,1) (0,2,2,2) (0,1,4,4) (0,2,3,0) (0,1,1,0) (0,2,2,0) (1,0,0,0)"
240,C3+C4+C4+C5,7,7,7,8,pinned,0,0.00,"(1,1,0,1) (2,2,0,2) (1,0,0,4) (2,0,0,3) (1,0,0,1) (0,0,1,0) (0,0,2,0)"
240,C2+C2+C3+C4+C5,7,7,7,8,pinned,0,0.00,"(0,0,1,1,1) (0,0,2,2,2) (0,0,1,0,4) (0,0,2,0,3) (0,0,1,0,1) (1,0,0,0,0) (0,1,0,0,0)"
240,C2+C2+C2+C2+C3+C5,7,7,7,8,pinned,0,0.00,"(1,0,0,0,1,1) (0,0,0,0,2,2) (0,0,0,0,1,4) (0,0,0,0,2,3) (0,1,0,0,0,0) (0,0,1,0,0,0) (0,0,0,1,0,0)"
241,C241,7,7,7,8,pinned,0,0.00,"(1,) (2,) (4,) (8,) (16,) (32,) (64,)"
242,C2+C121,7,7,7,8,pinned,0,0.00,"(1,1) (0,2) (0,4) (0,8) (0,16) (0,32) (0,64)"
242,C2+C11+C11,7,7,7,8,pinned,0,0.00,"(1,1,0) (0,2,0) (0,4,0) (0,8,0) (0,0,1) (0,0,2) (0,0,4)"
243,C243,7,7,7,8,pinned,0,0.00,"(1,) (2,) (4,) (8,) (16,) (32,) (64,)"
243,C3+C81,7,7,7,8,pinned,0,0.00,"(0,1) (0,2) (0,4) (0,8) (0,16) (0,32) (1,0)"
243,C9+C27,7,7,7,8,pinned,0,0.00,"(0,1) (0,2) (0,4) (0,8) (1,0) (2,0) (4,0)"
243,C3+C3+C27,6,7,7,8,search,27965,0.02,"(0,0,1) (0,0,2) (0,0,4) (0,1,0) (1,0,2) (1,0,12) (1,0,21)"
243,C3+C9+C9,7,7,7,8,pinned,0,0.00,"(0,1,0) (0,2,0) (0,4,0) (0,0,1) (0,0,2) (0,0,4) (1,0,0)"
243,C3+C3+C3+C9,6,7,7,8,search,5345840,2.28,"(0,0,0,1) (0,0,1,1) (0,0,1,8) (0,1,0,1) (1,0,0,1) (1,1,0,7) (1,2,1,4)"
243,C3+C3+C3+C3+C3,5,7,5,6,theorem-T3,-1,0.00,
244,C4+C61,7,7,7,8,pinned,0,0.00,"(1,1) (2,2) (0,4) (0,8) (0,16) (0,32) (0,3)"
244,C2+C2+C61,7,7,7,8,pinned,0,0.00,"(1,0,1) (0,0,2) (0,0,4) (0,0,8) (0,0,16) (0,0,32) (0,1,0)"
245,C5+C49,7,7,7,8,pinned,0,0.00,"(1,1) (2,2) (4,4) (3,8) (1,16) (2,32) (4,15)"
245,C5+C7+C7,7,7,7,8,pinned,0,0.00,"(1,1,0) (2,2,0) (4,4,0) (3,1,0) (1,2,0) (0,0,1) (0,0,2)"
246,C2+C3+C41,7,7,7,8,pinned,0,0.00,"(1,1,1) (0,2,2) (0,1,4) (0,2,8) (0,1,16) (0,2,32) (0,1,23)"
247,C13+C19,7,7,7,8,pinned,0,0.00,"(1,1) (2,2) (4,4) (8,8) (3,16) (6,13) (12,7)"
248,C8+C31,7,7,7,8,pinned,0,0.00,"(1,1) (2,2) (4,4) (0,8) (0,16) (0,1) (0,2)"
248,C2+C4+C31,7,7,7,8,pinned,0,0.00,"(0,1,1) (0,2,2) (0,0,4) (0,0,8) (0,0,16) (0,0,1) (1,0,0)"
248,C2+C2+C2+C31,7,7,7,8,pinned,0,0.00,"(1,0,0,1) (0,0,0,2) (0,0,0,4) (0,0,0,8) (0,0,0,16) (0,1,0,0) (0,0,1,0)"
249,C3+C83,7,7,7,8,pinned,0,0.00,"(1,1) (2,2) (1,4) (2,8) (1,16) (2,32) (1,64)"
250,C2+C125,7,7,7,8,pinned,0,0.00,"(1,1) (0,2) (0,4) (0,8) (0,16) (0,32) (0,64)"
250,C2+C5+C25,7,7,7,8,pinned,0,0.00,"(1,0,1) (0,0,2) (0,0,4) (0,0,8) (0,0,16) (0,1,0) (0,2,0)"
250,C2+C5+C5+C5,7,7,7,8,pinned,0,0.00,"(1,1,0,0) (0,2,0,0) (0,4,0,0) (0,0,1,0) (0,0,2,0) (0,0,0,1) (0,0,0,2)"
251,C251,7,7,7,8,pinned,0,0.00,"(1,) (2,) (4,) (8,) (16,) (32,) (64,)"
252,C4+C7+C9,7,7,7,8,pinned,0,0.00,"(1,1,1) (2,2,2) (0,4,4) (0,1,8) (0,2,7) (0,4,5) (0,1,1)"
252,C3+C3+C4+C7,7,7,7,8,pinned,0,0.00,"(1,0,1,1) (2,0,2,2) (1,0,0,4) (2,0,0,1) (1,0,0,2) (2,0,0,4) (0,1,0,0)"
252,C2+C2+C7+C9,7,7,7,8,pinned,0,0.00,"(1,0,1,1) (0,0,2,2) (0,0,4,4) (0,0,1,8) (0,0,2,7) (0,0,4,5) (0,1,0,0)"
252,C2+C2+C3+C3+C7,7,7,7,8,pinned,0,0.00,"(1,0,1,0,1) (0,0,2,0,2) (0,0,1,0,4) (0,0,2,0,1) (0,0,1,0,2) (0,1,0,1,0) (0,0,0,2,0)"
253,C11+C23,7,7,7,8,pinned,0,0.00,"(1,1) (2,2) (4,4) (8,8) (5,16) (10,9) (9,18)"
254,C2+C127,7,7,7,8,pinned,0,0.00,"(1,1) (0,2) (0,4) (0,8) (0,16) (0,32) (0,64)"
255,C3+C5+C17,7,7,7,8,pinned,0,0.00,"(1,1,1) (2,2,2) (1,4,4) (2,3,8) (1,1,16) (2,2,15) (1,4,13)"
