order,primary,invariant,classes,L,DPM,control,expected_DPM,match,counts,witness,nodes,secs,note
101,101,101,50,6,7,cyclic,7,OK,1:50;2:1225;3:18800;4:177375;5:670950;6:124850,(1) (2) (4) (8) (16) (32),7351978,1.24,
102,2+3+17,102,51,6,7,,,,1:51;2:1275;3:20008;4:194968;5:805280;6:235240,"(1,0,0) (0,1,0) (0,0,1) (0,0,2) (0,0,4) (0,0,8)",9423395,1.52,
103,103,103,51,6,7,cyclic,7,OK,1:51;2:1275;3:19992;4:193545;5:764235;6:161874,(1) (2) (4) (8) (16) (32),8584709,1.48,
104,8+13,104,52,6,7,,,,1:52;2:1326;3:21250;4:212352;5:917918;6:376720,"(1,0) (2,0) (4,0) (0,1) (0,2) (0,4)",11809212,1.84,
104,2+4+13,2+52,53,6,7,,,,1:53;2:1378;3:22575;4:233888;5:1136338;6:825200,"(1,0,0) (0,1,0) (0,2,0) (0,0,1) (0,0,2) (0,0,4)",17478122,2.54,
104,2+2+2+13,2+2+26,55,6,7,,,,1:55;2:1485;3:25380;4:280728;5:1621074;6:1995504,"(1,0,0,0) (0,1,0,0) (0,0,1,0) (0,0,0,1) (0,0,0,2) (0,0,0,4)",31483251,3.97,
105,3+5+7,105,52,6,7,,,,1:52;2:1326;3:21233;4:210723;5:863355;6:188286,"(1,0,0) (0,1,1) (0,2,1) (0,2,2) (0,4,2) (0,2,3)",9921400,1.77,
106,2+53,106,53,6,7,,,,1:53;2:1378;3:22542;4:230802;5:1035294;6:405470,"(1,0) (0,1) (0,2) (0,4) (0,8) (0,16)",13157208,2.19,
107,107,107,53,6,7,cyclic,7,OK,1:53;2:1378;3:22525;4:229172;5:981825;6:264470,(1) (2) (4) (8) (16) (32),11641522,2.09,
108,4+27,108,54,6,7,,,,1:54;2:1431;3:23885;4:250337;5:1160113;6:530508,"(1,0) (2,0) (0,1) (0,2) (0,4) (0,8)",15569717,2.76,
108,2+2+27,2+54,55,6,7,,,,1:55;2:1485;3:25315;4:274569;5:1418931;6:984006,"(1,0,0) (0,1,0) (0,0,1) (0,0,2) (0,0,4) (0,0,8)",21634847,3.70,
108,3+4+9,3+36,54,6,7,,,,1:54;2:1431;3:23884;4:250104;5:1141237;6:437616,"(1,0,0) (0,1,0) (0,2,0) (0,0,1) (0,0,2) (0,0,4)",14699388,2.60,
108,2+2+3+9,6+18,55,6,7,,,,1:55;2:1485;3:25314;4:274362;5:1406556;6:800388,"(1,0,0,0) (0,1,0,0) (0,0,1,0) (0,0,0,1) (0,0,0,2) (0,0,0,4)",19717824,3.15,
108,3+3+3+4,3+3+12,54,6,7,,,,1:54;2:1431;3:23881;4:249405;5:1084681;6:143208,"(1,0,0,0) (0,0,0,1) (0,1,0,2) (0,0,1,2) (0,1,1,2) (0,2,1,2)",11418183,1.39,
108,2+2+3+3+3,3+6+6,55,6,7,,,,1:55;2:1485;3:25311;4:273741;5:1369836;6:280800,"(1,0,0,0,0) (0,0,1,0,0) (0,1,0,1,0) (0,1,0,0,1) (0,1,0,1,1) (0,1,0,2,1)",16651651,1.95,
109,109,109,54,6,7,cyclic,7,OK,1:54;2:1431;3:23868;4:248724;5:1107756;6:333693,(1) (2) (4) (8) (16) (32),13522472,2.27,
110,2+5+11,110,55,6,7,,,,1:55;2:1485;3:25281;4:271275;5:1309484;6:641168,"(1,0,0) (0,1,0) (0,2,0) (0,0,1) (0,0,2) (0,0,4)",18082469,2.92,
111,3+37,111,55,6,7,,,,1:55;2:1485;3:25263;4:269415;5:1239021;6:391608,"(1,0) (0,1) (0,2) (0,4) (0,8) (0,16)",15389881,2.57,
112,7+16,112,56,6,7,,,,1:56;2:1540;3:26730;4:293387;5:1465824;6:803156,"(1,0) (2,0) (0,1) (0,2) (0,4) (0,8)",19062498,3.27,
112,2+7+8,2+56,57,6,7,,,,1:57;2:1596;3:28269;4:320483;5:1770416;6:1617824,"(1,0,0) (0,1,0) (0,2,0) (0,0,1) (0,0,2) (0,0,4)",27256021,4.56,
112,4+4+7,4+28,57,6,7,,,,1:57;2:1596;3:28269;4:320451;5:1775292;6:1933320,"(1,0,0) (2,0,0) (0,1,0) (0,2,0) (0,0,1) (0,0,2)",34933080,5.04,
112,2+2+4+7,2+2+28,59,6,7,,,,1:59;2:1711;3:31514;4:379043;5:2447556;6:4023336,"(1,0,0,0) (0,1,0,0) (0,0,1,0) (0,0,2,0) (0,0,0,1) (0,0,0,2)",60772363,7.83,
112,2+2+2+2+7,2+2+2+14,63,6,7,,,,1:63;2:1953;3:38700;4:515235;5:4104324;6:11648280,"(1,0,0,0,0) (0,1,0,0,0) (0,0,1,0,0) (0,0,0,1,0) (0,0,0,0,1) (0,0,0,0,2)",150224174,16.74,
113,113,113,56,6,7,cyclic,7,OK,1:56;2:1540;3:26712;4:291550;5:1398264;6:519064,(1) (2) (4) (8) (16) (32),18158341,3.17,
114,2+3+19,114,57,6,7,,,,1:57;2:1596;3:28233;4:316755;5:1629513;6:857727,"(1,0,0) (0,1,0) (0,0,1) (0,0,2) (0,0,4) (0,0,8)",23225316,3.79,
115,5+23,115,57,6,7,,,,1:57;2:1596;3:28215;4:314930;5:1566752;6:656403,"(1,0) (2,0) (0,1) (0,2) (0,4) (0,8)",21152957,3.68,
116,4+29,116,58,6,7,,,,1:58;2:1653;3:29792;4:341656;5:1823976;6:1191904,"(1,0) (2,0) (0,1) (0,2) (0,4) (0,8)",28488365,4.72,
116,2+2+29,2+58,59,6,7,,,,1:59;2:1711;3:31444;4:371868;5:2178596;6:2090018,"(1,0,0) (0,1,0) (0,0,1) (0,0,2) (0,0,4) (0,0,8)",39748195,6.08,
117,9+13,117,58,6,7,,,,1:58;2:1653;3:29773;4:339588;5:1737711;6:753366,"(1,0) (2,0) (4,0) (0,1) (0,2) (0,4)",24005640,4.08,
117,3+3+13,3+39,58,6,7,,,,1:58;2:1653;3:29772;4:339318;5:1712520;6:623712,"(1,0,0) (0,0,1) (0,1,1) (0,2,1) (0,1,3) (0,0,6)",22514125,3.53,
118,2+59,118,59,6,7,,,,1:59;2:1711;3:31407;4:367923;5:2026723;6:1322864,"(1,0) (0,1) (0,2) (0,4) (0,8) (0,16)",31787321,5.38,
119,7+17,119,59,6,7,,,,1:59;2:1711;3:31388;4:365862;5:1945398;6:928294,"(1,0) (2,0) (0,1) (0,2) (0,4) (0,8)",27695749,4.91,
120,3+5+8,120,60,6,7,,,,1:60;2:1770;3:33079;4:395576;5:2242876;6:1645212,"(1,0,0) (0,1,0) (0,2,0) (0,0,1) (0,0,2) (0,0,4)",34037291,6.07,
120,2+3+4+5,2+60,61,6,7,,,,1:61;2:1830;3:34848;4:429112;5:2659100;6:3046904,"(1,0,0,0) (0,1,0,0) (0,0,1,0) (0,0,2,0) (0,0,0,1) (0,0,0,2)",55894896,8.66,
120,2+2+2+3+5,2+2+30,63,6,7,,,,1:63;2:1953;3:38565;4:501256;5:3568376;6:6449520,"(1,0,0,0,0) (0,1,0,0,0) (0,0,1,0,0) (0,0,0,1,0) (0,0,0,0,1) (0,0,0,0,2)",95291125,12.78,
121,121,121,60,6,7,cyclic,7,OK,1:60;2:1770;3:33060;4:393525;5:2160675;6:1168585,(1) (2) (4) (8) (16) (32),32215323,5.80,
121,11+11,11+11,60,6,7,,,,1:60;2:1770;3:33060;4:393525;5:2156220;6:1274790,"(1,0) (2,0) (4,0) (0,1) (0,2) (0,4)",32969190,5.89,
122,2+61,122,61,6,7,,,,1:61;2:1830;3:34810;4:424950;5:2488746;6:1879305,"(1,0) (0,1) (0,2) (0,4) (0,8) (0,16)",42085935,7.41,
123,3+41,123,61,6,7,,,,1:61;2:1830;3:34790;4:422635;5:2386223;6:1331800,"(1,0) (0,1) (0,2) (0,4) (0,8) (0,16)",36226233,6.46,
124,4+31,124,62,6,7,,,,1:62;2:1891;3:36600;4:455820;5:2750244;6:2352944,"(1,0) (2,0) (0,1) (0,2) (0,4) (0,8)",49773218,8.68,
124,2+2+31,2+62,63,6,7,,,,1:63;2:1953;3:38490;4:492930;5:3227754;6:3903828,"(1,0,0) (0,1,0) (0,0,1) (0,0,2) (0,0,4) (0,0,8)",69101671,11.15,
125,125,125,62,6,7,cyclic,7,OK,1:62;2:1891;3:36580;4:453535;5:2652850;6:1704550,(1) (2) (4) (8) (16) (32),42679756,7.80,
125,5+25,5+25,62,6,7,,,,1:62;2:1891;3:36580;4:453560;5:2664200;6:1859350,"(1,0) (2,0) (0,1) (0,2) (0,4) (0,8)",44083233,7.96,
125,5+5+5,5+5+5,62,6,7,,,,1:62;2:1891;3:36580;4:453685;5:2720250;6:2576875,"(1,0,0) (2,0,0) (0,1,0) (0,2,0) (0,0,1) (0,0,2)",49911483,8.22,
126,2+7+9,126,63,6,7,,,,1:63;2:1953;3:38450;4:488274;5:3022617;6:2482407,"(1,0,0) (0,1,0) (0,2,0) (0,0,1) (0,0,2) (0,0,4)",53372011,9.42,
126,2+3+3+7,3+42,63,6,7,,,,1:63;2:1953;3:38449;4:487993;5:2996202;6:2161044,"(1,0,0,0) (0,1,0,0) (0,0,0,1) (0,0,1,1) (0,0,2,1) (0,0,1,3)",50225943,8.08,
127,127,127,63,6,7,cyclic,7,OK,1:63;2:1953;3:38430;4:485982;5:2926476;6:1995147,(1) (2) (4) (8) (16) (32),48611737,8.98,
128,128,128,64,7,8,cyclic,8,OK,1:64;2:2016;3:40362;4:522600;5:3337152;6:3212432;7:32768,(1) (2) (4) (8) (16) (32) (64),57499192,11.05,
128,2+64,2+64,65,7,8,,,,1:65;2:2080;3:42377;4:563504;5:3888496;6:5480064;7:180224,"(1,0) (0,1) (0,2) (0,4) (0,8) (0,16) (0,32)",77034518,14.34,
128,4+32,4+32,65,7,8,,,,1:65;2:2080;3:42377;4:563472;5:3892288;6:6031968;7:491520,"(1,0) (2,0) (0,1) (0,2) (0,4) (0,8) (0,16)",81053860,14.68,
128,2+2+32,2+2+32,67,7,8,,,,1:67;2:2211;3:46598;4:651076;5:5091928;6:11425488;7:1261568,"(1,0,0) (0,1,0) (0,0,1) (0,0,2) (0,0,4) (0,0,8) (0,0,16)",131737401,21.72,
128,8+16,8+16,65,7,8,,,,1:65;2:2080;3:42377;4:563488;5:3891696;6:5885440;7:905216,"(1,0) (2,0) (4,0) (0,1) (0,2) (0,4) (0,8)",82141021,14.79,
128,2+4+16,2+4+16,67,7,8,,,,1:67;2:2211;3:46598;4:651040;5:5102480;6:12469760;7:3223552,"(1,0,0) (0,1,0) (0,2,0) (0,0,1) (0,0,2) (0,0,4) (0,0,8)",146359702,23.98,
128,2+2+2+16,2+2+2+16,71,7,8,,,,1:71;2:2485;3:55832;4:851096;5:7966056;6:29767360;7:11354112,"(1,0,0,0) (0,1,0,0) (0,0,1,0) (0,0,0,1) (0,0,0,2) (0,0,0,4) (0,0,0,8)",343946898,49.69,
128,2+8+8,2+8+8,67,7,8,,,,1:67;2:2211;3:46598;4:651072;5:5098848;6:12128256;7:4866048,"(1,0,0) (0,1,0) (0,2,0) (0,4,0) (0,0,1) (0,0,2) (0,0,4)",154257550,25.47,
128,4+4+8,4+4+8,67,7,8,,,,1:67;2:2211;3:46598;4:650968;5:5121920;6:14564352;7:8404992,"(1,0,0) (2,0,0) (0,1,0) (0,2,0) (0,0,1) (0,0,2) (0,0,4)",186678185,29.86,
128,2+2+4+8,2+2+4+8,71,7,8,,,,1:71;2:2485;3:55832;4:851152;5:7993864;6:31673856;7:25305088,"(1,0,0,0) (0,1,0,0) (0,0,1,0) (0,0,2,0) (0,0,0,1) (0,0,0,2) (0,0,0,4)",437375401,64.98,
128,2+2+2+2+8,2+2+2+2+8,79,7,8,,,,1:79;2:3081;3:77692;4:1366040;5:16120272;6:100481920;7:131002368,"(1,0,0,0,0) (0,1,0,0,0) (0,0,1,0,0) (0,0,0,1,0) (0,0,0,0,1) (0,0,0,0,2) (0,0,0,0,4)",1847683200,249.42,
