n,a_max,num_anomalous_a,floor_1e9_rho
3,1,1,1500000000
4,2,1,1200000000
5,2,1,1428571428
6,2,1,1071428571
7,3,1,1325757575
8,3,1,1174825174
9,4,1,1233566433
10,4,1,1209378856
11,5,1,1155275065
12,5,1,1212533596
13,6,2,1088937176
14,6,1,1200553237
15,6,2,1070452132
16,7,1,1181188559
17,7,1,1101172560
18,8,1,1158376329
19,8,1,1119079974
20,9,1,1134202676
21,9,1,1128143901
22,10,1,1109800098
23,10,1,1131027869
24,11,2,1085786754
25,11,1,1129554537
26,12,2,1062493785
27,12,1,1124993420
28,12,2,1056339635
29,13,1,1118242615
30,13,2,1069162944
31,14,1,1109946064
32,14,1,1078271829
33,15,1,1100570784
34,15,1,1084389368
35,16,1,1090458712
36,16,1,1088088150
37,17,1,1079862131
38,17,1,1089824516
39,18,2,1068968266
40,18,1,1089964423
41,19,2,1057916613
42,19,1,1088803067
43,20,2,1046811309
44,20,1,1086579876
45,20,2,1044015919
46,21,1,1083490036
47,21,2,1050500622
48,22,1,1079693419
49,22,2,1055578629
50,23,1,1075321533
51,23,2,1059436101
52,24,1,1070482979
53,24,1,1062232809
54,25,1,1065267760
55,25,1,1064106253
56,26,2,1059750702
57,26,1,1065175080
58,27,2,1053994184
59,27,1,1065541936
60,28,2,1048050337
61,28,1,1065295845
62,29,2,1041962817
63,29,1,1064514202
64,30,2,1035768240
65,30,1,1063264450
66,30,2,1034263553
67,31,1,1061605484
68,31,2,1037974344
69,32,1,1059588844
70,32,2,1041049557
71,33,1,1057259723
72,33,2,1043549821
73,34,1,1054657821
74,34,2,1045529575
75,35,1,1051818071
76,35,1,1047037760
77,36,1,1048771266
78,36,1,1048118436
79,37,2,1045544591
80,37,1,1048811322
81,38,2,1042162077
82,38,1,1049152264
83,39,2,1038644995
84,39,1,1049173661
85,40,2,1035012198
86,40,1,1048904824
87,41,2,1031280415
88,41,1,1048372307
89,42,2,1027464500
90,42,1,1047600192
91,42,2,1026561851
92,43,1,1046610341
93,43,2,1028876301
94,44,1,1045422626
95,44,2,1030865599
96,45,1,1044055125
97,45,2,1032553113
98,46,1,1042524302
99,46,2,1033960414
100,47,1,1040845165
101,47,2,1035107431
102,48,1,1039031405
103,48,1,1036012588
104,49,2,1037095528
105,49,1,1036692928
106,50,2,1035048959
107,50,1,1037164234
108,51,2,1032902151
109,51,1,1037441124
110,52,2,1030664670
111,52,1,1037537154
112,53,2,1028345279
113,53,1,1037464899
114,54,2,1025952011
115,54,1,1037236033
116,55,2,1023492232
117,55,1,1036861400
118,56,2,1020972703
119,56,1,1036351083
120,56,2,1020388693
121,57,1,1035714456
122,57,2,1021926630
123,58,1,1034960246
124,58,2,1023282250
125,59,1,1034096580
126,59,2,1024465768
127,60,1,1033131028
128,60,2,1025486788
129,61,1,1032070648
130,61,2,1026354340
131,62,1,1030922025
132,62,2,1027076925
133,63,1,1029691302
134,63,1,1027662544
135,64,1,1028384217
136,64,1,1028118731
137,65,2,1027006128
138,65,1,1028452589
139,66,2,1025562044
140,66,1,1028670807
141,67,2,1024056648
142,67,1,1028779699
143,68,2,1022494320
144,68,1,1028785217
145,69,2,1020879161
146,69,1,1028692980
147,70,2,1019215007
148,70,1,1028508292
149,71,2,1017505455
150,71,1,1028236165
151,72,2,1015753871
152,72,1,1027881331
153,72,2,1015354308
154,73,1,1027448265
155,73,2,1016427028
156,74,1,1026941198
157,74,2,1017390086
158,75,1,1026364132
159,75,2,1018248401
160,76,1,1025720853
161,76,2,1019006658
162,77,1,1025014944
163,77,2,1019669319
164,78,1,1024249800
165,78,2,1020240636
166,79,1,1023428633
167,79,2,1020724659
168,80,1,1022554491
169,80,1,1021125250
170,81,1,1021630257
171,81,1,1021446089
172,82,2,1020658669
173,82,1,1021690689
174,83,2,1019642321
175,83,1,1021862399
176,84,2,1018583674
177,84,1,1021964415
178,85,2,1017485064
179,85,1,1021999788
180,86,2,1016348707
181,86,1,1021971431
182,87,2,1015176708
183,87,1,1021882126
184,88,2,1013971063
185,88,1,1021734528
186,89,2,1012733673
187,89,1,1021531177
188,90,2,1011466339
189,90,1,1021274497
190,90,2,1011180946
191,91,1,1020966809
192,91,2,1011958373
193,92,1,1020610329
194,92,2,1012666082
195,93,1,1020207176
196,93,2,1013306633
197,94,1,1019759380
198,94,2,1013882486
199,95,1,1019268880
200,95,2,1014396007
201,96,1,1018737534
202,96,2,1014849468
203,97,1,1018167118
204,97,2,1015245054
205,98,1,1017559334
206,98,1,1015584868
207,99,1,1016915812
208,99,1,1015870929
209,100,1,1016238111
210,100,1,1016105183
211,101,1,1015527728
212,101,1,1016289500
213,102,2,1014786093
214,102,1,1016425679
215,103,2,1014014580
216,103,1,1016515454
217,104,2,1013214504
218,104,1,1016560492
219,105,2,1012387127
220,105,1,1016562398
221,106,2,1011533658
222,106,1,1016522719
223,107,2,1010655257
224,107,1,1016442944
225,108,2,1009753036
226,108,1,1016324507
227,109,2,1008828063
228,109,1,1016168791
229,110,2,1007881361
230,110,1,1015977126
231,110,2,1007670423
232,111,1,1015750796
233,111,2,1008251568
234,112,1,1015491037
235,112,2,1008786362
236,113,1,1015199044
237,113,2,1009276223
238,114,1,1014875964
239,114,2,1009722525
240,115,1,1014522908
241,115,2,1010126595
242,116,1,1014140943
243,116,2,1010489718
244,117,1,1013731103
245,117,1,1010813139
246,118,1,1013294381
247,118,1,1011098061
248,119,1,1012831738
249,119,1,1011345651
250,120,1,1012344101
251,120,1,1011557035
252,121,1,1011832364
253,121,1,1011733308
254,122,1,1011297390
255,122,1,1011875527
256,123,1,1010740012
257,123,1,1011984717
258,124,1,1010161036
259,124,1,1012061872
260,125,1,1009561238
261,125,1,1012107952
262,126,2,1008941369
263,126,1,1012123890
264,127,2,1008302154
265,127,1,1012110589
266,128,2,1007644293
267,128,1,1012068924
268,129,2,1006968463
269,129,1,1011999743
270,130,2,1006275317
271,130,1,1011903869
272,131,2,1005565486
273,131,1,1011782097
274,132,2,1004839583
275,132,1,1011635202
276,132,2,1004679272
277,133,1,1011463933
278,133,2,1005124942
279,134,1,1011269016
280,134,2,1005538639
281,135,1,1011051156
282,135,2,1005921193
283,136,1,1010811037
284,136,2,1006273407
285,137,1,1010549321
286,137,2,1006596065
287,138,1,1010266654
288,138,1,1006889930
289,139,1,1009963657
290,139,1,1007155741
291,140,1,1009640939
292,140,1,1007394221
293,141,1,1009299085
294,141,1,1007606069
295,142,1,1008938668
296,142,1,1007791970
297,143,1,1008560241
298,143,1,1007952587
299,144,1,1008164341
300,144,1,1008088566
301,145,1,1007751492
302,145,1,1008200536
303,146,1,1007322198
304,146,1,1008289110
305,147,1,1006876954
306,147,1,1008354884
307,148,1,1006416236
308,148,1,1008398439
309,149,1,1005940509
310,149,1,1008420338
311,150,1,1005450224
312,150,1,1008421133
313,151,1,1004945819
314,151,1,1008401359
315,152,1,1004427719
316,152,1,1008361537
317,153,2,1003896338
318,153,1,1008302176
319,154,2,1003352077
320,154,1,1008223772
321,155,2,1002795327
322,155,1,1008126805
323,156,2,1002226468
324,156,1,1008011745
325,156,2,1002101782
326,157,1,1007879051
327,157,2,1002450971
328,158,1,1007729167
329,158,2,1002777416
330,159,1,1007562529
331,159,1,1003081620
332,160,1,1007379560
333,160,1,1003364077
334,161,1,1007180671
335,161,1,1003625269
336,162,1,1006966266
337,162,1,1003865665
338,163,1,1006736736
339,163,1,1004085725
340,164,1,1006492463
341,164,1,1004285897
342,165,1,1006233820
343,165,1,1004466618
344,166,1,1005961169
345,166,1,1004628318
346,167,1,1005674865
347,167,1,1004771413
348,168,1,1005375252
349,168,1,1004896313
350,169,1,1005062668
351,169,1,1005003416
352,170,1,1004737440
353,170,1,1005093112
354,171,1,1004399890
355,171,1,1005165782
356,172,1,1004050327
357,172,1,1005221798
358,173,1,1003689059
359,173,1,1005261525
360,174,1,1003316380
361,174,1,1005285317
362,175,1,1002932582
363,175,1,1005293523
364,176,1,1002537947
365,176,1,1005286482
366,177,1,1002132750
367,177,1,1005264526
368,178,1,1001717262
369,178,1,1005227980
370,179,1,1001291743
371,179,1,1005177161
372,180,1,1000856452
373,180,1,1005112380
374,181,1,1000411636
375,181,1,1005033940
376,182,0,999957542
377,182,1,1004942137
378,182,0,999858654
379,183,1,1004837263
380,183,1,1000137291
381,184,1,1004719599
382,184,1,1000399318
383,185,1,1004589425
384,185,1,1000645056
385,186,1,1004447012
386,186,1,1000874815
387,187,1,1004292624
388,187,1,1001088905
389,188,1,1004126522
390,188,1,1001287623
391,189,1,1003948959
392,189,1,1001471266
393,190,1,1003760185
394,190,1,1001640120
395,191,1,1003560441
396,191,1,1001794469
397,192,1,1003349966
398,192,1,1001934590
399,193,1,1003128993
400,193,1,1002060754
401,194,1,1002897749
402,194,1,1002173226
403,195,1,1002656457
404,195,1,1002272267
405,196,1,1002405336
406,196,1,1002358133
407,197,1,1002144597
408,197,1,1002431074
409,198,1,1001874451
410,198,1,1002491335
411,199,1,1001595102
412,199,1,1002539157
413,200,1,1001306749
414,200,1,1002574776
415,201,1,1001009588
416,201,1,1002598423
417,202,1,1000703812
418,202,1,1002610324
419,203,1,1000389607
420,203,1,1002610702
421,204,1,1000067158
422,204,1,1002599774
423,205,0,999736644
424,205,1,1002577754
425,206,0,999398241
426,206,1,1002544852
427,207,0,999052122
428,207,1,1002501273
429,208,0,998698455
430,208,1,1002447218
431,209,0,998337406
432,209,1,1002382885
433,210,0,997969136
434,210,1,1002308468
435,210,0,997889388
436,211,1,1002224157
437,211,0,998115252
438,212,1,1002130138
439,212,0,998328711
440,213,1,1002026593
441,213,0,998529973
442,214,1,1001913703
443,214,0,998719243
444,215,1,1001791642
445,215,0,998896723
446,216,1,1001660585
447,216,0,999062611
448,217,1,1001520699
449,217,0,999217100
450,218,1,1001372152
451,218,0,999360381
452,219,1,1001215105
453,219,0,999492643
454,220,1,1001049719
455,220,0,999614069
456,221,1,1000876151
457,221,0,999724839
458,222,1,1000694555
459,222,0,999825133
460,223,1,1000505081
461,223,0,999915124
462,224,1,1000307878
463,224,0,999994984
464,225,1,1000103092
465,225,1,1000064882
466,226,0,999890864
467,226,1,1000124983
468,227,0,999671336
469,227,1,1000175451
470,228,0,999444645
471,228,1,1000216445
472,229,0,999210926
473,229,1,1000248123
474,230,0,998970310
475,230,1,1000270639
476,231,0,998722929
477,231,1,1000284145
478,232,0,998468910
479,232,1,1000288791
480,233,0,998208378
481,233,1,1000284723
482,234,0,997941456
483,234,1,1000272085
484,235,0,997668265
485,235,1,1000251019
486,236,0,997388924
487,236,1,1000221665
488,237,0,997103549
489,237,1,1000184160
490,238,0,996812254
491,238,1,1000138637
492,239,0,996515151
493,239,1,1000085231
494,240,0,996212351
495,240,1,1000024070
496,240,0,996147103
497,241,0,999955284
498,241,0,996332712
499,242,0,999878997
500,242,0,996508873
501,243,0,999795333
502,243,0,996675726
503,244,0,999704414
504,244,0,996833409
505,245,0,999606360
506,245,0,996982059
507,246,0,999501289
508,246,0,997121808
509,247,0,999389315
510,247,0,997252789
511,248,0,999270553
512,248,0,997375131
513,249,0,999145115
514,249,0,997488961
515,250,0,999013110
516,250,0,997594405
517,251,0,998874647
518,251,0,997691587
519,252,0,998729832
520,252,0,997780629
521,253,0,998578770
522,253,0,997861649
523,254,0,998421564
524,254,0,997934768
525,255,0,998258314
526,255,0,998000099
527,256,0,998089122
528,256,0,998057759
529,257,0,997914083
530,257,0,998107859
531,258,0,997733296
532,258,0,998150511
533,259,0,997546854
534,259,0,998185823
535,260,0,997354852
536,260,0,998213904
537,261,0,997157380
538,261,0,998234859
539,262,0,996954529
540,262,0,998248793
541,263,0,996746387
542,263,0,998255808
543,264,0,996533043
544,264,0,998256006
545,265,0,996314582
546,265,0,998249486
547,266,0,996091088
548,266,0,998236346
549,267,0,995862645
550,267,0,998216684
551,268,0,995629335
552,268,0,998190594
553,269,0,995391239
554,269,0,998158170
555,270,0,995148435
556,270,0,998119505
557,271,0,994901001
558,271,0,998074690
559,272,0,994649015
560,272,0,998023814
561,272,0,994594952
562,273,0,997966966
563,273,0,994749324
564,274,0,997904232
565,274,0,994896376
566,275,0,997835699
567,275,0,995036205
568,276,0,997761451
569,276,0,995168906
570,277,0,997681571
571,277,0,995294573
572,278,0,997596141
573,278,0,995413298
574,279,0,997505242
575,279,0,995525173
576,280,0,997408954
577,280,0,995630287
578,281,0,997307355
579,281,0,995728730
580,282,0,997200522
581,282,0,995820589
582,283,0,997088531
583,283,0,995905949
584,284,0,996971458
585,284,0,995984897
586,285,0,996849377
587,285,0,996057517
588,286,0,996722359
589,286,0,996123890
590,287,0,996590478
591,287,0,996184100
592,288,0,996453804
593,288,0,996238226
594,289,0,996312406
595,289,0,996286347
596,290,0,996166353
597,290,0,996328543
598,291,0,996015714
599,291,0,996364891
600,292,0,995860554
601,292,0,996395467
602,293,0,995700940
603,293,0,996420345
604,294,0,995536937
605,294,0,996439601
606,295,0,995368608
607,295,0,996453308
608,296,0,995196016
609,296,0,996461538
610,297,0,995019224
611,297,0,996464362
612,298,0,994838292
613,298,0,996461850
614,299,0,994653282
615,299,0,996454072
616,300,0,994464252
617,300,0,996441096
618,301,0,994271262
619,301,0,996422991
620,302,0,994074369
621,302,0,996399821
622,303,0,993873629
623,303,0,996371654
624,304,0,993669100
625,304,0,996338554
626,305,0,993460837
627,305,0,996300585
628,306,0,993248893
629,306,0,996257810
630,306,0,993203597
631,307,0,996210292
632,307,0,993333362
633,308,0,996158092
634,308,0,993457370
635,309,0,996101270
636,309,0,993575688
637,310,0,996039888
638,310,0,993688383
639,311,0,995974002
640,311,0,993795523
641,312,0,995903673
642,312,0,993897172
643,313,0,995828958
644,313,0,993993395
645,314,0,995749912
646,314,0,994084256
647,315,0,995666593
648,315,0,994169817
649,316,0,995579056
650,316,0,994250142
651,317,0,995487355
652,317,0,994325290
653,318,0,995391545
654,318,0,994395324
655,319,0,995291678
656,319,0,994460303
657,320,0,995187806
658,320,0,994520286
659,321,0,995079983
660,321,0,994575332
661,322,0,994968258
662,322,0,994625499
663,323,0,994852683
664,323,0,994670843
665,324,0,994733306
666,324,0,994711421
667,325,0,994610178
668,325,0,994747289
669,326,0,994483348
670,326,0,994778501
671,327,0,994352861
672,327,0,994805113
673,328,0,994218768
674,328,0,994827178
675,329,0,994081112
676,329,0,994844748
677,330,0,993939942
678,330,0,994857877
679,331,0,993795303
680,331,0,994866615
681,332,0,993647239
682,332,0,994871015
683,333,0,993495794
684,333,0,994871127
685,334,0,993341014
686,334,0,994867000
687,335,0,993182940
688,335,0,994858684
689,336,0,993021615
690,336,0,994846228
691,337,0,992857083
692,337,0,994829680
693,338,0,992689384
694,338,0,994809087
695,339,0,992518559
696,339,0,994784496
697,340,0,992344649
698,340,0,994755955
699,341,0,992167694
700,341,0,994723508
701,342,0,991987734
702,342,0,994687201
703,342,0,991949407
704,343,0,994647079
705,343,0,992059525
706,344,0,994603187
707,344,0,992165054
708,345,0,994555567
709,345,0,992266042
710,346,0,994504264
711,346,0,992362537
712,347,0,994449319
713,347,0,992454587
714,348,0,994390776
715,348,0,992542240
716,349,0,994328676
717,349,0,992625540
718,350,0,994263060
719,350,0,992704536
720,351,0,994193968
721,351,0,992779272
722,352,0,994121442
723,352,0,992849792
724,353,0,994045521
725,353,0,992916143
726,354,0,993966245
727,354,0,992978367
728,355,0,993883651
729,355,0,993036509
730,356,0,993797779
731,356,0,993090611
732,357,0,993708667
733,357,0,993140716
734,358,0,993616352
735,358,0,993186866
736,359,0,993520871
737,359,0,993229103
738,360,0,993422261
739,360,0,993267467
740,361,0,993320559
741,361,0,993302001
742,362,0,993215799
743,362,0,993332743
744,363,0,993108018
745,363,0,993359735
746,364,0,992997250
747,364,0,993383015
748,365,0,992883531
749,365,0,993402622
750,366,0,992766893
751,366,0,993418594
752,367,0,992647372
753,367,0,993430971
754,368,0,992525000
755,368,0,993439790
756,369,0,992399811
757,369,0,993445088
758,370,0,992271836
759,370,0,993446902
760,371,0,992141110
761,371,0,993445269
762,372,0,992007663
763,372,0,993440224
764,373,0,991871526
765,373,0,993431804
766,374,0,991732732
767,374,0,993420043
768,375,0,991591311
769,375,0,993404977
770,376,0,991447293
771,376,0,993386641
772,377,0,991300710
773,377,0,993365069
774,378,0,991151589
775,378,0,993340293
776,379,0,990999961
777,379,0,993312349
778,380,0,990845856
779,380,0,993281269
780,380,0,990813137
781,381,0,993247086
782,381,0,990907381
783,382,0,993209832
784,382,0,990997922
785,383,0,993169540
786,383,0,991084796
787,384,0,993126240
788,384,0,991168037
789,385,0,993079966
790,385,0,991247681
791,386,0,993030747
792,386,0,991323762
793,387,0,992978614
794,387,0,991396315
795,388,0,992923599
796,388,0,991465372
797,389,0,992865730
798,389,0,991530968
799,390,0,992805038
800,390,0,991593135
801,391,0,992741552
802,391,0,991651907
803,392,0,992675302
804,392,0,991707315
805,393,0,992606315
806,393,0,991759393
807,394,0,992534622
808,394,0,991808171
809,395,0,992460249
810,395,0,991853681
811,396,0,992383225
812,396,0,991895955
813,397,0,992303578
814,397,0,991935023
815,398,0,992221335
816,398,0,991970916
817,399,0,992136523
818,399,0,992003664
819,400,0,992049169
820,400,0,992033297
821,401,0,991959299
822,401,0,992059844
823,402,0,991866939
824,402,0,992083336
825,403,0,991772117
826,403,0,992103801
827,404,0,991674856
828,404,0,992121267
829,405,0,991575183
830,405,0,992135764
831,406,0,991473123
832,406,0,992147320
833,407,0,991368701
834,407,0,992155962
835,408,0,991261941
836,408,0,992161718
837,409,0,991152868
838,409,0,992164616
839,410,0,991041506
840,410,0,992164683
841,411,0,990927878
842,411,0,992161945
843,412,0,990812009
844,412,0,992156430
845,413,0,990693922
846,413,0,992148163
847,414,0,990573641
848,414,0,992137171
849,415,0,990451187
850,415,0,992123479
851,416,0,990326583
852,416,0,992107113
853,417,0,990199853
854,417,0,992088099
855,418,0,990071018
856,418,0,992066461
857,419,0,989940101
858,419,0,992042225
859,420,0,989807123
860,420,0,992015414
861,420,0,989778969
862,421,0,991986053
863,421,0,989860248
864,422,0,991954167
865,422,0,989938506
866,423,0,991919780
867,423,0,990013770
868,424,0,991882914
869,424,0,990086067
870,425,0,991843594
871,425,0,990155422
872,426,0,991801842
873,426,0,990221861
874,427,0,991757682
875,427,0,990285409
876,428,0,991711136
877,428,0,990346091
878,429,0,991662227
879,429,0,990403933
880,430,0,991610977
881,430,0,990458959
882,431,0,991557408
883,431,0,990511194
884,432,0,991501543
885,432,0,990560661
886,433,0,991443403
887,433,0,990607385
888,434,0,991383009
889,434,0,990651389
890,435,0,991320383
891,435,0,990692698
892,436,0,991255545
893,436,0,990731334
894,437,0,991188518
895,437,0,990767322
896,438,0,991119320
897,438,0,990800682
898,439,0,991047974
899,439,0,990831440
900,440,0,990974499
901,440,0,990859616
902,441,0,990898914
903,441,0,990885234
904,442,0,990821241
905,442,0,990908316
906,443,0,990741499
907,443,0,990928883
908,444,0,990659707
909,444,0,990946957
910,445,0,990575885
911,445,0,990962560
912,446,0,990490052
913,446,0,990975713
914,447,0,990402227
915,447,0,990986438
916,448,0,990312429
917,448,0,990994754
918,449,0,990220676
919,449,0,991000684
920,450,0,990126986
921,450,0,991004248
922,451,0,990031379
923,451,0,991005466
924,452,0,989933872
925,452,0,991004358
926,453,0,989834483
927,453,0,991000945
928,454,0,989733230
929,454,0,990995246
930,455,0,989630131
931,455,0,990987282
932,456,0,989525202
933,456,0,990977070
934,457,0,989418462
935,457,0,990964632
936,458,0,989309927
937,458,0,990949986
938,459,0,989199615
939,459,0,990933151
940,460,0,989087542
941,460,0,990914146
942,461,0,988973725
943,461,0,990892990
944,462,0,988858179
945,462,0,990869701
946,462,0,988833780
947,463,0,990844298
948,463,0,988904365
949,464,0,990816798
950,464,0,988972462
951,465,0,990787220
952,465,0,989038092
953,466,0,990755582
954,466,0,989101274
955,467,0,990721902
956,467,0,989162028
957,468,0,990686196
958,468,0,989220372
959,469,0,990648483
960,469,0,989276326
961,470,0,990608779
962,470,0,989329909
963,471,0,990567102
964,471,0,989381140
965,472,0,990523469
966,472,0,989430038
967,473,0,990477897
968,473,0,989476620
969,474,0,990430401
970,474,0,989520906
971,475,0,990381000
972,475,0,989562914
973,476,0,990329708
974,476,0,989602661
975,477,0,990276543
976,477,0,989640166
977,478,0,990221520
978,478,0,989675446
979,479,0,990164656
980,479,0,989708519
981,480,0,990105966
982,480,0,989739402
983,481,0,990045465
984,481,0,989768113
985,482,0,989983170
986,482,0,989794669
987,483,0,989919096
988,483,0,989819087
989,484,0,989853258
990,484,0,989841385
991,485,0,989785672
992,485,0,989861577
993,486,0,989716351
994,486,0,989879682
995,487,0,989645312
996,487,0,989895716
997,488,0,989572569
998,488,0,989909695
999,489,0,989498136
1000,489,0,989921635
1001,490,0,989422028
1002,490,0,989931553
1003,491,0,989344260
1004,491,0,989939464
1005,492,0,989264845
1006,492,0,989945385
1007,493,0,989183798
1008,493,0,989949330
1009,494,0,989101133
1010,494,0,989951316
1011,495,0,989016864
1012,495,0,989951358
1013,496,0,988931005
1014,496,0,989949471
1015,497,0,988843568
1016,497,0,989945671
1017,498,0,988754568
1018,498,0,989939972
1019,499,0,988664019
1020,499,0,989932390
1021,500,0,988571932
1022,500,0,989922939
1023,501,0,988478323
1024,501,0,989911634
1025,502,0,988383203
1026,502,0,989898490
1027,503,0,988286586
1028,503,0,989883520
1029,504,0,988188485
1030,504,0,989866741
1031,505,0,988088912
1032,505,0,989848165
1033,506,0,987987880
1034,506,0,989827807
1035,506,0,987966595
1036,507,0,989805680
1037,507,0,988028282
1038,508,0,989781800
1039,508,0,988087902
1040,509,0,989756179
1041,509,0,988145471
1042,510,0,989728831
1043,510,0,988201002
1044,511,0,989699770
1045,511,0,988254511
1046,512,0,989669009
1047,512,0,988306013
1048,513,0,989636562
1049,513,0,988355523
1050,514,0,989602442
1051,514,0,988403054
1052,515,0,989566661
1053,515,0,988448621
1054,516,0,989529234
1055,516,0,988492238
1056,517,0,989490172
1057,517,0,988533921
1058,518,0,989449489
1059,518,0,988573682
1060,519,0,989407198
1061,519,0,988611536
1062,520,0,989363311
1063,520,0,988647496
1064,521,0,989317840
1065,521,0,988681577
1066,522,0,989270799
1067,522,0,988713792
1068,523,0,989222199
1069,523,0,988744154
1070,524,0,989172052
1071,524,0,988772677
1072,525,0,989120371
1073,525,0,988799375
1074,526,0,989067168
1075,526,0,988824260
1076,527,0,989012455
1077,527,0,988847346
1078,528,0,988956243
1079,528,0,988868646
1080,529,0,988898545
1081,529,0,988888172
1082,530,0,988839371
1083,530,0,988905939
1084,531,0,988778734
1085,531,0,988921957
1086,532,0,988716645
1087,532,0,988936240
1088,533,0,988653115
1089,533,0,988948801
1090,534,0,988588156
1091,534,0,988959652
1092,535,0,988521779
1093,535,0,988968806
1094,536,0,988453995
1095,536,0,988976274
1096,537,0,988384815
1097,537,0,988982069
1098,538,0,988314250
1099,538,0,988986203
1100,539,0,988242311
1101,539,0,988988688
1102,540,0,988169009
1103,540,0,988989535
1104,541,0,988094353
1105,541,0,988988758
1106,542,0,988018356
1107,542,0,988986367
1108,543,0,987941027
1109,543,0,988982374
1110,544,0,987862378
1111,544,0,988976791
1112,545,0,987782417
1113,545,0,988969629
1114,546,0,987701156
1115,546,0,988960900
1116,547,0,987618604
1117,547,0,988950614
1118,548,0,987534773
1119,548,0,988938784
1120,549,0,987449671
1121,549,0,988925420
1122,550,0,987363310
1123,550,0,988910533
1124,551,0,987275698
1125,551,0,988894134
1126,552,0,987186846
1127,552,0,988876235
1128,552,0,987168167
1129,553,0,988856846
1130,553,0,987222391
1131,554,0,988835977
1132,554,0,987274883
1133,555,0,988813640
1134,555,0,987325655
1135,556,0,988789845
1136,556,0,987374719
1137,557,0,988764603
1138,557,0,987422086
1139,558,0,988737923
1140,558,0,987467767
1141,559,0,988709817
1142,559,0,987511773
1143,560,0,988680294
1144,560,0,987554117
1145,561,0,988649365
1146,561,0,987594808
1147,562,0,988617040
1148,562,0,987633859
1149,563,0,988583329
1150,563,0,987671279
1151,564,0,988548242
1152,564,0,987707081
1153,565,0,988511789
1154,565,0,987741274
1155,566,0,988473979
1156,566,0,987773870
1157,567,0,988434823
1158,567,0,987804879
1159,568,0,988394330
1160,568,0,987834312
1161,569,0,988352510
1162,569,0,987862180
1163,570,0,988309371
1164,570,0,987888492
1165,571,0,988264925
1166,571,0,987913259
1167,572,0,988219180
1168,572,0,987936492
1169,573,0,988172145
1170,573,0,987958201
1171,574,0,988123830
1172,574,0,987978396
1173,575,0,988074244
1174,575,0,987997086
1175,576,0,988023396
1176,576,0,988014283
1177,577,0,987971296
1178,577,0,988029996
1179,578,0,987917951
1180,578,0,988044235
1181,579,0,987863372
1182,579,0,988057009
1183,580,0,987807567
1184,580,0,988068329
1185,581,0,987750545
1186,581,0,988078204
1187,582,0,987692314
1188,582,0,988086645
1189,583,0,987632883
1190,583,0,988093659
1191,584,0,987572262
1192,584,0,988099257
1193,585,0,987510458
1194,585,0,988103449
1195,586,0,987447480
1196,586,0,988106243
1197,587,0,987383336
1198,587,0,988107649
1199,588,0,987318035
1200,588,0,988107677
1201,589,0,987251585
1202,589,0,988106334
1203,590,0,987183995
1204,590,0,988103631
1205,591,0,987115272
1206,591,0,988099577
1207,592,0,987045425
1208,592,0,988094180
1209,593,0,986974462
1210,593,0,988087450
1211,594,0,986902390
1212,594,0,988079395
1213,595,0,986829219
1214,595,0,988070023
1215,596,0,986754955
1216,596,0,988059345
1217,597,0,986679607
1218,597,0,988047368
1219,598,0,986603182
1220,598,0,988034101
1221,599,0,986525688
1222,599,0,988019553
1223,600,0,986447133
1224,600,0,988003732
1225,600,0,986430652
1226,601,0,987986647
1227,601,0,986478569
1228,602,0,987968305
1229,602,0,986525025
1230,603,0,987948716
1231,603,0,986570028
1232,604,0,987927887
1233,604,0,986613587
1234,605,0,987905828
1235,605,0,986655712
1236,606,0,987882545
1237,606,0,986696411
1238,607,0,987858047
1239,607,0,986735693
1240,608,0,987832343
1241,608,0,986773567
1242,609,0,987805439
1243,609,0,986810042
1244,610,0,987777345
1245,610,0,986845126
1246,611,0,987748068
1247,611,0,986878828
1248,612,0,987717615
1249,612,0,986911156
1250,613,0,987685995
1251,613,0,986942119
1252,614,0,987653215
1253,614,0,986971725
1254,615,0,987619284
1255,615,0,986999983
1256,616,0,987584207
1257,616,0,987026901
1258,617,0,987547995
1259,617,0,987052488
1260,618,0,987510652
1261,618,0,987076750
1262,619,0,987472189
1263,619,0,987099698
1264,620,0,987432610
1265,620,0,987121338
1266,621,0,987391925
1267,621,0,987141679
1268,622,0,987350140
1269,622,0,987160728
1270,623,0,987307263
1271,623,0,987178495
1272,624,0,987263300
1273,624,0,987194986
1274,625,0,987218260
1275,625,0,987210210
1276,626,0,987172148
1277,626,0,987224173
1278,627,0,987124973
1279,627,0,987236885
1280,628,0,987076742
1281,628,0,987248353
1282,629,0,987027460
1283,629,0,987258584
1284,630,0,986977136
1285,630,0,987267586
1286,631,0,986925776
1287,631,0,987275367
1288,632,0,986873386
1289,632,0,987281934
1290,633,0,986819975
1291,633,0,987287294
1292,634,0,986765548
1293,634,0,987291456
1294,635,0,986710113
1295,635,0,987294425
1296,636,0,986653675
1297,636,0,987296211
1298,637,0,986596242
1299,637,0,987296819
1300,638,0,986537820
1301,638,0,987296257
1302,639,0,986478416
1303,639,0,987294533
1304,640,0,986418036
1305,640,0,987291653
1306,641,0,986356687
1307,641,0,987287625
1308,642,0,986294374
1309,642,0,987282455
1310,643,0,986231106
1311,643,0,987276151
1312,644,0,986166887
1313,644,0,987268720
1314,645,0,986101724
1315,645,0,987260167
1316,646,0,986035623
1317,646,0,987250502
1318,647,0,985968591
1319,647,0,987239729
1320,648,0,985900633
1321,648,0,987227857
1322,649,0,985831757
1323,649,0,987214891
1324,650,0,985761967
1325,650,0,987200838
1326,650,0,985747352
1327,651,0,987185706
1328,651,0,985789903
1329,652,0,987169500
1330,652,0,985831212
1331,653,0,987152227
1332,653,0,985871286
1333,654,0,987133894
1334,654,0,985910132
1335,655,0,987114508
1336,655,0,985947758
1337,656,0,987094074
1338,656,0,985984169
1339,657,0,987072599
1340,657,0,986019374
1341,658,0,987050090
1342,658,0,986053379
1343,659,0,987026553
1344,659,0,986086190
1345,660,0,987001993
1346,660,0,986117816
1347,661,0,986976418
1348,661,0,986148262
1349,662,0,986949834
1350,662,0,986177535
1351,663,0,986922246
1352,663,0,986205642
1353,664,0,986893662
1354,664,0,986232590
1355,665,0,986864086
1356,665,0,986258385
1357,666,0,986833525
1358,666,0,986283034
1359,667,0,986801985
1360,667,0,986306543
1361,668,0,986769473
1362,668,0,986328919
1363,669,0,986735993
1364,669,0,986350169
1365,670,0,986701553
1366,670,0,986370298
1367,671,0,986666157
1368,671,0,986389314
1369,672,0,986629811
1370,672,0,986407222
1371,673,0,986592523
1372,673,0,986424029
1373,674,0,986554296
1374,674,0,986439741
1375,675,0,986515137
1376,675,0,986454365
1377,676,0,986475052
1378,676,0,986467906
1379,677,0,986434046
1380,677,0,986480371
1381,678,0,986392125
1382,678,0,986491766
1383,679,0,986349295
1384,679,0,986502097
1385,680,0,986305561
1386,680,0,986511370
1387,681,0,986260928
1388,681,0,986519591
1389,682,0,986215402
1390,682,0,986526766
1391,683,0,986168989
1392,683,0,986532901
1393,684,0,986121694
1394,684,0,986538002
1395,685,0,986073522
1396,685,0,986542075
1397,686,0,986024478
1398,686,0,986545126
1399,687,0,985974569
1400,687,0,986547160
1401,688,0,985923799
1402,688,0,986548183
1403,689,0,985872174
1404,689,0,986548202
1405,690,0,985819698
1406,690,0,986547221
1407,691,0,985766377
1408,691,0,986545247
1409,692,0,985712217
1410,692,0,986542284
1411,693,0,985657222
1412,693,0,986538340
1413,694,0,985601397
1414,694,0,986533419
1415,695,0,985544747
1416,695,0,986527526
1417,696,0,985487278
1418,696,0,986520668
1419,697,0,985428995
1420,697,0,986512850
1421,698,0,985369902
1422,698,0,986504076
1423,699,0,985310004
1424,699,0,986494354
1425,700,0,985249307
1426,700,0,986483688
1427,701,0,985187815
1428,701,0,986472083
1429,702,0,985125533
1430,702,0,986459545
1431,702,0,985112512
1432,703,0,986446079
1433,703,0,985150469
1434,704,0,986431690
1435,704,0,985187364
1436,705,0,986416384
1437,705,0,985223203
1438,706,0,986400165
1439,706,0,985257990
1440,707,0,986383040
1441,707,0,985291732
1442,708,0,986365012
1443,708,0,985324435
1444,709,0,986346088
1445,709,0,985356103
1446,710,0,986326272
1447,710,0,985386742
1448,711,0,986305569
1449,711,0,985416358
1450,712,0,986283985
1451,712,0,985444956
1452,713,0,986261524
1453,713,0,985472542
1454,714,0,986238191
1455,714,0,985499120
1456,715,0,986213992
1457,715,0,985524697
1458,716,0,986188931
1459,716,0,985549278
1460,717,0,986163012
1461,717,0,985572867
1462,718,0,986136242
1463,718,0,985595470
1464,719,0,986108624
1465,719,0,985617093
1466,720,0,986080164
1467,720,0,985637741
1468,721,0,986050866
1469,721,0,985657418
1470,722,0,986020736
1471,722,0,985676130
1472,723,0,985989777
1473,723,0,985693882
1474,724,0,985957994
1475,724,0,985710679
1476,725,0,985925393
1477,725,0,985726526
1478,726,0,985891977
1479,726,0,985741429
1480,727,0,985857751
1481,727,0,985755392
1482,728,0,985822721
1483,728,0,985768419
1484,729,0,985786890
1485,729,0,985780517
1486,730,0,985750263
1487,730,0,985791690
1488,731,0,985712844
1489,731,0,985801943
1490,732,0,985674639
1491,732,0,985811281
1492,733,0,985635651
1493,733,0,985819708
1494,734,0,985595885
1495,734,0,985827230
1496,735,0,985555345
1497,735,0,985833851
1498,736,0,985514035
1499,736,0,985839576
1500,737,0,985471961
1501,737,0,985844410
1502,738,0,985429126
1503,738,0,985848357
1504,739,0,985385535
1505,739,0,985851422
1506,740,0,985341192
1507,740,0,985853610
1508,741,0,985296101
1509,741,0,985854926
1510,742,0,985250266
1511,742,0,985855374
1512,743,0,985203692
1513,743,0,985854958
1514,744,0,985156382
1515,744,0,985853683
1516,745,0,985108342
1517,745,0,985851554
1518,746,0,985059575
1519,746,0,985848576
1520,747,0,985010084
1521,747,0,985844752
1522,748,0,984959876
1523,748,0,985840087
1524,749,0,984908952
1525,749,0,985834586
1526,750,0,984857318
1527,750,0,985828253
1528,751,0,984804977
1529,751,0,985821092
1530,752,0,984751934
1531,752,0,985813108
1532,753,0,984698192
1533,753,0,985804305
1534,754,0,984643756
1535,754,0,985794688
1536,755,0,984588629
1537,755,0,985784260
1538,756,0,984532815
1539,756,0,985773026
1540,756,0,984521164
1541,757,0,985760990
1542,757,0,984555166
1543,758,0,985748157
1544,758,0,984588253
1545,759,0,985734531
1546,759,0,984620432
1547,760,0,985720115
1548,760,0,984651705
1549,761,0,985704915
1550,761,0,984682079
1551,762,0,985688933
1552,762,0,984711556
1553,763,0,985672175
1554,763,0,984740142
1555,764,0,985654644
1556,764,0,984767842
1557,765,0,985636345
1558,765,0,984794658
1559,766,0,985617281
1560,766,0,984820597
1561,767,0,985597456
1562,767,0,984845662
1563,768,0,985576875
1564,768,0,984869857
1565,769,0,985555541
1566,769,0,984893187
1567,770,0,985533459
1568,770,0,984915656
1569,771,0,985510632
1570,771,0,984937268
1571,772,0,985487064
1572,772,0,984958028
1573,773,0,985462760
1574,773,0,984977940
1575,774,0,985437722
1576,774,0,984997007
1577,775,0,985411956
1578,775,0,985015235
1579,776,0,985385464
1580,776,0,985032627
1581,777,0,985358251
1582,777,0,985049187
1583,778,0,985330320
1584,778,0,985064920
1585,779,0,985301675
1586,779,0,985079830
1587,780,0,985272320
1588,780,0,985093920
1589,781,0,985242259
1590,781,0,985107194
1591,782,0,985211495
1592,782,0,985119658
1593,783,0,985180032
1594,783,0,985131314
1595,784,0,985147873
1596,784,0,985142167
1597,785,0,985115023
1598,785,0,985152220
1599,786,0,985081485
1600,786,0,985161478
1601,787,0,985047263
1602,787,0,985169944
1603,788,0,985012359
1604,788,0,985177623
1605,789,0,984976779
1606,789,0,985184518
1607,790,0,984940524
1608,790,0,985190634
1609,791,0,984903600
1610,791,0,985195973
1611,792,0,984866009
1612,792,0,985200540
1613,793,0,984827755
1614,793,0,985204338
1615,794,0,984788841
1616,794,0,985207372
1617,795,0,984749271
1618,795,0,985209645
1619,796,0,984709049
1620,796,0,985211161
1621,797,0,984668177
1622,797,0,985211924
1623,798,0,984626659
1624,798,0,985211937
1625,799,0,984584499
1626,799,0,985211204
1627,800,0,984541699
1628,800,0,985209728
1629,801,0,984498264
1630,801,0,985207514
1631,802,0,984454197
1632,802,0,985204564
1633,803,0,984409500
1634,803,0,985200884
1635,804,0,984364178
1636,804,0,985196475
1637,805,0,984318233
1638,805,0,985191342
1639,806,0,984271669
1640,806,0,985185489
1641,807,0,984224488
1642,807,0,985178918
1643,808,0,984176696
1644,808,0,985171633
1645,809,0,984128293
1646,809,0,985163639
1647,810,0,984079285
1648,810,0,985154937
1649,811,0,984029673
1650,811,0,985145533
1651,812,0,983979461
1652,812,0,985135429
1653,812,0,983968996
1654,813,0,985124628
1655,813,0,983999572
1656,814,0,985113134
1657,814,0,984029358
1658,815,0,985100951
1659,815,0,984058358
1660,816,0,985088082
1661,816,0,984086574
1662,817,0,985074530
1663,817,0,984114011
1664,818,0,985060299
1665,818,0,984140672
1666,819,0,985045392
1667,819,0,984166561
1668,820,0,985029811
1669,820,0,984191681
1670,821,0,985013562
1671,821,0,984216037
1672,822,0,984996646
1673,822,0,984239630
1674,823,0,984979067
1675,823,0,984262466
1676,824,0,984960829
1677,824,0,984284547
1678,825,0,984941934
1679,825,0,984305877
1680,826,0,984922386
1681,826,0,984326459
1682,827,0,984902188
1683,827,0,984346297
1684,828,0,984881343
1685,828,0,984365395
1686,829,0,984859854
1687,829,0,984383755
1688,830,0,984837725
1689,830,0,984401381
1690,831,0,984814959
1691,831,0,984418277
1692,832,0,984791558
1693,832,0,984434445
1694,833,0,984767526
1695,833,0,984449890
1696,834,0,984742866
1697,834,0,984464614
1698,835,0,984717581
1699,835,0,984478621
1700,836,0,984691674
1701,836,0,984491914
1702,837,0,984665148
1703,837,0,984504497
1704,838,0,984638007
1705,838,0,984516372
1706,839,0,984610252
1707,839,0,984527543
1708,840,0,984581888
1709,840,0,984538014
1710,841,0,984552917
1711,841,0,984547787
1712,842,0,984523342
1713,842,0,984556865
1714,843,0,984493166
1715,843,0,984565252
1716,844,0,984462392
1717,844,0,984572952
1718,845,0,984431023
1719,845,0,984579966
1720,846,0,984399062
1721,846,0,984586299
1722,847,0,984366512
1723,847,0,984591953
1724,848,0,984333375
1725,848,0,984596932
1726,849,0,984299655
1727,849,0,984601238
1728,850,0,984265354
1729,850,0,984604875
1730,851,0,984230476
1731,851,0,984607846
1732,852,0,984195022
1733,852,0,984610154
1734,853,0,984158996
1735,853,0,984611802
1736,854,0,984122401
1737,854,0,984612792
1738,855,0,984085240
1739,855,0,984613129
1740,856,0,984047514
1741,856,0,984612815
1742,857,0,984009228
1743,857,0,984611852
1744,858,0,983970383
1745,858,0,984610245
1746,859,0,983930982
1747,859,0,984607995
1748,860,0,983891029
1749,860,0,984605107
1750,861,0,983850526
1751,861,0,984601582
1752,862,0,983809475
1753,862,0,984597424
1754,863,0,983767880
1755,863,0,984592635
1756,864,0,983725742
1757,864,0,984587219
1758,865,0,983683065
1759,865,0,984581178
1760,866,0,983639851
1761,866,0,984574515
1762,867,0,983596103
1763,867,0,984567234
1764,868,0,983551823
1765,868,0,984559336
1766,869,0,983507014
1767,869,0,984550826
1768,870,0,983461679
1769,870,0,984541704
1770,870,0,983452243
1771,871,0,984531975
1772,871,0,983479840
1773,872,0,984521641
1774,872,0,983506749
1775,873,0,984510705
1776,873,0,983532974
1777,874,0,984499170
1778,874,0,983558519
1779,875,0,984487038
1780,875,0,983583385
1781,876,0,984474313
1782,876,0,983607575
1783,877,0,984460996
1784,877,0,983631094
1785,878,0,984447090
1786,878,0,983653943
1787,879,0,984432599
1788,879,0,983676126
1789,880,0,984417525
1790,880,0,983697645
1791,881,0,984401870
1792,881,0,983718503
1793,882,0,984385638
1794,882,0,983738703
1795,883,0,984368830
1796,883,0,983758249
1797,884,0,984351450
1798,884,0,983777142
1799,885,0,984333501
1800,885,0,983795386
1801,886,0,984314984
1802,886,0,983812983
1803,887,0,984295902
1804,887,0,983829936
1805,888,0,984276258
1806,888,0,983846248
1807,889,0,984256055
1808,889,0,983861922
1809,890,0,984235295
1810,890,0,983876960
1811,891,0,984213980
1812,891,0,983891366
1813,892,0,984192113
1814,892,0,983905141
1815,893,0,984169698
1816,893,0,983918289
1817,894,0,984146735
1818,894,0,983930812
1819,895,0,984123228
1820,895,0,983942714
1821,896,0,984099179
1822,896,0,983953996
1823,897,0,984074591
1824,897,0,983964662
1825,898,0,984049466
1826,898,0,983974713
1827,899,0,984023806
1828,899,0,983984154
1829,900,0,983997614
1830,900,0,983992985
1831,901,0,983970893
1832,901,0,984001211
1833,902,0,983943645
1834,902,0,984008833
1835,903,0,983915872
1836,903,0,984015854
1837,904,0,983887576
1838,904,0,984022277
1839,905,0,983858761
1840,905,0,984028104
1841,906,0,983829428
1842,906,0,984033338
1843,907,0,983799580
1844,907,0,984037982
1845,908,0,983769219
1846,908,0,984042037
1847,909,0,983738347
1848,909,0,984045507
1849,910,0,983706967
1850,910,0,984048394
1851,911,0,983675082
1852,911,0,984050700
1853,912,0,983642693
1854,912,0,984052428
1855,913,0,983609802
1856,913,0,984053581
1857,914,0,983576413
1858,914,0,984054161
1859,915,0,983542526
1860,915,0,984054170
1861,916,0,983508146
1862,916,0,984053611
1863,917,0,983473273
1864,917,0,984052486
1865,918,0,983437910
1866,918,0,984050798
1867,919,0,983402060
1868,919,0,984048550
1869,920,0,983365724
1870,920,0,984045742
1871,921,0,983328905
1872,921,0,984042379
1873,922,0,983291605
1874,922,0,984038462
1875,923,0,983253826
1876,923,0,984033994
1877,924,0,983215571
1878,924,0,984028976
1879,925,0,983176840
1880,925,0,984023412
1881,926,0,983137638
1882,926,0,984017304
1883,927,0,983097966
1884,927,0,984010654
1885,928,0,983057825
1886,928,0,984003465
1887,929,0,983017219
1888,929,0,983995738
1889,930,0,982976149
1890,930,0,983987476
1891,930,0,982967611
1892,931,0,983978682
1893,931,0,982992602
1894,932,0,983969357
1895,932,0,983016994
1896,933,0,983959504
1897,933,0,983040787
1898,934,0,983949125
1899,934,0,983063986
1900,935,0,983938223
1901,935,0,983086591
1902,936,0,983926799
1903,936,0,983108606
1904,937,0,983914856
1905,937,0,983130034
1906,938,0,983902396
1907,938,0,983150875
1908,939,0,983889422
1909,939,0,983171134
1910,940,0,983875935
1911,940,0,983190811
1912,941,0,983861937
1913,941,0,983209910
1914,942,0,983847432
1915,942,0,983228433
1916,943,0,983832421
1917,943,0,983246382
1918,944,0,983816906
1919,944,0,983263760
1920,945,0,983800889
1921,945,0,983280568
1922,946,0,983784373
1923,946,0,983296809
1924,947,0,983767359
1925,947,0,983312486
1926,948,0,983749851
1927,948,0,983327600
1928,949,0,983731849
1929,949,0,983342155
1930,950,0,983713356
1931,950,0,983356151
1932,951,0,983694375
1933,951,0,983369592
1934,952,0,983674906
1935,952,0,983382480
1936,953,0,983654953
1937,953,0,983394816
1938,954,0,983634518
1939,954,0,983406604
1940,955,0,983613602
1941,955,0,983417845
1942,956,0,983592207
1943,956,0,983428542
1944,957,0,983570336
1945,957,0,983438697
1946,958,0,983547990
1947,958,0,983448311
1948,959,0,983525172
1949,959,0,983457388
1950,960,0,983501884
1951,960,0,983465929
1952,961,0,983478128
1953,961,0,983473936
1954,962,0,983453905
1955,962,0,983481412
1956,963,0,983429217
1957,963,0,983488359
1958,964,0,983404067
1959,964,0,983494779
1960,965,0,983378457
1961,965,0,983500674
1962,966,0,983352389
1963,966,0,983506046
1964,967,0,983325864
1965,967,0,983510897
1966,968,0,983298884
1967,968,0,983515230
1968,969,0,983271452
1969,969,0,983519046
1970,970,0,983243569
1971,970,0,983522348
1972,971,0,983215238
1973,971,0,983525137
1974,972,0,983186460
1975,972,0,983527416
1976,973,0,983157237
1977,973,0,983529187
1978,974,0,983127570
1979,974,0,983530451
1980,975,0,983097463
1981,975,0,983531211
1982,976,0,983066917
1983,976,0,983531469
1984,977,0,983035933
1985,977,0,983531227
1986,978,0,983004514
1987,978,0,983530487
1988,979,0,982972661
1989,979,0,983529251
1990,980,0,982940376
1991,980,0,983527521
1992,981,0,982907662
1993,981,0,983525298
1994,982,0,982874519
1995,982,0,983522585
1996,983,0,982840950
1997,983,0,983519385
1998,984,0,982806957
1999,984,0,983515698
2000,985,0,982772541
2001,985,0,983511526
2002,986,0,982737705
2003,986,0,983506873
2004,987,0,982702449
2005,987,0,983501739
2006,988,0,982666776
2007,988,0,983496126
2008,989,0,982630688
2009,989,0,983490037
2010,990,0,982594186
2011,990,0,983483474
2012,991,0,982557272
2013,991,0,983476438
2014,992,0,982519948
2015,992,0,983468931
2016,992,0,982512199
2017,993,0,983460955
2018,993,0,982534903
2019,994,0,983452512
2020,994,0,982557081
2021,995,0,983443604
2022,995,0,982578734
2023,996,0,983434232
2024,996,0,982599864
2025,997,0,983424400
2026,997,0,982620475
2027,998,0,983414107
2028,998,0,982640566
2029,999,0,983403357
2030,999,0,982660142
2031,1000,0,983392152
2032,1000,0,982679203
2033,1001,0,983380492
2034,1001,0,982697751
2035,1002,0,983368379
2036,1002,0,982715789
2037,1003,0,983355817
2038,1003,0,982733318
2039,1004,0,983342806
2040,1004,0,982750340
2041,1005,0,983329348
2042,1005,0,982766858
2043,1006,0,983315445
2044,1006,0,982782873
2045,1007,0,983301099
2046,1007,0,982798387
2047,1008,0,983286311
2048,1008,0,982813402
2049,1009,0,983271084
2050,1009,0,982827919
2051,1010,0,983255419
2052,1010,0,982841941
2053,1011,0,983239318
2054,1011,0,982855470
2055,1012,0,983222782
2056,1012,0,982868508
2057,1013,0,983205814
2058,1013,0,982881056
2059,1014,0,983188414
2060,1014,0,982893116
2061,1015,0,983170586
2062,1015,0,982904690
2063,1016,0,983152330
2064,1016,0,982915780
2065,1017,0,983133648
2066,1017,0,982926388
2067,1018,0,983114543
2068,1018,0,982936515
2069,1019,0,983095015
2070,1019,0,982946164
2071,1020,0,983075066
2072,1020,0,982955336
2073,1021,0,983054698
2074,1021,0,982964033
2075,1022,0,983033914
2076,1022,0,982972257
2077,1023,0,983012713
2078,1023,0,982980009
2079,1024,0,982991099
2080,1024,0,982987292
2081,1025,0,982969072
2082,1025,0,982994107
2083,1026,0,982946634
2084,1026,0,983000456
2085,1027,0,982923788
2086,1027,0,983006340
2087,1028,0,982900534
2088,1028,0,983011763
2089,1029,0,982876875
2090,1029,0,983016724
2091,1030,0,982852811
2092,1030,0,983021226
2093,1031,0,982828346
2094,1031,0,983025272
2095,1032,0,982803479
2096,1032,0,983028861
2097,1033,0,982778213
2098,1033,0,983031997
2099,1034,0,982752549
2100,1034,0,983034680
2101,1035,0,982726489
2102,1035,0,983036914
2103,1036,0,982700035
2104,1036,0,983038698
2105,1037,0,982673188
2106,1037,0,983040036
2107,1038,0,982645949
2108,1038,0,983040928
2109,1039,0,982618321
2110,1039,0,983041376
2111,1040,0,982590305
2112,1040,0,983041383
2113,1041,0,982561902
2114,1041,0,983040950
2115,1042,0,982533114
2116,1042,0,983040077
2117,1043,0,982503942
2118,1043,0,983038768
2119,1044,0,982474389
2120,1044,0,983037024
2121,1045,0,982444455
2122,1045,0,983034846
2123,1046,0,982414142
2124,1046,0,983032235
2125,1047,0,982383451
2126,1047,0,983029195
2127,1048,0,982352385
2128,1048,0,983025726
2129,1049,0,982320944
2130,1049,0,983021829
2131,1050,0,982289130
2132,1050,0,983017507
2133,1051,0,982256945
2134,1051,0,983012762
2135,1052,0,982224390
2136,1052,0,983007594
2137,1053,0,982191467
2138,1053,0,983002005
2139,1054,0,982158177
2140,1054,0,982995997
2141,1055,0,982124521
2142,1055,0,982989571
2143,1056,0,982090501
2144,1056,0,982982730
2145,1056,0,982083445
2146,1057,0,982975474
2147,1057,0,982104133
2148,1058,0,982967805
2149,1058,0,982124356
2150,1059,0,982959726
2151,1059,0,982144118
2152,1060,0,982951236
2153,1060,0,982163419
2154,1061,0,982942338
2155,1061,0,982182261
2156,1062,0,982933034
2157,1062,0,982200647
2158,1063,0,982923324
2159,1063,0,982218577
2160,1064,0,982913211
2161,1064,0,982236053
2162,1065,0,982902696
2163,1065,0,982253076
2164,1066,0,982891780
2165,1066,0,982269650
2166,1067,0,982880465
2167,1067,0,982285774
2168,1068,0,982868753
2169,1068,0,982301451
2170,1069,0,982856645
2171,1069,0,982316682
2172,1070,0,982844142
2173,1070,0,982331469
2174,1071,0,982831247
2175,1071,0,982345814
2176,1072,0,982817959
2177,1072,0,982359717
2178,1073,0,982804282
2179,1073,0,982373181
2180,1074,0,982790216
2181,1074,0,982386207
2182,1075,0,982775763
2183,1075,0,982398797
2184,1076,0,982760924
2185,1076,0,982410952
2186,1077,0,982745701
2187,1077,0,982422674
2188,1078,0,982730095
2189,1078,0,982433965
2190,1079,0,982714108
2191,1079,0,982444825
2192,1080,0,982697741
2193,1080,0,982455257
2194,1081,0,982680995
2195,1081,0,982465261
2196,1082,0,982663873
2197,1082,0,982474841
2198,1083,0,982646375
2199,1083,0,982483996
2200,1084,0,982628502
2201,1084,0,982492729
2202,1085,0,982610257
2203,1085,0,982501041
2204,1086,0,982591641
2205,1086,0,982508933
2206,1087,0,982572654
2207,1087,0,982516408
2208,1088,0,982553299
2209,1088,0,982523466
2210,1089,0,982533577
2211,1089,0,982530109
2212,1090,0,982513488
2213,1090,0,982536338
2214,1091,0,982493036
2215,1091,0,982542156
2216,1092,0,982472220
2217,1092,0,982547563
2218,1093,0,982451043
2219,1093,0,982552561
2220,1094,0,982429505
2221,1094,0,982557151
2222,1095,0,982407608
2223,1095,0,982561335
2224,1096,0,982385354
2225,1096,0,982565115
2226,1097,0,982362743
2227,1097,0,982568491
2228,1098,0,982339778
2229,1098,0,982571465
2230,1099,0,982316459
2231,1099,0,982574039
2232,1100,0,982292787
2233,1100,0,982576214
2234,1101,0,982268765
2235,1101,0,982577991
2236,1102,0,982244393
2237,1102,0,982579372
2238,1103,0,982219672
2239,1103,0,982580359
2240,1104,0,982194605
2241,1104,0,982580952
2242,1105,0,982169192
2243,1105,0,982581153
2244,1106,0,982143434
2245,1106,0,982580963
2246,1107,0,982117334
2247,1107,0,982580385
2248,1108,0,982090892
2249,1108,0,982579419
2250,1109,0,982064109
2251,1109,0,982578066
2252,1110,0,982036987
2253,1110,0,982576328
2254,1111,0,982009526
2255,1111,0,982574207
2256,1112,0,981981730
2257,1112,0,982571703
2258,1113,0,981953597
2259,1113,0,982568819
2260,1114,0,981925131
2261,1114,0,982565555
2262,1115,0,981896332
2263,1115,0,982561913
2264,1116,0,981867201
2265,1116,0,982557894
2266,1117,0,981837740
2267,1117,0,982553499
2268,1118,0,981807949
2269,1118,0,982548730
2270,1119,0,981777831
2271,1119,0,982543589
2272,1120,0,981747386
2273,1120,0,982538075
2274,1121,0,981716615
2275,1121,0,982532192
2276,1122,0,981685520
2277,1122,0,982525940
2278,1122,0,981679078
2279,1123,0,982519320
2280,1123,0,981697981
2281,1124,0,982512334
2282,1124,0,981716474
2283,1125,0,982504983
2284,1125,0,981734557
2285,1126,0,982497268
2286,1126,0,981752234
2287,1127,0,982489191
2288,1127,0,981769505
2289,1128,0,982480752
2290,1128,0,981786371
2291,1129,0,982471954
2292,1129,0,981802834
2293,1130,0,982462798
2294,1130,0,981818895
2295,1131,0,982453284
2296,1131,0,981834555
2297,1132,0,982443414
2298,1132,0,981849817
2299,1133,0,982433189
2300,1133,0,981864680
2301,1134,0,982422611
2302,1134,0,981879148
2303,1135,0,982411681
2304,1135,0,981893220
2305,1136,0,982400400
2306,1136,0,981906898
2307,1137,0,982388769
2308,1137,0,981920184
2309,1138,0,982376789
2310,1138,0,981933079
2311,1139,0,982364463
2312,1139,0,981945585
2313,1140,0,982351790
2314,1140,0,981957701
2315,1141,0,982338772
2316,1141,0,981969431
2317,1142,0,982325411
2318,1142,0,981980774
2319,1143,0,982311708
2320,1143,0,981991733
2321,1144,0,982297664
2322,1144,0,982002309
2323,1145,0,982283279
2324,1145,0,982012503
2325,1146,0,982268556
2326,1146,0,982022316
2327,1147,0,982253495
2328,1147,0,982031750
2329,1148,0,982238098
2330,1148,0,982040806
2331,1149,0,982222366
2332,1149,0,982049484
2333,1150,0,982206300
2334,1150,0,982057788
2335,1151,0,982189902
2336,1151,0,982065717
2337,1152,0,982173171
2338,1152,0,982073272
2339,1153,0,982156111
2340,1153,0,982080456
2341,1154,0,982138721
2342,1154,0,982087270
2343,1155,0,982121003
2344,1155,0,982093714
2345,1156,0,982102958
2346,1156,0,982099790
2347,1157,0,982084588
2348,1157,0,982105499
2349,1158,0,982065893
2350,1158,0,982110843
2351,1159,0,982046874
2352,1159,0,982115822
2353,1160,0,982027533
2354,1160,0,982120439
2355,1161,0,982007871
2356,1161,0,982124693
2357,1162,0,981987889
2358,1162,0,982128586
2359,1163,0,981967589
2360,1163,0,982132120
2361,1164,0,981946970
2362,1164,0,982135296
2363,1165,0,981926035
2364,1165,0,982138115
2365,1166,0,981904785
2366,1166,0,982140578
2367,1167,0,981883220
2368,1167,0,982142686
2369,1168,0,981861341
2370,1168,0,982144441
2371,1169,0,981839151
2372,1169,0,982145843
2373,1170,0,981816650
2374,1170,0,982146894
2375,1171,0,981793839
2376,1171,0,982147595
2377,1172,0,981770718
2378,1172,0,982147948
2379,1173,0,981747291
2380,1173,0,982147953
2381,1174,0,981723556
2382,1174,0,982147611
2383,1175,0,981699516
2384,1175,0,982146925
2385,1176,0,981675172
2386,1176,0,982145894
2387,1177,0,981650524
2388,1177,0,982144520
2389,1178,0,981625573
2390,1178,0,982142804
2391,1179,0,981600322
2392,1179,0,982140748
2393,1180,0,981574770
2394,1180,0,982138352
2395,1181,0,981548919
2396,1181,0,982135618
2397,1182,0,981522771
2398,1182,0,982132547
2399,1183,0,981496325
2400,1183,0,982129139
2401,1184,0,981469583
2402,1184,0,982125397
2403,1185,0,981442546
2404,1185,0,982121321
2405,1186,0,981415216
2406,1186,0,982116912
2407,1187,0,981387592
2408,1187,0,982112171
2409,1188,0,981359677
2410,1188,0,982107100
2411,1189,0,981331471
2412,1189,0,982101699
2413,1190,0,981302975
2414,1190,0,982095970
2415,1190,0,981297078
2416,1191,0,982089914
2417,1191,0,981314395
2418,1192,0,982083532
2419,1192,0,981331349
2420,1193,0,982076825
2421,1193,0,981347939
2422,1194,0,982069794
2423,1194,0,981364168
2424,1195,0,982062440
2425,1195,0,981380037
2426,1196,0,982054764
2427,1196,0,981395546
2428,1197,0,982046768
2429,1197,0,981410697
2430,1198,0,982038452
2431,1198,0,981425491
2432,1199,0,982029817
2433,1199,0,981439929
2434,1200,0,982020865
2435,1200,0,981454012
2436,1201,0,982011597
2437,1201,0,981467742
2438,1202,0,982002013
2439,1202,0,981481119
2440,1203,0,981992115
2441,1203,0,981494145
2442,1204,0,981981904
2443,1204,0,981506820
2444,1205,0,981971381
2445,1205,0,981519146
2446,1206,0,981960546
2447,1206,0,981531125
2448,1207,0,981949401
2449,1207,0,981542756
2450,1208,0,981937948
2451,1208,0,981554042
2452,1209,0,981926186
2453,1209,0,981564982
2454,1210,0,981914117
2455,1210,0,981575579
2456,1211,0,981901743
2457,1211,0,981585834
2458,1212,0,981889063
2459,1212,0,981595747
2460,1213,0,981876079
2461,1213,0,981605320
2462,1214,0,981862793
2463,1214,0,981614553
2464,1215,0,981849205
2465,1215,0,981623449
2466,1216,0,981835315
2467,1216,0,981632007
2468,1217,0,981821126
2469,1217,0,981640229
2470,1218,0,981806638
2471,1218,0,981648116
2472,1219,0,981791852
2473,1219,0,981655669
2474,1220,0,981776770
2475,1220,0,981662890
2476,1221,0,981761391
2477,1221,0,981669778
2478,1222,0,981745718
2479,1222,0,981676336
2480,1223,0,981729750
2481,1223,0,981682564
2482,1224,0,981713490
2483,1224,0,981688464
2484,1225,0,981696938
2485,1225,0,981694036
2486,1226,0,981680094
2487,1226,0,981699281
2488,1227,0,981662961
2489,1227,0,981704201
2490,1228,0,981645539
2491,1228,0,981708796
2492,1229,0,981627828
2493,1229,0,981713068
2494,1230,0,981609831
2495,1230,0,981717017
2496,1231,0,981591547
2497,1231,0,981720645
2498,1232,0,981572979
2499,1232,0,981723953
2500,1233,0,981554126
2501,1233,0,981726941
2502,1234,0,981534989
2503,1234,0,981729611
2504,1235,0,981515571
2505,1235,0,981731964
2506,1236,0,981495871
2507,1236,0,981734000
2508,1237,0,981475890
2509,1237,0,981735721
2510,1238,0,981455630
2511,1238,0,981737127
2512,1239,0,981435092
2513,1239,0,981738220
2514,1240,0,981414276
2515,1240,0,981739001
2516,1241,0,981393183
2517,1241,0,981739471
2518,1242,0,981371814
2519,1242,0,981739630
2520,1243,0,981350171
2521,1243,0,981739479
2522,1244,0,981328253
2523,1244,0,981739021
2524,1245,0,981306063
2525,1245,0,981738255
2526,1246,0,981283600
2527,1246,0,981737182
2528,1247,0,981260866
2529,1247,0,981735804
2530,1248,0,981237862
2531,1248,0,981734121
2532,1249,0,981214588
2533,1249,0,981732135
2534,1250,0,981191046
2535,1250,0,981729847
2536,1251,0,981167236
2537,1251,0,981727256
2538,1252,0,981143160
2539,1252,0,981724365
2540,1253,0,981118818
2541,1253,0,981721175
2542,1254,0,981094210
2543,1254,0,981717685
2544,1255,0,981069339
2545,1255,0,981713898
2546,1256,0,981044205
2547,1256,0,981709814
2548,1257,0,981018808
2549,1257,0,981705434
2550,1258,0,980993150
2551,1258,0,981700758
2552,1259,0,980967231
2553,1259,0,981695789
2554,1260,0,980941053
2555,1260,0,981690527
2556,1260,0,980935640
2557,1261,0,981684972
2558,1261,0,980951545
2559,1262,0,981679127
2560,1262,0,980967125
2561,1263,0,981672990
2562,1263,0,980982382
2563,1264,0,981666565
2564,1264,0,980997317
2565,1265,0,981659851
2566,1265,0,981011931
2567,1266,0,981652849
2568,1266,0,981026225
2569,1267,0,981645560
2570,1267,0,981040199
2571,1268,0,981637986
2572,1268,0,981053855
2573,1269,0,981630127
2574,1269,0,981067193
2575,1270,0,981621984
2576,1270,0,981080216
2577,1271,0,981613558
2578,1271,0,981092922
2579,1272,0,981604849
2580,1272,0,981105315
2581,1273,0,981595859
2582,1273,0,981117393
2583,1274,0,981586589
2584,1274,0,981129160
2585,1275,0,981577039
2586,1275,0,981140614
2587,1276,0,981567211
2588,1276,0,981151758
2589,1277,0,981557105
2590,1277,0,981162592
2591,1278,0,981546722
2592,1278,0,981173117
2593,1279,0,981536063
2594,1279,0,981183334
2595,1280,0,981525129
2596,1280,0,981193244
2597,1281,0,981513920
2598,1281,0,981202848
2599,1282,0,981502439
2600,1282,0,981212147
2601,1283,0,981490684
2602,1283,0,981221142
2603,1284,0,981478658
2604,1284,0,981229833
2605,1285,0,981466361
2606,1285,0,981238222
2607,1286,0,981453795
2608,1286,0,981246310
2609,1287,0,981440959
2610,1287,0,981254096
2611,1288,0,981427855
2612,1288,0,981261584
2613,1289,0,981414483
2614,1289,0,981268772
2615,1290,0,981400845
2616,1290,0,981275663
2617,1291,0,981386941
2618,1291,0,981282256
2619,1292,0,981372772
2620,1292,0,981288554
2621,1293,0,981358339
2622,1293,0,981294556
2623,1294,0,981343643
2624,1294,0,981300264
2625,1295,0,981328685
2626,1295,0,981305678
2627,1296,0,981313465
2628,1296,0,981310800
2629,1297,0,981297984
2630,1297,0,981315631
2631,1298,0,981282244
2632,1298,0,981320170
2633,1299,0,981266244
2634,1299,0,981324420
2635,1300,0,981249986
2636,1300,0,981328380
2637,1301,0,981233471
2638,1301,0,981332052
2639,1302,0,981216699
2640,1302,0,981335437
2641,1303,0,981199671
2642,1303,0,981338536
2643,1304,0,981182388
2644,1304,0,981341349
2645,1305,0,981164851
2646,1305,0,981343877
2647,1306,0,981147060
2648,1306,0,981346121
2649,1307,0,981129017
2650,1307,0,981348083
2651,1308,0,981110722
2652,1308,0,981349762
2653,1309,0,981092176
2654,1309,0,981351160
2655,1310,0,981073380
2656,1310,0,981352277
2657,1311,0,981054335
2658,1311,0,981353115
2659,1312,0,981035040
2660,1312,0,981353673
2661,1313,0,981015498
2662,1313,0,981353954
2663,1314,0,980995709
2664,1314,0,981353958
2665,1315,0,980975674
2666,1315,0,981353686
2667,1316,0,980955393
2668,1316,0,981353137
2669,1317,0,980934867
2670,1317,0,981352315
2671,1318,0,980914097
2672,1318,0,981351218
2673,1319,0,980893084
2674,1319,0,981349849
2675,1320,0,980871829
2676,1320,0,981348207
2677,1321,0,980850332
2678,1321,0,981346294
2679,1322,0,980828594
2680,1322,0,981344110
2681,1323,0,980806615
2682,1323,0,981341657
2683,1324,0,980784398
2684,1324,0,981338934
2685,1325,0,980761942
2686,1325,0,981335944
2687,1326,0,980739248
2688,1326,0,981332686
2689,1327,0,980716317
2690,1327,0,981329162
2691,1328,0,980693149
2692,1328,0,981325372
2693,1329,0,980669746
2694,1329,0,981321317
2695,1330,0,980646108
2696,1330,0,981316997
2697,1331,0,980622235
2698,1331,0,981312415
2699,1332,0,980598130
2700,1332,0,981307570
2701,1332,0,980593150
2702,1333,0,981302463
2703,1333,0,980607791
2704,1334,0,981297095
2705,1334,0,980622143
2706,1335,0,981291467
2707,1335,0,980636206
2708,1336,0,981285579
2709,1336,0,980649980
2710,1337,0,981279433
2711,1337,0,980663468
2712,1338,0,981273029
2713,1338,0,980676669
2714,1339,0,981266368
2715,1339,0,980689585
2716,1340,0,981259451
2717,1340,0,980702217
2718,1341,0,981252278
2719,1341,0,980714564
2720,1342,0,981244850
2721,1342,0,980726628
2722,1343,0,981237168
2723,1343,0,980738410
2724,1344,0,981229233
2725,1344,0,980749911
2726,1345,0,981221045
2727,1345,0,980761130
2728,1346,0,981212606
2729,1346,0,980772071
2730,1347,0,981203915
2731,1347,0,980782731
2732,1348,0,981194974
2733,1348,0,980793114
2734,1349,0,981185784
2735,1349,0,980803219
2736,1350,0,981176345
2737,1350,0,980813048
2738,1351,0,981166658
2739,1351,0,980822601
2740,1352,0,981156723
2741,1352,0,980831878
2742,1353,0,981146543
2743,1353,0,980840882
2744,1354,0,981136116
2745,1354,0,980849611
2746,1355,0,981125444
2747,1355,0,980858068
2748,1356,0,981114528
2749,1356,0,980866254
2750,1357,0,981103368
2751,1357,0,980874167
2752,1358,0,981091966
2753,1358,0,980881811
2754,1359,0,981080321
2755,1359,0,980889185
2756,1360,0,981068435
2757,1360,0,980896290
2758,1361,0,981056308
2759,1361,0,980903126
2760,1362,0,981043941
2761,1362,0,980909696
2762,1363,0,981031335
2763,1363,0,980915999
2764,1364,0,981018490
2765,1364,0,980922036
2766,1365,0,981005407
2767,1365,0,980927808
2768,1366,0,980992087
2769,1366,0,980933315
2770,1367,0,980978531
2771,1367,0,980938559
2772,1368,0,980964739
2773,1368,0,980943541
2774,1369,0,980950713
2775,1369,0,980948260
2776,1370,0,980936451
2777,1370,0,980952718
2778,1371,0,980921957
2779,1371,0,980956915
2780,1372,0,980907229
2781,1372,0,980960853
2782,1373,0,980892269
2783,1373,0,980964531
2784,1374,0,980877077
2785,1374,0,980967951
2786,1375,0,980861655
2787,1375,0,980971113
2788,1376,0,980846003
2789,1376,0,980974019
2790,1377,0,980830121
2791,1377,0,980976668
2792,1378,0,980814010
2793,1378,0,980979062
2794,1379,0,980797671
2795,1379,0,980981201
2796,1380,0,980781105
2797,1380,0,980983086
2798,1381,0,980764312
2799,1381,0,980984718
2800,1382,0,980747293
2801,1382,0,980986098
2802,1383,0,980730049
2803,1383,0,980987225
2804,1384,0,980712580
2805,1384,0,980988102
2806,1385,0,980694887
2807,1385,0,980988728
2808,1386,0,980676970
2809,1386,0,980989105
2810,1387,0,980658831
2811,1387,0,980989232
2812,1388,0,980640470
2813,1388,0,980989111
2814,1389,0,980621888
2815,1389,0,980988743
2816,1390,0,980603084
2817,1390,0,980988128
2818,1391,0,980584061
2819,1391,0,980987266
2820,1392,0,980564818
2821,1392,0,980986160
2822,1393,0,980545357
2823,1393,0,980984808
2824,1394,0,980525678
2825,1394,0,980983212
2826,1395,0,980505781
2827,1395,0,980981373
2828,1396,0,980485667
2829,1396,0,980979292
2830,1397,0,980465337
2831,1397,0,980976968
2832,1398,0,980444792
2833,1398,0,980974403
2834,1399,0,980424032
2835,1399,0,980971598
2836,1400,0,980403057
2837,1400,0,980968552
2838,1401,0,980381869
2839,1401,0,980965268
2840,1402,0,980360469
2841,1402,0,980961744
2842,1403,0,980338855
2843,1403,0,980957983
2844,1404,0,980317031
2845,1404,0,980953985
2846,1405,0,980294995
2847,1405,0,980949750
2848,1406,0,980272748
2849,1406,0,980945279
2850,1406,0,980268157
2851,1407,0,980940573
2852,1407,0,980281665
2853,1408,0,980935632
2854,1408,0,980294914
2855,1409,0,980930458
2856,1409,0,980307904
2857,1410,0,980925050
2858,1410,0,980320635
2859,1411,0,980919410
2860,1411,0,980333109
2861,1412,0,980913538
2862,1412,0,980345327
2863,1413,0,980907435
2864,1413,0,980357288
2865,1414,0,980901101
2866,1414,0,980368994
2867,1415,0,980894537
2868,1415,0,980380445
2869,1416,0,980887744
2870,1416,0,980391643
2871,1417,0,980880722
2872,1417,0,980402587
2873,1418,0,980873473
2874,1418,0,980413278
2875,1419,0,980865996
2876,1419,0,980423717
2877,1420,0,980858292
2878,1420,0,980433905
2879,1421,0,980850362
2880,1421,0,980443843
2881,1422,0,980842207
2882,1422,0,980453530
2883,1423,0,980833828
2884,1423,0,980462969
2885,1424,0,980825224
2886,1424,0,980472159
2887,1425,0,980816396
2888,1425,0,980481101
2889,1426,0,980807346
2890,1426,0,980489795
2891,1427,0,980798073
2892,1427,0,980498244
2893,1428,0,980788579
2894,1428,0,980506446
2895,1429,0,980778864
2896,1429,0,980514403
2897,1430,0,980768929
2898,1430,0,980522116
2899,1431,0,980758774
2900,1431,0,980529584
2901,1432,0,980748400
2902,1432,0,980536810
2903,1433,0,980737807
2904,1433,0,980543793
2905,1434,0,980726996
2906,1434,0,980550534
2907,1435,0,980715969
2908,1435,0,980557034
2909,1436,0,980704724
2910,1436,0,980563293
2911,1437,0,980693264
2912,1437,0,980569312
2913,1438,0,980681588
2914,1438,0,980575092
2915,1439,0,980669698
2916,1439,0,980580633
2917,1440,0,980657593
2918,1440,0,980585936
2919,1441,0,980645275
2920,1441,0,980591002
2921,1442,0,980632744
2922,1442,0,980595831
2923,1443,0,980620000
2924,1443,0,980600424
2925,1444,0,980607045
2926,1444,0,980604782
2927,1445,0,980593878
2928,1445,0,980608905
2929,1446,0,980580501
2930,1446,0,980612793
2931,1447,0,980566914
2932,1447,0,980616448
2933,1448,0,980553118
2934,1448,0,980619871
2935,1449,0,980539112
2936,1449,0,980623060
2937,1450,0,980524899
2938,1450,0,980626019
2939,1451,0,980510478
2940,1451,0,980628746
2941,1452,0,980495850
2942,1452,0,980631243
2943,1453,0,980481016
2944,1453,0,980633509
2945,1454,0,980465975
2946,1454,0,980635547
2947,1455,0,980450730
2948,1455,0,980637356
2949,1456,0,980435280
2950,1456,0,980638938
2951,1457,0,980419626
2952,1457,0,980640292
2953,1458,0,980403768
2954,1458,0,980641419
2955,1459,0,980387707
2956,1459,0,980642320
2957,1460,0,980371444
2958,1460,0,980642996
2959,1461,0,980354979
2960,1461,0,980643447
2961,1462,0,980338313
2962,1462,0,980643673
2963,1463,0,980321446
2964,1463,0,980643676
2965,1464,0,980304379
2966,1464,0,980643456
2967,1465,0,980287113
2968,1465,0,980643013
2969,1466,0,980269647
2970,1466,0,980642349
2971,1467,0,980251984
2972,1467,0,980641463
2973,1468,0,980234122
2974,1468,0,980640356
2975,1469,0,980216063
2976,1469,0,980639030
2977,1470,0,980197808
2978,1470,0,980637484
2979,1471,0,980179356
2980,1471,0,980635719
2981,1472,0,980160709
2982,1472,0,980633736
2983,1473,0,980141866
2984,1473,0,980631535
2985,1474,0,980122829
2986,1474,0,980629117
2987,1475,0,980103598
2988,1475,0,980626482
2989,1476,0,980084174
2990,1476,0,980623632
2991,1477,0,980064557
2992,1477,0,980620566
2993,1478,0,980044748
2994,1478,0,980617285
2995,1479,0,980024746
2996,1479,0,980613790
2997,1480,0,980004554
2998,1480,0,980610081
2999,1481,0,979984171
3000,1481,0,980606160
