n,minwit,argi,argj
4,1,1,2
5,1,1,2
6,1,1,2
7,1,1,2
8,1,1,2
9,1,1,2
10,1,1,2
11,1,1,2
12,1,1,3
13,1,1,2
14,1,1,2
15,1,1,3
16,1,1,2
17,1,1,2
18,1,1,2
19,1,1,2
20,1,1,4
21,1,1,3
22,1,1,2
23,1,1,2
24,1,1,3
25,1,1,2
26,1,1,2
27,1,1,2
28,1,1,4
29,1,1,2
30,1,5,14
31,1,1,2
32,1,1,2
33,1,1,3
34,1,1,2
35,1,1,5
36,1,1,4
37,1,1,2
38,1,1,2
39,1,1,3
40,1,1,5
41,1,1,2
42,1,3,7
43,1,1,2
44,1,1,4
45,1,1,5
46,1,1,2
47,1,1,2
48,1,1,3
49,1,1,2
50,1,1,2
51,1,1,3
52,1,1,4
53,1,1,2
54,1,1,2
55,1,1,5
56,1,1,7
57,1,1,3
58,1,1,2
59,1,1,2
60,1,1,30
61,1,1,2
62,1,1,2
63,1,1,7
64,1,1,2
65,1,1,5
66,1,3,11
67,1,1,2
68,1,1,4
69,1,1,3
70,2,1,2
71,1,1,2
72,1,1,8
73,1,1,2
74,1,1,2
75,1,1,3
76,1,1,4
77,1,1,7
78,1,1,6
79,1,1,2
80,1,1,5
81,1,1,2
82,1,1,2
83,1,1,2
84,2,1,3
85,1,1,5
86,1,1,2
87,1,1,3
88,1,1,8
89,1,1,2
90,1,1,10
91,1,1,7
92,1,1,4
93,1,1,3
94,1,1,2
95,1,1,5
96,1,1,3
97,1,1,2
98,1,1,2
99,1,1,9
100,1,1,4
101,1,1,2
102,1,1,34
103,1,1,2
104,1,1,8
105,2,1,3
106,1,1,2
107,1,1,2
108,1,1,4
109,1,1,2
110,1,1,10
111,1,1,3
112,1,1,7
113,1,1,2
114,1,3,57
115,1,1,5
116,1,1,4
117,1,1,9
118,1,1,2
119,1,1,7
120,1,1,30
121,1,1,2
122,1,1,2
123,1,1,3
124,1,1,4
125,1,1,2
126,1,1,14
127,1,1,2
128,1,1,2
129,1,1,3
130,2,1,2
131,1,1,2
132,2,1,3
133,1,1,7
134,1,1,2
135,1,1,5
136,1,1,8
137,1,1,2
138,1,3,69
139,1,1,2
140,2,1,4
141,1,1,3
142,1,1,2
143,1,1,11
144,1,1,9
145,1,1,5
146,1,1,2
147,1,1,3
148,1,1,4
149,1,1,2
150,1,1,6
151,1,1,2
152,1,1,8
153,1,1,9
154,2,1,2
155,1,1,5
156,1,1,12
157,1,1,2
158,1,1,2
159,1,1,3
160,1,1,5
161,1,1,7
162,1,1,2
163,1,1,2
164,1,1,4
165,2,1,3
166,1,1,2
167,1,1,2
168,2,1,3
169,1,1,2
170,1,1,10
171,1,1,9
172,1,1,4
173,1,1,2
174,1,1,12
175,1,1,7
176,1,1,11
177,1,1,3
178,1,1,2
179,1,1,2
180,2,1,4
181,1,1,2
182,2,1,2
183,1,1,3
184,1,1,8
185,1,1,5
186,1,1,18
187,1,1,11
188,1,1,4
189,1,1,7
190,1,1,10
191,1,1,2
192,1,1,3
193,1,1,2
194,1,1,2
195,1,1,30
196,1,1,4
197,1,1,2
198,1,1,66
199,1,1,2
200,1,1,8
201,1,1,3
202,1,1,2
203,1,1,7
204,1,1,12
205,1,1,5
206,1,1,2
207,1,1,9
208,1,1,13
209,1,1,11
210,2,1,18
211,1,1,2
212,1,1,4
213,1,1,3
214,1,1,2
215,1,1,5
216,1,1,8
217,1,1,7
218,1,1,2
219,1,1,3
220,1,1,20
221,1,1,13
222,1,1,6
223,1,1,2
224,1,1,7
225,1,1,9
226,1,1,2
227,1,1,2
228,1,1,36
229,1,1,2
230,1,1,100
231,1,1,33
232,1,1,8
233,1,1,2
234,1,1,72
235,1,1,5
236,1,1,4
237,1,1,3
238,1,1,14
239,1,1,2
240,1,1,15
241,1,1,2
242,1,1,2
243,1,1,2
244,1,1,4
245,1,1,5
246,1,1,82
247,1,1,13
248,1,1,8
249,1,1,3
250,1,1,2
251,1,1,2
252,1,1,56
253,1,1,11
254,1,1,2
255,2,1,3
256,1,1,2
257,1,1,2
258,1,3,43
259,1,1,7
260,2,1,4
261,1,1,9
262,1,1,2
263,1,1,2
264,1,3,132
265,1,1,5
266,2,1,2
267,1,1,3
268,1,1,4
269,1,1,2
270,1,1,10
271,1,1,2
272,1,1,16
273,2,1,3
274,1,1,2
275,1,1,11
276,2,1,3
277,1,1,2
278,1,1,2
279,1,1,9
280,2,1,5
281,1,1,2
282,2,1,2
283,1,1,2
284,1,1,4
285,1,1,30
286,1,1,22
287,1,1,7
288,1,1,9
289,1,1,2
290,2,1,2
291,1,1,3
292,1,1,4
293,1,1,2
294,1,1,6
295,1,1,5
296,1,1,8
297,1,1,11
298,1,1,2
299,1,1,13
300,2,1,3
301,1,1,7
302,1,1,2
303,1,1,3
304,1,1,16
305,1,1,5
306,2,1,2
307,1,1,2
308,1,1,154
309,1,1,3
310,1,1,50
311,1,1,2
312,1,1,39
313,1,1,2
314,1,1,2
315,1,1,63
316,1,1,4
317,1,1,2
318,1,1,12
319,1,1,11
320,1,1,5
321,1,1,3
322,1,1,161
323,1,1,17
324,1,1,4
325,1,1,13
326,1,1,2
327,1,1,3
328,1,1,8
329,1,1,7
330,2,1,55
331,1,1,2
332,1,1,4
333,1,1,9
334,1,1,2
335,1,1,5
336,1,1,84
337,1,1,2
338,1,1,2
339,1,1,3
340,1,1,80
341,1,1,11
342,1,1,18
343,1,1,2
344,1,1,8
345,1,1,90
346,1,1,2
347,1,1,2
348,1,1,12
349,1,1,2
350,2,1,2
351,1,1,13
352,1,1,11
353,1,1,2
354,1,3,177
355,1,1,5
356,1,1,4
357,2,1,3
358,1,1,2
359,1,1,2
360,2,1,5
361,1,1,2
362,1,1,2
363,1,1,3
364,2,1,4
365,1,1,5
366,1,1,6
367,1,1,2
368,1,1,16
369,1,1,9
370,1,1,50
371,1,1,7
372,1,1,36
373,1,1,2
374,1,1,34
375,1,1,3
376,1,1,8
377,1,1,13
378,2,1,2
379,1,1,2
380,2,1,4
381,1,1,3
382,1,1,2
383,1,1,2
384,1,1,3
385,2,1,5
386,1,1,2
387,1,1,9
388,1,1,4
389,1,1,2
390,2,1,39
391,1,1,17
392,1,1,8
393,1,1,3
394,1,1,2
395,1,1,5
396,1,1,132
397,1,1,2
398,1,1,2
399,2,1,3
400,1,1,16
401,1,1,2
402,1,1,18
403,1,1,13
404,1,1,4
405,1,1,5
406,2,1,2
407,1,1,11
408,2,1,3
409,1,1,2
410,1,1,10
411,1,1,3
412,1,1,4
413,1,1,7
414,1,1,138
415,1,1,5
416,1,1,13
417,1,1,3
418,2,1,2
419,1,1,2
420,2,1,15
421,1,1,2
422,1,1,2
423,1,1,9
424,1,1,8
425,1,1,17
426,1,1,162
427,1,1,7
428,1,1,4
429,1,1,165
430,1,1,130
431,1,1,2
432,1,1,16
433,1,1,2
434,2,1,2
435,1,1,30
436,1,1,4
437,1,1,19
438,1,1,6
439,1,1,2
440,1,1,40
441,1,1,9
442,1,1,26
443,1,1,2
444,1,1,12
445,1,1,5
446,1,1,2
447,1,1,3
448,1,1,7
449,1,1,2
450,2,1,2
451,1,1,11
452,1,1,4
453,1,1,3
454,1,1,2
455,2,1,5
456,1,1,192
457,1,1,2
458,1,1,2
459,1,1,17
460,1,1,200
461,1,1,2
462,2,1,14
463,1,1,2
464,1,1,16
465,1,1,30
466,1,1,2
467,1,1,2
468,1,1,117
469,1,1,7
470,1,1,20
471,1,1,3
472,1,1,8
473,1,1,11
474,1,1,66
475,1,1,19
476,1,1,28
477,1,1,9
478,1,1,2
479,1,1,2
480,1,1,30
481,1,1,13
482,1,1,2
483,1,1,21
484,1,1,4
485,1,1,5
486,1,1,2
487,1,1,2
488,1,1,8
489,1,1,3
490,1,1,10
491,1,1,2
492,1,1,164
493,1,1,17
494,1,1,38
495,2,1,5
496,1,1,16
497,1,1,7
498,2,1,2
499,1,1,2
500,1,1,4
501,1,1,3
502,1,1,2
503,1,1,2
504,1,1,56
505,1,1,5
506,1,1,138
507,1,1,3
508,1,1,4
509,1,1,2
510,2,1,6
511,1,1,7
512,1,1,2
513,1,1,19
514,1,1,2
515,1,1,5
516,2,1,3
517,1,1,11
518,2,1,2
519,1,1,3
520,2,1,5
521,1,1,2
522,2,1,2
523,1,1,2
524,1,1,4
525,2,1,3
526,1,1,2
527,1,1,17
528,1,1,33
529,1,1,2
530,2,1,2
531,1,1,9
532,1,1,133
533,1,1,13
534,1,1,18
535,1,1,5
536,1,1,8
537,1,1,3
538,1,1,2
539,1,1,11
540,2,1,4
541,1,1,2
542,1,1,2
543,1,1,3
544,1,1,17
545,1,1,5
546,3,1,2
547,1,1,2
548,1,1,4
549,1,1,9
550,1,1,275
551,1,1,19
552,2,1,3
553,1,1,7
554,1,1,2
555,1,1,30
556,1,1,4
557,1,1,2
558,1,1,36
559,1,1,13
560,2,1,5
561,1,1,66
562,1,1,2
563,1,1,2
564,1,1,36
565,1,1,5
566,1,1,2
567,1,1,7
568,1,1,8
569,1,1,2
570,2,1,10
571,1,1,2
572,1,1,44
573,1,1,3
574,1,1,14
575,1,1,23
576,1,1,9
577,1,1,2
578,1,1,2
579,1,1,3
580,2,1,4
581,1,1,7
582,1,1,6
583,1,1,11
584,1,1,8
585,2,1,5
586,1,1,2
587,1,1,2
588,1,1,12
589,1,1,19
590,1,1,10
591,1,1,3
592,1,1,16
593,1,1,2
594,1,1,66
595,2,1,5
596,1,1,4
597,1,1,3
598,2,1,2
599,1,1,2
600,2,1,3
601,1,1,2
602,2,1,2
603,1,1,9
604,1,1,4
605,1,1,5
606,1,1,12
607,1,1,2
608,1,1,19
609,1,1,87
610,1,1,305
611,1,1,13
612,1,1,36
613,1,1,2
614,1,1,2
615,1,1,30
616,2,1,7
617,1,1,2
618,1,1,42
619,1,1,2
620,1,1,40
621,1,1,23
622,1,1,2
623,1,1,7
624,1,1,273
625,1,1,2
626,1,1,2
627,1,1,57
628,1,1,4
629,1,1,17
630,2,1,36
631,1,1,2
632,1,1,8
633,1,1,3
634,1,1,2
635,1,1,5
636,1,1,12
637,1,1,13
638,1,1,22
639,1,1,9
640,1,1,5
641,1,1,2
642,2,1,2
643,1,1,2
644,2,1,4
645,1,1,15
646,2,1,2
647,1,1,2
648,1,1,8
649,1,1,11
650,1,1,130
651,2,1,3
652,1,1,4
653,1,1,2
654,1,1,6
655,1,1,5
656,1,1,16
657,1,1,9
658,2,1,2
659,1,1,2
660,2,1,132
661,1,1,2
662,1,1,2
663,2,1,3
664,1,1,8
665,1,1,266
666,1,1,18
667,1,1,23
668,1,1,4
669,1,1,3
670,1,1,10
671,1,1,11
672,1,1,21
673,1,1,2
674,1,1,2
675,1,1,25
676,1,1,4
677,1,1,2
678,1,1,162
679,1,1,7
680,2,1,5
681,1,1,3
682,2,1,2
683,1,1,2
684,1,1,36
685,1,1,5
686,1,1,2
687,1,1,3
688,1,1,16
689,1,1,13
690,2,1,15
691,1,1,2
692,1,1,4
693,1,1,198
694,1,1,2
695,1,1,5
696,1,1,48
697,1,1,17
698,1,1,2
699,1,1,3
700,2,1,4
701,1,1,2
702,1,1,26
703,1,1,19
704,1,1,11
705,1,1,30
706,1,1,2
707,1,1,7
708,1,1,192
709,1,1,2
710,2,1,2
711,1,1,9
712,1,1,8
713,1,1,23
714,2,1,66
715,1,1,55
716,1,1,4
717,1,1,3
718,1,1,2
719,1,1,2
720,1,1,45
721,1,1,7
722,1,1,2
723,1,1,3
724,1,1,4
725,1,1,25
726,1,1,6
727,1,1,2
728,1,1,208
729,1,1,2
730,1,1,80
731,1,1,17
732,2,1,3
733,1,1,2
734,1,1,2
735,2,1,3
736,1,1,23
737,1,1,11
738,2,1,2
739,1,1,2
740,1,1,100
741,2,1,3
742,2,1,2
743,1,1,2
744,2,1,3
745,1,1,5
746,1,1,2
747,1,1,9
748,1,1,68
749,1,1,7
750,1,1,12
751,1,1,2
752,1,1,16
753,1,1,3
754,1,1,208
755,1,1,5
756,2,1,4
757,1,1,2
758,1,1,2
759,2,1,3
760,2,1,5
761,1,1,2
762,2,1,2
763,1,1,7
764,1,1,4
765,2,1,5
766,1,1,2
767,1,1,13
768,1,1,3
769,1,1,2
770,3,1,2
771,1,1,3
772,1,1,4
773,1,1,2
774,1,1,258
775,1,1,25
776,1,1,8
777,1,1,21
778,1,1,2
779,1,1,19
780,2,1,12
781,1,1,11
782,2,1,2
783,1,1,27
784,1,1,16
785,1,1,5
786,2,1,2
787,1,1,2
788,1,1,4
789,1,1,3
790,2,1,2
791,1,1,7
792,1,1,264
793,1,1,13
794,1,1,2
795,1,1,30
796,1,1,4
797,1,1,2
798,1,3,399
799,1,1,17
800,1,1,25
801,1,1,9
802,1,1,2
803,1,1,11
804,1,1,36
805,2,1,5
806,1,1,260
807,1,1,3
808,1,1,8
809,1,1,2
810,1,1,10
811,1,1,2
812,1,1,406
813,1,1,3
814,1,1,44
815,1,1,5
816,2,1,3
817,1,1,19
818,1,1,2
819,1,1,364
820,1,1,20
821,1,1,2
822,1,1,274
823,1,1,2
824,1,1,8
825,2,1,3
826,1,1,42
827,1,1,2
828,1,1,276
829,1,1,2
830,1,1,30
831,1,1,3
832,1,1,13
833,1,1,17
834,1,3,392
835,1,1,5
836,1,1,418
837,1,1,27
838,1,1,2
839,1,1,2
840,2,1,30
841,1,1,2
842,1,1,2
843,1,1,3
844,1,1,4
845,1,1,5
846,2,1,2
847,1,1,7
848,1,1,16
849,1,1,3
850,1,1,272
851,1,1,23
852,1,1,84
853,1,1,2
854,1,1,70
855,2,1,5
856,1,1,8
857,1,1,2
858,2,1,18
859,1,1,2
860,1,1,80
861,1,1,21
862,1,1,2
863,1,1,2
864,1,1,27
865,1,1,5
866,1,1,2
867,1,1,3
868,2,1,4
869,1,1,11
870,2,1,6
871,1,1,13
872,1,1,8
873,1,1,9
874,1,1,322
875,1,1,7
876,1,1,12
877,1,1,2
878,1,1,2
879,1,1,3
880,2,1,5
881,1,1,2
882,1,1,18
883,1,1,2
884,2,1,4
885,1,1,135
886,1,1,2
887,1,1,2
888,1,1,24
889,1,1,7
890,1,1,10
891,1,1,11
892,1,1,4
893,1,1,19
894,1,1,84
895,1,1,5
896,1,1,7
897,2,1,3
898,1,1,2
899,1,1,29
900,2,1,4
901,1,1,17
902,1,1,132
903,2,1,3
904,1,1,8
905,1,1,5
906,2,1,2
907,1,1,2
908,1,1,4
909,1,1,9
910,2,1,10
911,1,1,2
912,1,1,171
913,1,1,11
914,1,1,2
915,1,1,15
916,1,1,4
917,1,1,7
918,2,1,2
919,1,1,2
920,1,1,280
921,1,1,3
922,1,1,2
923,1,1,13
924,2,1,28
925,1,1,25
926,1,1,2
927,1,1,9
928,1,1,29
929,1,1,2
930,2,1,30
931,1,1,19
932,1,1,4
933,1,1,3
934,1,1,2
935,1,1,55
936,1,1,416
937,1,1,2
938,1,1,392
939,1,1,3
940,1,1,40
941,1,1,2
942,1,1,6
943,1,1,23
944,1,1,16
945,1,1,135
946,1,1,176
947,1,1,2
948,2,1,3
949,1,1,13
950,1,1,38
951,1,1,3
952,1,1,56
953,1,1,2
954,1,1,144
955,1,1,5
956,1,1,4
957,1,1,66
958,1,1,2
959,1,1,7
960,1,1,30
961,1,1,2
962,2,1,2
963,1,1,9
964,1,1,4
965,1,1,5
966,2,1,21
967,1,1,2
968,1,1,8
969,1,1,51
970,1,1,10
971,1,1,2
972,1,1,4
973,1,1,7
974,1,1,2
975,2,1,3
976,1,1,16
977,1,1,2
978,1,3,489
979,1,1,11
980,1,1,80
981,1,1,9
982,1,1,2
983,1,1,2
984,1,1,246
985,1,1,5
986,1,1,408
987,1,1,252
988,1,1,76
989,1,1,23
990,2,1,10
991,1,1,2
992,1,1,31
993,1,1,3
994,1,1,98
995,1,1,5
996,1,1,249
997,1,1,2
998,1,1,2
999,1,1,27
1000,1,1,8
1001,1,1,143
1002,2,1,2
1003,1,1,17
1004,1,1,4
1005,2,1,3
1006,1,1,2
1007,1,1,19
1008,1,1,112
1009,1,1,2
1010,1,1,130
1011,1,1,3
1012,1,1,132
1013,1,1,2
1014,1,1,6
1015,2,1,5
1016,1,1,8
1017,1,1,9
1018,1,1,2
1019,1,1,2
1020,2,1,12
1021,1,1,2
1022,1,1,14
1023,1,1,33
1024,1,1,2
1025,1,1,25
1026,2,1,2
1027,1,1,13
1028,1,1,4
1029,1,1,3
1030,2,1,2
1031,1,1,2
1032,2,1,3
1033,1,1,2
1034,1,1,517
1035,2,1,5
1036,2,1,4
1037,1,1,17
1038,1,1,12
1039,1,1,2
1040,2,1,5
1041,1,1,3
1042,1,1,2
1043,1,1,7
1044,2,1,4
1045,1,1,165
1046,1,1,2
1047,1,1,3
1048,1,1,8
1049,1,1,2
1050,2,1,18
1051,1,1,2
1052,1,1,4
1053,1,1,13
1054,2,1,2
1055,1,1,5
1056,2,1,3
1057,1,1,7
1058,1,1,2
1059,1,1,3
1060,2,1,4
1061,1,1,2
1062,2,1,2
1063,1,1,2
1064,2,1,7
1065,1,1,255
1066,1,1,533
1067,1,1,11
1068,1,1,12
1069,1,1,2
1070,1,1,10
1071,1,1,357
1072,1,1,16
1073,1,1,29
1074,1,1,18
1075,1,1,25
1076,1,1,4
1077,1,1,3
1078,1,1,22
1079,1,1,13
1080,2,1,5
1081,1,1,23
1082,1,1,2
1083,1,1,3
1084,1,1,4
1085,2,1,5
1086,1,1,6
1087,1,1,2
1088,1,1,17
1089,1,1,9
1090,2,1,2
1091,1,1,2
1092,2,1,39
1093,1,1,2
1094,1,1,2
1095,1,1,15
1096,1,1,8
1097,1,1,2
1098,2,1,2
1099,1,1,7
1100,2,1,4
1101,1,1,3
1102,2,1,2
1103,1,1,2
1104,2,1,3
1105,1,1,221
1106,2,1,2
1107,1,1,27
1108,1,1,4
1109,1,1,2
1110,2,1,30
1111,1,1,11
1112,1,1,8
1113,1,1,84
1114,1,1,2
1115,1,1,5
1116,2,1,4
1117,1,1,2
1118,1,1,26
1119,1,1,3
1120,1,1,35
1121,1,1,19
1122,2,1,33
1123,1,1,2
1124,1,1,4
1125,1,1,9
1126,1,1,2
1127,1,1,23
1128,1,1,72
1129,1,1,2
1130,2,1,2
1131,1,1,39
1132,1,1,4
1133,1,1,11
1134,1,1,98
1135,1,1,5
1136,1,1,16
1137,1,1,3
1138,1,1,2
1139,1,1,17
1140,2,1,84
1141,1,1,7
1142,1,1,2
1143,1,1,9
1144,1,1,104
1145,1,1,5
1146,1,1,90
1147,1,1,31
1148,1,1,56
1149,1,1,3
1150,1,1,46
1151,1,1,2
1152,1,1,9
1153,1,1,2
1154,1,1,2
1155,2,1,21
1156,1,1,4
1157,1,1,13
1158,1,1,6
1159,1,1,19
1160,2,1,5
1161,1,1,27
1162,2,1,2
1163,1,1,2
1164,2,1,3
1165,1,1,5
1166,1,1,132
1167,1,1,3
1168,1,1,16
1169,1,1,7
1170,1,1,130
1171,1,1,2
1172,1,1,4
1173,2,1,3
1174,1,1,2
1175,1,1,25
1176,1,1,441
1177,1,1,11
1178,2,1,2
1179,1,1,9
1180,2,1,4
1181,1,1,2
1182,1,1,12
1183,1,1,7
1184,1,1,32
1185,1,1,30
1186,1,1,2
1187,1,1,2
1188,1,1,132
1189,1,1,29
1190,2,1,34
1191,1,1,3
1192,1,1,8
1193,1,1,2
1194,1,1,138
1195,1,1,5
1196,2,1,4
1197,1,1,63
1198,1,1,2
1199,1,1,11
1200,1,1,144
1201,1,1,2
1202,1,1,2
1203,1,1,3
1204,2,1,4
1205,1,1,5
1206,1,1,18
1207,1,1,17
1208,1,1,8
1209,1,1,93
1210,1,1,10
1211,1,1,7
1212,1,1,12
1213,1,1,2
1214,1,1,2
1215,1,1,5
1216,1,1,19
1217,1,1,2
1218,2,3,21
1219,1,1,23
1220,1,1,305
1221,2,1,3
1222,2,1,2
1223,1,1,2
1224,2,1,8
1225,1,1,25
1226,1,1,2
1227,1,1,3
1228,1,1,4
1229,1,1,2
1230,2,1,6
1231,1,1,2
1232,2,1,7
1233,1,1,9
1234,1,1,2
1235,1,1,380
1236,2,1,3
1237,1,1,2
1238,1,1,2
1239,1,1,504
1240,1,1,80
1241,1,1,17
1242,1,1,138
1243,1,1,11
1244,1,1,4
1245,1,1,30
1246,1,1,14
1247,1,1,29
1248,2,1,3
1249,1,1,2
1250,1,1,2
1251,1,1,9
1252,1,1,4
1253,1,1,7
1254,2,1,36
1255,1,1,5
1256,1,1,8
1257,1,1,3
1258,1,1,34
1259,1,1,2
1260,2,1,36
1261,1,1,13
1262,1,1,2
1263,1,1,3
1264,1,1,16
1265,2,1,5
1266,1,1,18
1267,1,1,7
1268,1,1,4
1269,1,1,27
1270,1,1,20
1271,1,1,31
1272,2,1,3
1273,1,1,19
1274,1,1,26
1275,2,1,3
1276,1,1,44
1277,1,1,2
1278,1,1,36
1279,1,1,2
1280,1,1,5
1281,1,1,252
1282,1,1,2
1283,1,1,2
1284,1,3,642
1285,1,1,5
1286,1,1,2
1287,1,1,297
1288,1,1,161
1289,1,1,2
1290,2,1,10
1291,1,1,2
1292,2,1,4
1293,1,1,3
1294,1,1,2
1295,1,1,259
1296,1,1,16
1297,1,1,2
1298,1,1,649
1299,1,1,3
1300,1,1,260
1301,1,1,2
1302,2,1,6
1303,1,1,2
1304,1,1,8
1305,2,1,5
1306,1,1,2
1307,1,1,2
1308,1,1,12
1309,1,1,77
1310,1,1,10
1311,1,1,570
1312,1,1,32
1313,1,1,13
1314,2,1,2
1315,1,1,5
1316,2,1,4
1317,1,1,3
1318,1,1,2
1319,1,1,2
1320,1,1,264
1321,1,1,2
1322,1,1,2
1323,1,1,27
1324,1,1,4
1325,1,1,25
1326,2,1,34
1327,1,1,2
1328,1,1,16
1329,1,1,3
1330,2,1,50
1331,1,1,2
1332,1,1,36
1333,1,1,31
1334,1,1,276
1335,1,1,30
1336,1,1,8
1337,1,1,7
1338,1,1,42
1339,1,1,13
1340,1,1,40
1341,1,1,9
1342,2,1,2
1343,1,1,17
1344,1,1,21
1345,1,1,5
1346,1,1,2
1347,1,1,3
1348,1,1,4
1349,1,1,19
1350,1,1,324
1351,1,1,7
1352,1,1,8
1353,1,1,246
1354,1,1,2
1355,1,1,5
1356,1,1,324
1357,1,1,23
1358,1,1,14
1359,1,1,9
1360,1,1,80
1361,1,1,2
1362,1,1,66
1363,1,1,29
1364,2,1,4
1365,1,1,630
1366,1,1,2
1367,1,1,2
1368,1,1,72
1369,1,1,2
1370,1,1,10
1371,1,1,3
1372,1,1,4
1373,1,1,2
1374,1,1,6
1375,1,1,11
1376,1,1,32
1377,1,1,17
1378,1,1,689
1379,1,1,7
1380,2,1,324
1381,1,1,2
1382,1,1,2
1383,1,1,3
1384,1,1,8
1385,1,1,5
1386,3,1,2
1387,1,1,19
1388,1,1,4
1389,1,1,3
1390,1,1,10
1391,1,1,13
1392,1,1,87
1393,1,1,7
1394,1,1,34
1395,2,1,5
1396,1,1,4
1397,1,1,11
1398,1,1,18
1399,1,1,2
1400,2,1,7
1401,1,1,3
1402,1,1,2
1403,1,1,23
1404,1,1,52
1405,1,1,5
1406,1,1,38
1407,2,1,3
1408,1,1,11
1409,1,1,2
1410,2,1,30
1411,1,1,17
1412,1,1,4
1413,1,1,9
1414,1,1,707
1415,1,1,5
1416,1,1,354
1417,1,1,13
1418,1,1,2
1419,1,1,33
1420,1,1,140
1421,1,1,29
1422,1,1,270
1423,1,1,2
1424,1,1,16
1425,1,1,171
1426,2,1,2
1427,1,1,2
1428,2,1,51
1429,1,1,2
1430,2,1,22
1431,1,1,27
1432,1,1,8
1433,1,1,2
1434,1,1,138
1435,2,1,5
1436,1,1,4
1437,1,1,3
1438,1,1,2
1439,1,1,2
1440,1,1,135
1441,1,1,11
1442,2,1,2
1443,1,1,39
1444,1,1,4
1445,1,1,5
1446,1,1,6
1447,1,1,2
1448,1,1,8
1449,1,1,63
1450,1,1,290
1451,1,1,2
1452,1,1,12
1453,1,1,2
1454,1,1,2
1455,1,1,30
1456,1,1,364
1457,1,1,31
1458,1,1,2
1459,1,1,2
1460,1,1,160
1461,1,1,3
1462,1,1,258
1463,2,1,7
1464,1,1,732
1465,1,1,5
1466,1,1,2
1467,1,1,9
1468,1,1,4
1469,1,1,13
1470,2,1,10
1471,1,1,2
1472,1,1,23
1473,1,1,3
1474,2,1,2
1475,1,1,25
1476,1,1,738
1477,1,1,7
1478,1,1,2
1479,2,1,3
1480,1,1,200
1481,1,1,2
1482,1,1,741
1483,1,1,2
1484,1,1,392
1485,2,1,5
1486,1,1,2
1487,1,1,2
1488,2,1,3
1489,1,1,2
1490,1,1,80
1491,1,1,735
1492,1,1,4
1493,1,1,2
1494,2,1,2
1495,1,1,65
1496,2,1,8
1497,1,1,3
1498,1,1,392
1499,1,1,2
1500,1,1,12
1501,1,1,19
1502,1,1,2
1503,1,1,9
1504,1,1,32
1505,2,1,5
1506,2,1,2
1507,1,1,11
1508,1,1,260
1509,1,1,3
1510,1,1,130
1511,1,1,2
1512,1,1,392
1513,1,1,17
1514,1,1,2
1515,2,1,3
1516,1,1,4
1517,1,1,37
1518,2,1,6
1519,1,1,31
1520,1,1,760
1521,1,1,9
1522,1,1,2
1523,1,1,2
1524,1,1,36
1525,1,1,25
1526,1,1,98
1527,1,1,3
1528,1,1,8
1529,1,1,11
1530,2,1,18
1531,1,1,2
1532,1,1,4
1533,1,1,63
1534,1,1,118
1535,1,1,5
1536,1,1,3
1537,1,1,29
1538,1,1,2
1539,1,1,19
1540,2,1,154
1541,1,1,23
1542,1,1,514
1543,1,1,2
1544,1,1,8
1545,2,1,3
1546,1,1,2
1547,1,1,357
1548,1,1,516
1549,1,1,2
1550,2,1,2
1551,2,1,3
1552,1,1,16
1553,1,1,2
1554,2,1,84
1555,1,1,5
1556,1,1,4
1557,1,1,9
1558,1,1,779
1559,1,1,2
1560,2,1,520
1561,1,1,7
1562,2,1,2
1563,1,1,3
1564,1,1,391
1565,1,1,5
1566,1,1,522
1567,1,1,2
1568,1,1,32
1569,1,1,3
1570,1,1,785
1571,1,1,2
1572,1,3,786
1573,1,1,13
1574,1,1,2
1575,2,1,7
1576,1,1,8
1577,1,1,19
1578,2,1,2
1579,1,1,2
1580,2,1,4
1581,1,1,93
1582,1,1,14
1583,1,1,2
1584,2,1,9
1585,1,1,5
1586,1,1,546
1587,1,1,3
1588,1,1,4
1589,1,1,7
1590,2,1,6
1591,1,1,37
1592,1,1,8
1593,1,1,27
1594,1,1,2
1595,1,1,145
1596,2,1,28
1597,1,1,2
1598,1,1,34
1599,1,1,533
1600,1,1,25
1601,1,1,2
1602,2,1,2
1603,1,1,7
1604,1,1,4
1605,1,1,30
1606,2,1,2
1607,1,1,2
1608,2,1,3
1609,1,1,2
1610,2,1,10
1611,1,1,9
1612,1,1,403
1613,1,1,2
1614,1,1,12
1615,1,1,85
1616,1,1,16
1617,1,1,33
1618,1,1,2
1619,1,1,2
1620,1,1,20
1621,1,1,2
1622,1,1,2
1623,1,1,3
1624,1,1,203
1625,1,1,13
1626,1,1,813
1627,1,1,2
1628,2,1,4
1629,1,1,9
1630,2,1,2
1631,1,1,7
1632,2,1,3
1633,1,1,23
1634,1,1,817
1635,2,1,3
1636,1,1,4
1637,1,1,2
1638,1,1,546
1639,1,1,11
1640,2,1,5
1641,1,1,3
1642,1,1,2
1643,1,1,31
1644,1,1,12
1645,2,1,5
1646,1,1,2
1647,1,1,27
1648,1,1,16
1649,1,1,17
1650,2,1,66
1651,1,1,13
1652,1,1,84
1653,1,1,87
1654,1,1,2
1655,1,1,5
1656,1,1,552
1657,1,1,2
1658,1,1,2
1659,1,1,84
1660,2,1,4
1661,1,1,11
1662,1,1,6
1663,1,1,2
1664,1,1,13
1665,1,1,765
1666,2,1,2
1667,1,1,2
1668,2,1,3
1669,1,1,2
1670,1,1,130
1671,1,1,3
1672,1,1,209
1673,1,1,7
1674,2,1,2
1675,1,1,25
1676,1,1,4
1677,1,1,559
1678,1,1,2
1679,1,1,23
1680,2,1,30
1681,1,1,2
1682,1,1,2
1683,1,1,187
1684,1,1,4
1685,1,1,5
1686,1,1,144
1687,1,1,7
1688,1,1,8
1689,1,1,3
1690,1,1,10
1691,1,1,19
1692,1,1,144
1693,1,1,2
1694,1,1,14
1695,1,1,30
1696,1,1,32
1697,1,1,2
1698,1,1,162
1699,1,1,2
1700,1,1,425
1701,1,1,7
1702,1,1,644
1703,1,1,13
1704,2,1,3
1705,1,1,155
1706,1,1,2
1707,1,1,3
1708,1,1,140
1709,1,1,2
1710,2,1,10
1711,1,1,29
1712,1,1,16
1713,1,1,3
1714,1,1,2
1715,1,1,5
1716,2,1,132
1717,1,1,17
1718,1,1,2
1719,1,1,9
1720,1,1,40
1721,1,1,2
1722,2,1,18
1723,1,1,2
1724,1,1,4
1725,1,1,750
1726,1,1,2
1727,1,1,11
1728,1,1,27
1729,2,1,7
1730,1,1,130
1731,1,1,3
1732,1,1,4
1733,1,1,2
1734,1,1,6
1735,1,1,5
1736,2,1,7
1737,1,1,9
1738,2,1,2
1739,1,1,37
1740,2,1,12
1741,1,1,2
1742,1,1,134
1743,1,1,249
1744,1,1,16
1745,1,1,5
1746,1,1,18
1747,1,1,2
1748,1,1,532
1749,1,1,264
1750,2,1,2
1751,1,1,17
1752,1,1,24
1753,1,1,2
1754,1,1,2
1755,2,1,5
1756,1,1,4
1757,1,1,7
1758,1,1,30
1759,1,1,2
1760,1,1,385
1761,1,1,3
1762,1,1,2
1763,1,1,41
1764,1,1,36
1765,1,1,5
1766,1,1,2
1767,1,1,57
1768,1,1,520
1769,1,1,29
1770,2,1,10
1771,2,1,7
1772,1,1,4
1773,1,1,9
1774,1,1,2
1775,1,1,25
1776,1,1,48
1777,1,1,2
1778,2,1,2
1779,1,1,3
1780,2,1,4
1781,1,1,13
1782,1,1,22
1783,1,1,2
1784,1,1,8
1785,3,1,3
1786,1,1,114
1787,1,1,2
1788,1,1,84
1789,1,1,2
1790,1,1,10
1791,1,1,9
1792,1,1,7
1793,1,1,11
1794,2,1,598
1795,1,1,5
1796,1,1,4
1797,1,1,3
1798,2,1,2
1799,1,1,7
1800,2,1,8
1801,1,1,2
1802,1,1,901
1803,1,1,3
1804,1,1,264
1805,1,1,5
1806,1,1,258
1807,1,1,13
1808,1,1,16
1809,1,1,27
1810,1,1,530
1811,1,1,2
1812,1,3,906
1813,1,1,37
1814,1,1,2
1815,1,1,30
1816,1,1,8
1817,1,1,23
1818,2,1,2
1819,1,1,17
1820,1,1,260
1821,1,1,3
1822,1,1,2
1823,1,1,2
1824,1,1,741
1825,1,1,25
1826,2,1,2
1827,2,1,7
1828,1,1,4
1829,1,1,31
1830,2,1,30
1831,1,1,2
1832,1,1,8
1833,1,1,39
1834,2,1,2
1835,1,1,5
1836,2,1,4
1837,1,1,11
1838,1,1,2
1839,1,1,3
1840,1,1,560
1841,1,1,7
1842,1,1,786
1843,1,1,19
1844,1,1,4
1845,1,1,90
1846,1,1,52
1847,1,1,2
1848,2,1,56
1849,1,1,2
1850,1,1,50
1851,1,1,3
1852,1,1,4
1853,1,1,17
1854,1,1,18
1855,1,1,105
1856,1,1,29
1857,1,1,3
1858,1,1,2
1859,1,1,11
1860,2,1,30
1861,1,1,2
1862,2,1,2
1863,1,1,23
1864,1,1,8
1865,1,1,5
1866,2,1,2
1867,1,1,2
1868,1,1,4
1869,1,1,735
1870,2,1,10
1871,1,1,2
1872,2,1,9
1873,1,1,2
1874,1,1,2
1875,1,1,3
1876,1,1,784
1877,1,1,2
1878,1,1,6
1879,1,1,2
1880,2,1,5
1881,1,1,418
1882,1,1,2
1883,1,1,7
1884,1,1,12
1885,2,1,5
1886,1,1,82
1887,1,1,102
1888,1,1,32
1889,1,1,2
1890,2,1,98
1891,1,1,31
1892,2,1,4
1893,1,1,3
1894,1,1,2
1895,1,1,5
1896,1,1,840
1897,1,1,7
1898,1,1,520
1899,1,1,9
1900,1,1,76
1901,1,1,2
1902,1,1,12
1903,1,1,11
1904,1,1,112
1905,1,1,30
1906,1,1,2
1907,1,1,2
1908,1,1,36
1909,1,1,23
1910,1,1,630
1911,1,1,39
1912,1,1,8
1913,1,1,2
1914,1,1,264
1915,1,1,5
1916,1,1,4
1917,1,1,27
1918,1,1,56
1919,1,1,19
1920,1,1,30
1921,1,1,17
1922,1,1,2
1923,1,1,3
1924,2,1,4
1925,1,1,154
1926,1,1,642
1927,1,1,41
1928,1,1,8
1929,1,1,3
1930,1,1,386
1931,1,1,2
1932,2,1,12
1933,1,1,2
1934,1,1,2
1935,2,1,5
1936,1,1,16
1937,1,1,13
1938,2,1,18
1939,1,1,7
1940,1,1,388
1941,1,1,3
1942,1,1,2
1943,1,1,29
1944,1,1,8
1945,1,1,5
1946,1,1,154
1947,2,1,3
1948,1,1,4
1949,1,1,2
1950,2,1,6
1951,1,1,2
1952,1,1,32
1953,2,1,7
1954,1,1,2
1955,1,1,680
1956,1,1,489
1957,1,1,19
1958,1,1,132
1959,1,1,3
1960,1,1,392
1961,1,1,37
1962,1,1,981
1963,1,1,13
1964,1,1,4
1965,1,1,655
1966,1,1,2
1967,1,1,7
1968,1,1,246
1969,1,1,11
1970,1,1,50
1971,1,1,27
1972,1,1,816
1973,1,1,2
1974,2,1,406
1975,1,1,25
1976,1,1,152
1977,1,1,3
1978,1,1,138
1979,1,1,2
1980,2,1,36
1981,1,1,7
1982,1,1,2
1983,1,1,3
1984,1,1,31
1985,1,1,5
1986,1,1,258
1987,1,1,2
1988,1,1,196
1989,1,1,221
1990,1,1,640
1991,1,1,11
1992,1,1,264
1993,1,1,2
1994,1,1,2
1995,1,1,735
1996,1,1,4
1997,1,1,2
1998,1,1,74
1999,1,1,2
2000,1,1,16
2001,1,1,759
2002,2,1,66
2003,1,1,2
2004,1,1,276
2005,1,1,5
2006,1,1,68
2007,1,1,9
2008,1,1,8
2009,1,1,41
2010,2,1,10
2011,1,1,2
2012,1,1,4
2013,1,1,33
2014,1,1,76
2015,1,1,130
2016,1,1,252
2017,1,1,2
2018,1,1,2
2019,1,1,3
2020,1,1,640
2021,1,1,43
2022,1,1,6
2023,1,1,7
2024,1,1,253
2025,1,1,25
2026,1,1,2
2027,1,1,2
2028,1,1,324
2029,1,1,2
2030,2,1,14
2031,1,1,3
2032,1,1,16
2033,1,1,19
2034,1,1,226
2035,1,1,407
2036,1,1,4
2037,1,1,252
2038,1,1,2
2039,1,1,2
2040,2,1,15
2041,1,1,13
2042,1,1,2
2043,1,1,9
2044,1,1,28
2045,1,1,5
2046,1,1,264
2047,1,1,23
2048,1,1,2
2049,1,1,3
2050,2,1,2
2051,1,1,7
2052,1,1,513
2053,1,1,2
2054,1,1,1027
2055,1,1,30
2056,1,1,8
2057,1,1,17
2058,2,1,2
2059,1,1,29
2060,2,1,4
2061,1,1,9
2062,1,1,2
2063,1,1,2
2064,2,1,3
2065,2,1,5
2066,1,1,2
2067,1,1,39
2068,2,1,4
2069,1,1,2
2070,2,1,18
2071,1,1,19
2072,2,1,7
2073,1,1,3
2074,2,1,2
2075,1,1,25
2076,1,1,12
2077,1,1,31
2078,1,1,2
2079,2,1,7
2080,2,1,5
2081,1,1,2
2082,2,1,2
2083,1,1,2
2084,1,1,4
2085,1,1,30
2086,1,1,1043
2087,1,1,2
2088,2,1,8
2089,1,1,2
2090,2,1,10
2091,1,1,246
2092,1,1,4
2093,1,1,364
2094,1,1,6
2095,1,1,5
2096,1,1,16
2097,1,1,9
2098,1,1,2
2099,1,1,2
2100,2,1,21
2101,1,1,11
2102,1,1,2
2103,1,1,3
2104,1,1,8
2105,1,1,5
2106,1,1,26
2107,1,1,43
2108,2,1,4
2109,1,1,570
2110,1,1,10
2111,1,1,2
2112,1,1,165
2113,1,1,2
2114,2,1,2
2115,1,1,90
2116,1,1,4
2117,1,1,29
2118,2,1,2
2119,1,1,13
2120,1,1,795
2121,1,1,735
2122,1,1,2
2123,1,1,11
2124,1,1,1062
2125,1,1,17
2126,1,1,2
2127,1,1,3
2128,1,1,399
2129,1,1,2
2130,2,1,18
2131,1,1,2
2132,2,1,4
2133,1,1,27
2134,1,1,22
2135,2,1,5
2136,2,1,3
2137,1,1,2
2138,1,1,2
2139,2,1,3
2140,2,1,4
2141,1,1,2
2142,2,1,14
2143,1,1,2
2144,1,1,32
2145,2,1,39
2146,2,1,2
2147,1,1,19
2148,1,1,36
2149,1,1,7
2150,2,1,2
2151,1,1,9
2152,1,1,8
2153,1,1,2
2154,1,3,1077
2155,1,1,5
2156,1,1,44
2157,1,1,3
2158,1,1,78
2159,1,1,17
2160,1,1,135
2161,1,1,2
2162,1,1,1081
2163,1,1,1029
2164,1,1,4
2165,1,1,5
2166,1,1,6
2167,1,1,11
2168,1,1,8
2169,1,1,9
2170,2,1,10
2171,1,1,13
2172,1,1,12
2173,1,1,41
2174,1,1,2
2175,1,1,87
2176,1,1,17
2177,1,1,7
2178,2,1,2
2179,1,1,2
2180,2,1,4
2181,1,1,3
2182,1,1,2
2183,1,1,37
2184,1,1,1092
2185,2,1,5
2186,1,1,2
2187,1,1,2
2188,1,1,4
2189,1,1,11
2190,2,1,10
2191,1,1,7
2192,1,1,16
2193,2,1,3
2194,1,1,2
2195,1,1,5
2196,2,1,4
2197,1,1,2
2198,1,1,1099
2199,1,1,3
2200,2,1,8
2201,1,1,31
2202,2,1,2
2203,1,1,2
2204,1,1,1102
2205,2,1,5
2206,1,1,2
2207,1,1,2
2208,1,3,1104
2209,1,1,2
2210,2,1,34
2211,1,1,737
2212,2,1,4
2213,1,1,2
2214,1,1,164
2215,1,1,5
2216,1,1,8
2217,1,1,3
2218,1,1,2
2219,1,1,7
2220,2,1,30
2221,1,1,2
2222,1,1,44
2223,2,1,9
2224,1,1,16
2225,1,1,25
2226,2,1,742
2227,1,1,17
2228,1,1,4
2229,1,1,3
2230,1,1,50
2231,1,1,23
2232,2,1,8
2233,1,1,154
2234,1,1,2
2235,1,1,30
2236,1,1,172
2237,1,1,2
2238,1,1,6
2239,1,1,2
2240,1,1,35
2241,1,1,27
2242,1,1,1121
2243,1,1,2
2244,2,1,68
2245,1,1,5
2246,1,1,2
2247,1,1,749
2248,1,1,8
2249,1,1,13
2250,2,1,2
2251,1,1,2
2252,1,1,4
2253,1,1,3
2254,1,1,138
2255,1,1,880
2256,2,1,3
2257,1,1,37
2258,1,1,2
2259,1,1,9
2260,2,1,4
2261,1,1,399
2262,2,1,18
2263,1,1,31
2264,1,1,8
2265,1,1,15
2266,1,1,66
2267,1,1,2
2268,1,1,196
2269,1,1,2
2270,1,1,10
2271,1,1,3
2272,1,1,32
2273,1,1,2
2274,1,3,1137
2275,2,1,7
2276,1,1,4
2277,2,1,9
2278,1,1,34
2279,1,1,43
2280,2,1,380
2281,1,1,2
2282,1,1,98
2283,1,1,3
2284,1,1,4
2285,1,1,5
2286,2,1,2
2287,1,1,2
2288,1,1,176
2289,1,1,21
2290,1,1,130
2291,1,1,29
2292,1,1,84
2293,1,1,2
2294,1,1,148
2295,1,1,170
2296,1,1,56
2297,1,1,2
2298,2,1,2
2299,1,1,19
2300,1,1,92
2301,2,1,3
2302,1,1,2
2303,1,1,47
2304,1,1,9
2305,1,1,5
2306,1,1,2
2307,1,1,3
2308,1,1,4
2309,1,1,2
2310,3,1,6
2311,1,1,2
2312,1,1,8
2313,1,1,9
2314,2,1,2
2315,1,1,5
2316,1,1,12
2317,1,1,7
2318,1,1,1159
2319,1,1,3
2320,1,1,145
2321,1,1,11
2322,1,1,258
2323,1,1,23
2324,2,1,4
2325,2,1,3
2326,1,1,2
2327,1,1,13
2328,2,1,3
2329,1,1,17
2330,1,1,280
2331,1,1,63
2332,1,1,264
2333,1,1,2
2334,1,1,12
2335,1,1,5
2336,1,1,32
2337,1,1,57
2338,2,1,2
2339,1,1,2
2340,2,1,36
2341,1,1,2
2342,1,1,2
2343,2,1,3
2344,1,1,8
2345,1,1,35
2346,2,1,34
2347,1,1,2
2348,1,1,4
2349,1,1,29
2350,1,1,300
2351,1,1,2
2352,2,1,3
2353,1,1,13
2354,2,1,2
2355,2,1,3
2356,1,1,1178
2357,1,1,2
2358,1,1,262
2359,1,1,7
2360,1,1,280
2361,1,1,3
2362,1,1,2
2363,1,1,17
2364,1,1,12
2365,1,1,55
2366,1,1,14
2367,1,1,9
2368,1,1,37
2369,1,1,23
2370,2,1,90
2371,1,1,2
2372,1,1,4
2373,1,1,21
2374,1,1,2
2375,1,1,19
2376,1,1,264
2377,1,1,2
2378,1,1,328
2379,2,1,3
2380,2,1,68
2381,1,1,2
2382,1,1,6
2383,1,1,2
2384,1,1,16
2385,2,1,5
2386,1,1,2
2387,1,1,77
2388,1,1,84
2389,1,1,2
2390,1,1,260
2391,1,1,3
2392,2,1,8
2393,1,1,2
2394,2,1,18
2395,1,1,5
2396,1,1,4
2397,2,1,3
2398,1,1,22
2399,1,1,2
2400,1,1,96
2401,1,1,2
2402,1,1,2
2403,1,1,27
2404,1,1,4
2405,2,1,5
2406,2,1,2
2407,1,1,29
2408,2,1,7
2409,1,1,33
2410,1,1,10
2411,1,1,2
2412,1,1,36
2413,1,1,19
2414,1,1,34
2415,2,1,30
2416,1,1,16
2417,1,1,2
2418,2,1,39
2419,1,1,41
2420,1,1,20
2421,1,1,9
2422,2,1,2
2423,1,1,2
2424,1,1,48
2425,1,1,25
2426,1,1,2
2427,1,1,3
2428,1,1,4
2429,1,1,7
2430,1,1,30
2431,1,1,374
2432,1,1,19
2433,1,1,3
2434,1,1,2
2435,1,1,5
2436,3,1,3
2437,1,1,2
2438,1,1,1219
2439,1,1,9
2440,1,1,305
2441,1,1,2
2442,2,1,264
2443,1,1,7
2444,2,1,4
2445,1,1,15
2446,1,1,2
2447,1,1,2
2448,2,1,9
2449,1,1,31
2450,1,1,400
2451,2,1,3
2452,1,1,4
2453,1,1,11
2454,1,1,6
2455,1,1,5
2456,1,1,8
2457,2,1,7
2458,1,1,2
2459,1,1,2
2460,2,1,30
2461,1,1,23
2462,1,1,2
2463,1,1,3
2464,2,1,7
2465,1,1,85
2466,2,1,2
2467,1,1,2
2468,1,1,4
2469,1,1,3
2470,1,1,260
2471,1,1,7
2472,2,1,3
2473,1,1,2
2474,1,1,2
2475,1,1,275
2476,1,1,4
2477,1,1,2
2478,2,1,12
2479,1,1,37
2480,1,1,155
2481,1,1,3
2482,1,1,34
2483,1,1,13
2484,1,1,276
2485,1,1,35
2486,1,1,22
2487,1,1,3
2488,1,1,8
2489,1,1,19
2490,2,1,10
2491,1,1,47
2492,1,1,28
2493,1,1,9
2494,1,1,58
2495,1,1,5
2496,1,1,39
2497,1,1,11
2498,1,1,2
2499,1,1,306
2500,1,1,4
2501,1,1,41
2502,2,1,2
2503,1,1,2
2504,1,1,8
2505,2,1,3
2506,2,1,2
2507,1,1,23
2508,1,1,264
2509,1,1,13
2510,1,1,10
2511,1,1,31
2512,1,1,16
2513,1,1,7
2514,2,1,2
2515,1,1,5
2516,1,1,68
2517,1,1,3
2518,1,1,2
2519,1,1,11
2520,3,1,5
2521,1,1,2
2522,1,1,26
2523,1,1,3
2524,1,1,4
2525,1,1,25
2526,1,1,6
2527,1,1,7
2528,1,1,32
2529,1,1,9
2530,2,1,66
2531,1,1,2
2532,1,1,324
2533,1,1,17
2534,1,1,70
2535,2,1,3
2536,1,1,8
2537,1,1,43
2538,2,1,2
2539,1,1,2
2540,1,1,40
2541,1,1,84
2542,1,1,164
2543,1,1,2
2544,2,1,3
2545,1,1,5
2546,1,1,402
2547,1,1,9
2548,2,1,4
2549,1,1,2
2550,2,1,34
2551,1,1,2
2552,2,1,8
2553,1,1,111
2554,1,1,2
2555,2,1,5
2556,1,1,36
2557,1,1,2
2558,1,1,2
2559,1,1,3
2560,1,1,5
2561,1,1,13
2562,2,1,105
2563,1,1,11
2564,1,1,4
2565,2,1,5
2566,1,1,2
2567,1,1,17
2568,2,1,3
2569,1,1,7
2570,1,1,10
2571,1,1,3
2572,1,1,4
2573,1,1,31
2574,2,1,351
2575,1,1,25
2576,1,1,161
2577,1,1,3
2578,1,1,2
2579,1,1,2
2580,2,1,30
2581,1,1,29
2582,1,1,2
2583,1,1,63
2584,2,1,8
2585,2,1,5
2586,1,1,18
2587,1,1,13
2588,1,1,4
2589,1,1,3
2590,2,1,10
2591,1,1,2
2592,1,1,32
2593,1,1,2
2594,1,1,2
2595,2,1,3
2596,1,1,649
2597,1,1,49
2598,1,1,6
2599,1,1,23
2600,2,1,8
2601,1,1,9
2602,1,1,2
2603,1,1,19
2604,2,1,12
2605,1,1,5
2606,1,1,2
2607,1,1,165
2608,1,1,16
2609,1,1,2
2610,2,1,18
2611,1,1,7
2612,1,1,4
2613,2,1,3
2614,1,1,2
2615,1,1,5
2616,1,1,24
2617,1,1,2
2618,2,1,56
2619,1,1,27
2620,1,1,20
2621,1,1,2
2622,2,1,30
2623,1,1,43
2624,1,1,41
2625,1,1,168
2626,2,1,2
2627,1,1,37
2628,2,1,4
2629,1,1,11
2630,2,1,2
2631,1,1,3
2632,2,1,7
2633,1,1,2
2634,2,1,2
2635,2,1,5
2636,1,1,4
2637,1,1,9
2638,1,1,2
2639,1,1,91
2640,2,1,99
2641,1,1,19
2642,1,1,2
2643,1,1,3
2644,1,1,4
2645,1,1,5
2646,2,1,2
2647,1,1,2
2648,1,1,8
2649,1,1,3
2650,1,1,530
2651,1,1,11
2652,2,1,84
2653,1,1,7
2654,1,1,2
2655,2,1,5
2656,1,1,32
2657,1,1,2
2658,1,1,66
2659,1,1,2
2660,2,1,760
2661,1,1,3
2662,1,1,2
2663,1,1,2
2664,1,1,72
2665,1,1,130
2666,2,1,2
2667,1,1,21
2668,1,1,552
2669,1,1,17
2670,2,1,6
2671,1,1,2
2672,1,1,16
2673,1,1,11
2674,1,1,98
2675,1,1,25
2676,2,1,3
2677,1,1,2
2678,1,1,52
2679,2,1,3
2680,1,1,536
2681,1,1,7
2682,2,1,2
2683,1,1,2
2684,1,1,1342
2685,2,1,3
2686,1,1,34
2687,1,1,2
2688,1,1,252
2689,1,1,2
2690,1,1,130
2691,2,1,9
2692,1,1,4
2693,1,1,2
2694,1,3,1347
2695,2,1,5
2696,1,1,8
2697,2,1,3
2698,2,1,2
2699,1,1,2
2700,2,1,4
2701,1,1,37
2702,2,1,2
2703,1,1,901
2704,1,1,16
2705,1,1,5
2706,2,1,33
2707,1,1,2
2708,1,1,4
2709,1,1,252
2710,1,1,130
2711,1,1,2
2712,2,1,3
2713,1,1,2
2714,2,1,2
2715,1,1,15
2716,2,1,4
2717,2,1,11
2718,1,1,18
2719,1,1,2
2720,1,1,85
2721,1,1,3
2722,1,1,2
2723,1,1,7
2724,1,1,36
2725,1,1,25
2726,2,1,2
2727,1,1,27
2728,1,1,1364
2729,1,1,2
2730,3,1,30
2731,1,1,2
2732,1,1,4
2733,1,1,3
2734,1,1,2
2735,1,1,5
2736,1,1,513
2737,1,1,119
2738,1,1,2
2739,1,1,66
2740,1,1,160
2741,1,1,2
2742,1,1,6
2743,1,1,13
2744,1,1,8
2745,1,1,45
2746,1,1,2
2747,1,1,41
2748,1,1,12
2749,1,1,2
2750,1,1,22
2751,2,1,3
2752,1,1,43
2753,1,1,2
2754,1,1,578
2755,2,1,5
2756,2,1,4
2757,1,1,3
2758,2,1,2
2759,1,1,31
2760,3,1,3
2761,1,1,11
2762,1,1,2
2763,1,1,9
2764,1,1,4
2765,2,1,5
2766,1,1,12
2767,1,1,2
2768,1,1,16
2769,2,1,3
2770,1,1,130
2771,1,1,17
2772,2,1,99
2773,1,1,47
2774,1,1,146
2775,2,1,3
2776,1,1,8
2777,1,1,2
2778,1,1,18
2779,1,1,7
2780,2,1,4
2781,1,1,27
2782,1,1,26
2783,1,1,23
2784,2,1,3
2785,1,1,5
2786,2,1,2
2787,1,1,3
2788,1,1,68
2789,1,1,2
2790,2,1,36
2791,1,1,2
2792,1,1,8
2793,1,1,513
2794,2,1,2
2795,1,1,260
2796,1,1,12
2797,1,1,2
2798,1,1,2
2799,1,1,9
2800,2,1,7
2801,1,1,2
2802,1,1,18
2803,1,1,2
2804,1,1,4
2805,2,1,30
2806,1,1,244
2807,1,1,7
2808,1,1,104
2809,1,1,2
2810,1,1,10
2811,1,1,3
2812,1,1,76
2813,1,1,29
2814,2,1,6
2815,1,1,5
2816,1,1,11
2817,1,1,9
2818,1,1,2
2819,1,1,2
2820,2,1,30
2821,1,1,364
2822,2,1,2
2823,1,1,3
2824,1,1,8
2825,1,1,25
2826,1,1,522
2827,1,1,11
2828,2,1,4
2829,1,1,138
2830,1,1,780
2831,1,1,19
2832,1,1,354
2833,1,1,2
2834,2,1,2
2835,1,1,35
2836,1,1,4
2837,1,1,2
2838,2,1,22
2839,1,1,17
2840,1,1,280
2841,1,1,3
2842,2,1,2
2843,1,1,2
2844,2,1,4
2845,1,1,5
2846,1,1,2
2847,1,1,657
2848,1,1,32
2849,2,1,7
2850,2,1,171
2851,1,1,2
2852,1,1,713
2853,1,1,9
2854,1,1,2
2855,1,1,5
2856,2,1,102
2857,1,1,2
2858,1,1,2
2859,1,1,3
2860,1,1,260
2861,1,1,2
2862,1,1,270
2863,1,1,7
2864,1,1,16
2865,1,1,30
2866,1,1,2
2867,1,1,47
2868,1,1,276
2869,1,1,19
2870,1,1,820
2871,1,1,198
2872,1,1,8
2873,1,1,17
2874,1,1,282
2875,1,1,23
2876,1,1,4
2877,1,1,84
2878,1,1,2
2879,1,1,2
2880,1,1,576
2881,1,1,43
2882,1,1,66
2883,1,1,3
2884,2,1,4
2885,1,1,5
2886,2,1,6
2887,1,1,2
2888,1,1,8
2889,1,1,27
2890,1,1,10
2891,1,1,49
2892,1,1,324
2893,1,1,11
2894,1,1,2
2895,1,1,135
2896,1,1,16
2897,1,1,2
2898,2,1,441
2899,1,1,13
2900,2,1,4
2901,1,1,3
2902,1,1,2
2903,1,1,2
2904,1,1,336
2905,2,1,5
2906,1,1,2
2907,1,1,306
2908,1,1,4
2909,1,1,2
2910,1,1,30
2911,1,1,41
2912,1,1,364
2913,1,1,3
2914,2,1,2
2915,2,1,5
2916,1,1,4
2917,1,1,2
2918,1,1,2
2919,2,1,3
2920,1,1,40
2921,1,1,23
2922,2,1,2
2923,1,1,37
2924,1,1,516
2925,2,1,9
2926,2,1,14
2927,1,1,2
2928,1,1,732
2929,1,1,29
2930,1,1,50
2931,1,1,3
2932,1,1,4
2933,1,1,7
2934,1,1,18
2935,1,1,5
2936,1,1,8
2937,2,1,3
2938,1,1,26
2939,1,1,2
2940,2,1,12
2941,1,1,17
2942,1,1,2
2943,1,1,27
2944,1,1,23
2945,1,1,380
2946,2,1,2
2947,1,1,7
2948,1,1,132
2949,1,1,3
2950,1,1,900
2951,1,1,13
2952,1,1,738
2953,1,1,2
2954,1,1,392
2955,1,1,30
2956,1,1,4
2957,1,1,2
2958,2,1,6
2959,1,1,11
2960,1,1,185
2961,2,1,7
2962,1,1,2
2963,1,1,2
2964,1,1,741
2965,1,1,5
2966,1,1,2
2967,1,1,759
2968,1,1,392
2969,1,1,2
2970,2,1,10
2971,1,1,2
2972,1,1,4
2973,1,1,3
2974,1,1,2
2975,1,1,175
2976,2,1,3
2977,1,1,13
2978,1,1,2
2979,1,1,9
2980,1,1,800
2981,1,1,11
2982,2,1,36
2983,1,1,19
2984,1,1,8
2985,1,1,30
2986,1,1,2
2987,1,1,29
2988,1,1,36
2989,1,1,49
2990,1,1,260
2991,1,1,3
2992,1,1,176
2993,1,1,41
2994,1,1,18
2995,1,1,5
2996,2,1,4
2997,1,1,37
2998,1,1,2
2999,1,1,2
3000,1,3,1500
