cube,status,seconds,conflicts,proof_sha256,note
37.31.43.-33,INDET,0.38,,,
37.31.43.-33,SPLIT,0.38,,,->16 kids
37.31.43.33,INDET,0.41,,,
37.31.43.33,SPLIT,0.41,,,->16 kids
37.31.-43.33,INDET,0.16,,,
37.31.-43.33,SPLIT,0.16,,,->16 kids
37.-31.43.33,INDET,0.01,,,
37.-31.43.33,SPLIT,0.01,,,->16 kids
37.-31.43.-33,INDET,0.17,,,
37.-31.43.-33,SPLIT,0.17,,,->16 kids
37.31.-43.-33,INDET,0.49,,,
37.31.-43.-33,SPLIT,0.49,,,->16 kids
37.-31.-43.33,INDET,0.18,,,
37.-31.-43.33,SPLIT,0.18,,,->16 kids
-37.31.43.33,INDET,0.05,,,
-37.31.43.33,SPLIT,0.05,,,->16 kids
-37.31.43.-33,INDET,0.05,,,
-37.31.43.-33,SPLIT,0.05,,,->16 kids
-37.31.-43.33,INDET,0.49,,,
-37.31.-43.33,SPLIT,0.49,,,->16 kids
-37.31.-43.-33,INDET,0.10,,,
-37.31.-43.-33,SPLIT,0.10,,,->16 kids
-37.-31.43.33,INDET,0.14,,,
-37.-31.43.33,SPLIT,0.14,,,->16 kids
37.-31.-43.-33,UNSAT,0.41,10872,c2a2c322e7031994a9664ddfd2ce046effe134672a1f0b40e53926695f370d37,740274
-37.-31.-43.33,INDET,0.12,,,
-37.-31.-43.33,SPLIT,0.12,,,->16 kids
-37.-31.-43.-33,INDET,0.04,,,
-37.-31.-43.-33,SPLIT,0.04,,,->16 kids
-37.-31.43.-33,UNSAT,0.23,7482,d23930c03df229a39e4c7fce945d56a99511fe089c17d1cb3c57972cdcfb4af1,468294
37.31.43.-33.41.34.40.-29,UNSAT,0.07,1059,aff2db4e77865eabe49c5b8622de3d077873582ab9f2c9446f3cac1493122d12,48787
37.31.43.-33.41.34.40.29,UNSAT,0.08,1358,8d89aa0b4769355bfe2a7069cf9d02b17a207f5e24317c1f9402bcc789dee8dc,62864
37.31.43.-33.41.34.-40.-29,UNSAT,0.07,2613,07608b0618564b570c89444b5f20594473305984d98625110303f49aff90351a,139323
37.31.43.-33.41.34.-40.29,UNSAT,0.08,3186,61ab6332642438c09ba200b8ccc0f90b79b89944958821ff99f76aa041f697c1,187232
37.31.43.-33.41.-34.40.-29,INDET,0.00,,,
37.31.43.-33.41.-34.40.-29,SPLIT,0.00,,,->16 kids
37.31.43.-33.41.-34.-40.29,UNSAT,0.03,1304,a61ab1bfcd13af54a9db1e647a191fa15cba5c54fab61aff301167e823b2ee53,58810
37.31.43.-33.41.-34.40.29,UNSAT,0.05,1924,87eb8ee872312c3dc32e0c254d140d83dc7412c24fd67b1bf0eb88641785e2e8,86188
37.31.43.-33.41.-34.-40.-29,UNSAT,0.02,957,e1321879d3cc4fe1db8c11f7ed32c577a2323f9655b0ebcfb42bf5e15b863211,45894
37.31.43.-33.-41.34.40.29,UNSAT,0.02,1149,ca7ccfb01854ba4a2ae810c60bf79d93cc835f4b71a71772dd02062c8f24d9ed,54119
37.31.43.-33.-41.34.40.-29,UNSAT,0.01,778,96ffd8f1a83aaca694c2dca114f599aa15daa6063ecbc8a5f2fbc00856dfe717,37774
37.31.43.-33.-41.34.-40.-29,UNSAT,0.02,1097,94cdebfc992c0903052292e6a4eb75f49cb70ea7ed11857cbf49ea5deb542441,51745
37.31.43.-33.-41.-34.40.29,INDET,0.02,,,
37.31.43.-33.-41.-34.40.29,SPLIT,0.02,,,->16 kids
37.31.43.-33.-41.34.-40.29,UNSAT,0.05,1771,36a8e5bd91b7964bae5fe5307ed4118c927f17455bf83c0a2efeda8405c43c31,78969
37.31.43.-33.-41.-34.40.-29,UNSAT,0.03,1077,ff3d00ea81f181d39f17dd4059e9de59067c8fa1dff60c18d9f47b871933f46a,50507
37.31.43.-33.-41.-34.-40.29,UNSAT,0.02,1278,ac1e2c535e68680582c864b5a4acdbfaed0cc690aedfef9cbfccba4ebd39b6bd,55859
37.31.43.33.41.34.40.29,UNSAT,0.01,617,b8c15ac206e88699b69d0d4c7ec9ffb2b0b1967df0aaddf7df7c340a7dcf7dbb,30701
37.31.43.-33.-41.-34.-40.-29,UNSAT,0.02,785,2952464c0da4d462f5fdedecaa9bf246e9a8bdb32e6a215c6dbe983f96acc3e8,36834
37.31.43.33.41.34.40.-29,UNSAT,0.02,1003,47b0b1d5feee4bc0d21d5382b23b83e6ca21c839b0e2a22ab3e5725d7dec1a3a,49973
37.31.43.33.41.34.-40.29,UNSAT,0.02,1253,0866aecb243c3eb0a9812adbd1e7df48dd8ea218d87c0f968f5ade8cd94046a5,60391
37.31.43.33.41.-34.40.29,UNSAT,0.06,2520,d052c18fffb85fe40efa80e74551a5b1930d146b5af2fb6beeb6c458c6dd5ab6,140169
37.31.43.33.41.34.-40.-29,UNSAT,0.12,3736,529d66671182307db9a99728466c448e1a8dd9baf362a7b1e8564c3267aea359,193866
37.31.43.33.41.-34.40.-29,UNSAT,0.07,2251,1794487f99a3e475829d2be13feb0fd096f71976dc34d13ac8f8e5c787cbcd2c,123494
37.31.43.33.41.-34.-40.29,UNSAT,0.03,1022,0f676093b10ad72285a3099b809bb5e78bd9648809c871db3a89e1ae5fdb74d3,51152
37.31.43.33.-41.34.40.29,UNSAT,0.02,1275,346506e6ee5382bbb567a0055d031072f4cb689e3cc97a893d9767aa813c16e7,60665
37.31.43.33.41.-34.-40.-29,UNSAT,0.05,1782,cbcbd3c9acb92970e7cf267a60f00ee72bd0ba6f195e7d81ae9b6040e8010854,83242
37.31.43.33.-41.34.40.-29,UNSAT,0.02,1145,bb4235925b7e2cd9d414243e0f8e02200ade3548f8a4fe3813a01f530bd90c68,55504
37.31.43.33.-41.34.-40.29,UNSAT,0.04,1431,0ca9b55dfa2cce838c06683a6986602d8fa98a21b621ecda4da0c43538eed735,67762
37.31.43.33.-41.34.-40.-29,UNSAT,0.03,1965,55d1efb4a39d19ae081c526e6565df0ef35aa506e29e07707699c68bb7ab916c,89831
37.31.43.33.-41.-34.40.-29,UNSAT,0.09,2268,4fc397a8ec6778a4457b0bfe1ba99373f3f1f891978e69e8859c7b1c43d39f96,122343
37.31.43.33.-41.-34.40.29,UNSAT,0.11,3222,72555ce11bb984ffff37cbab39d57153ec8b0f0997140801fde50f4f971598a3,196697
37.31.43.33.-41.-34.-40.29,UNSAT,0.02,902,2366875fcfa6355ce91735cbc5ee253cf0a556776161bc241470e2c6628101e8,45071
37.31.43.33.-41.-34.-40.-29,UNSAT,0.03,1221,88959897d10eb66a6528d2507c0dacc1463f30ff39e62b67857b4968c6dd562c,55756
37.31.-43.33.41.34.40.29,UNSAT,0.07,2182,ad322e0c87705e15de86a7928f043880686a484b75d3309c9750c122ec228311,122146
37.31.-43.33.41.34.40.-29,UNSAT,0.07,2048,0dee14ca756c73f0fd5db689869b3ff687e35ed8948a5d58fadb2859543c5975,116369
37.31.-43.33.41.34.-40.29,UNSAT,0.02,891,944b22298e26f2de41c7bca3ddce06e91abce9b1d1b345ecea89f1fbd9bb4834,43317
37.31.-43.33.41.34.-40.-29,UNSAT,0.04,1418,5fd0aeca7a82c2c3a6c5cb3726e68ee60c83af270bbe49937c999281b7ced4ac,66390
37.31.-43.33.41.-34.40.29,UNSAT,0.04,1784,c7fcc15a69a02ebcd795af28c1baa22a0ffbc68971f71866bd393f37a24421a8,86415
37.31.-43.33.41.-34.-40.29,UNSAT,0.01,769,2f0eb7b2fd95204ee8995856b283a3085d7a22baf2220cc8c3f225ea8a65531c,39888
37.31.-43.33.41.-34.40.-29,UNSAT,0.04,1277,7726fe694d260720e9f12997174e9d24ab7b4015fcfbcce1b6bad5887e5d67e6,57582
37.31.-43.33.41.-34.-40.-29,UNSAT,0.03,1279,fa3a7a82e8ebb21a76745fdc62022f6cf3d03da25c67d7b15747c1c894ddacbe,57448
37.31.-43.33.-41.34.40.-29,INDET,0.05,,,
37.31.-43.33.-41.34.40.-29,SPLIT,0.05,,,->16 kids
37.31.-43.33.-41.34.40.29,UNSAT,0.05,2288,6c6813b14e5e6f9da9e8930e0dae80f831d7db45f93b0abac0095447be26151d,130515
37.31.-43.33.-41.34.-40.29,UNSAT,0.01,564,dc216ca1c9903fd3aff8895231884778f2a51ed664c3e53f3a073aef9c6bcdc6,26014
37.31.-43.33.-41.-34.40.29,INDET,0.02,,,
37.31.-43.33.-41.-34.40.29,SPLIT,0.02,,,->16 kids
37.31.-43.33.-41.34.-40.-29,UNSAT,0.03,968,9ac2fb2d0f69dd480f845355f55def4d8d7846b0d63c474fb249b0e27877ccfe,49247
37.31.-43.33.-41.-34.-40.29,UNSAT,0.01,580,8a7b30daae1bcc6677ddc27aad1826cfebb43da1322187ca36fe5c399eec5103,33126
37.31.-43.33.-41.-34.40.-29,UNSAT,0.05,1475,721bcc88922a703f0486c6e137825bf0614212e6b62e805b505d9617b213e872,69486
37.31.-43.33.-41.-34.-40.-29,UNSAT,0.03,754,dc1d34c6786758aebf5c9001322ce7cb1829053c93ac9b005f60fbf046fffe3c,37378
37.-31.43.33.41.34.40.-29,INDET,0.03,,,
37.-31.43.33.41.34.40.-29,SPLIT,0.03,,,->16 kids
37.-31.43.33.41.34.-40.29,UNSAT,0.04,1183,a76b9b13f993a3cbd611b7b4d0255d15ddd8568a222ef95b0db86143b9d77e97,54425
37.-31.43.33.41.34.40.29,UNSAT,0.09,2078,917c5790e4574db72ecf47587e2efdc3da331201a0dbc02c43cc828d64f861cc,113215
37.-31.43.33.41.-34.40.29,UNSAT,0.03,1218,5f3e6af1467985351c7693e89548bb714d8a2f6fbaef034d44df9708af72b4d4,55849
37.-31.43.33.41.34.-40.-29,UNSAT,0.04,2218,651b3c74dc17530e2564c791bc76a063474ee7d94817cd41d69bc768f37256a6,126206
37.-31.43.33.41.-34.40.-29,UNSAT,0.02,1006,f9136f72c2838d1289a7405223babca389a1fa22d347347a5665a2b069add825,46751
37.-31.43.33.41.-34.-40.29,UNSAT,0.03,1005,453a1f21f9cd4c9b62cf404553f4febd61125f23daf97164d32328b4dd6c2f63,50137
37.-31.43.33.41.-34.-40.-29,UNSAT,0.04,1284,20f89c5c3c78335b1b02bd3e91718a47554ffe2be6070380fd58ca6018614b40,62703
37.-31.43.33.-41.34.40.-29,UNSAT,0.03,1057,e62df7a5c6e0c33db5dc3b5e5b03fdf42078c865ac3460012e8ebf6f0dbb1019,51002
37.-31.43.33.-41.34.40.29,UNSAT,0.08,2710,f73521d40f33f0e3eae8b98f2fa36878ae521cf8a627fba08bf91fdbc5699463,146110
37.-31.43.33.-41.34.-40.29,UNSAT,0.05,1579,b397b4c58660249d5384800e7f8e300089c2f1cab025d190b8ce7bba4285e5d3,76845
37.-31.43.33.-41.34.-40.-29,UNSAT,0.03,1051,ba244a112a43a2c2e4cdddd0cd0fae7eceba8488164dac18cf617b35763f2d50,53358
37.-31.43.33.-41.-34.40.-29,UNSAT,0.02,948,0329f66cf15616111571e53fb27792cdd357d8847475122621684d9eda1c7808,47538
37.-31.43.33.-41.-34.40.29,UNSAT,0.09,2706,083bc74346f995f2b389f83de0ebbbb3111528c2d70ca5265f6082f0e6d5ec8a,163348
37.-31.43.33.-41.-34.-40.29,UNSAT,0.04,1395,5cebe936854a02a6da3d5322c2b91ef0d92ae156162f1f2cf6402e0e92f0ca1f,66814
37.-31.43.33.-41.-34.-40.-29,UNSAT,0.03,801,341b1f838ed6b9fc591a64323a4a1fced34d2ee6e6418cf94389da3c46bdf087,40020
37.-31.43.-33.41.34.40.-29,UNSAT,0.01,621,d97a7fb18314efaaf0d88e0070e69cda40e77e8ff24736b850a2d2a5b6fcd386,29625
37.-31.43.-33.41.34.-40.29,UNSAT,0.08,2272,a9bd4b850889cc660fa96561d01d0000bd66b2203c38c09258a9d6c9c56089f3,127307
37.-31.43.-33.41.34.40.29,UNSAT,0.11,3673,7c40dca462e034c241162066b27d973c0c03182e5dcf69f2e4c3cda1acb0d6f1,215969
37.-31.43.-33.41.-34.40.29,INDET,0.02,,,
37.-31.43.-33.41.-34.40.29,SPLIT,0.02,,,->16 kids
37.-31.43.-33.41.-34.40.-29,UNSAT,0.00,219,bbf8c0e6f96a2b50664413656fc3c5d6f9e9e829f4cb12f689e5a27e838d17c4,15359
37.-31.43.-33.41.34.-40.-29,UNSAT,0.01,698,5fc2ef12208d49ce994e3d747c186157626fefee0ef1cca964cf1808cea7761b,34500
37.-31.43.-33.41.-34.-40.-29,UNSAT,0.02,294,f99072c761638efe742dae1e1508ea201dfb59252d33f05298256f8f6b208840,28127
37.-31.43.-33.41.-34.-40.29,UNSAT,0.04,963,aca0bff245c121e53453aaa3a4cc5c1d9eca1c076562ab1934093e1a997e991d,46084
37.-31.43.-33.-41.34.40.-29,UNSAT,0.02,548,150635d939165295b1b54587e57907b57c36b56587570ba2c96acfd37190cec7,28255
37.-31.43.-33.-41.34.-40.29,UNSAT,0.02,951,19c295dd435de2750103d8cd12bb4fabef369b5d1c24c88c1f0e34eddad74a0a,49539
37.-31.43.-33.-41.34.40.29,UNSAT,0.08,2030,8bea7191c1282445a3c4a02a8f7a4ed43891b6652e5760a765d2183e66a4e160,117109
37.-31.43.-33.-41.34.-40.-29,UNSAT,0.01,627,645cafdd384b686ccc0e2db270917e2a8bb15436147f410a6d74df2b4f97ffca,34957
37.-31.43.-33.-41.-34.40.-29,UNSAT,0.00,395,0d29a1884d5b8d3467765480c89be746382529b3d37482957eebfa342c13230c,25492
37.-31.43.-33.-41.-34.40.29,UNSAT,0.04,1417,20aeb0cb221d39d26b41c6f0e73ffe7792843911339d73b6c92c0ac6b92453ce,86370
37.-31.43.-33.-41.-34.-40.29,UNSAT,0.01,686,a674e8a2519cae11b9c197f151a99ab5d952c523c9db7ab060d2e240cfa87a8a,34701
37.-31.43.-33.-41.-34.-40.-29,UNSAT,0.01,239,ba6354d7150209ee00b868147311c2587dbcc03c9427063268953e0d63434794,16211
37.31.-43.-33.41.34.40.-29,UNSAT,0.05,1563,179a6974638a8499fe61bf60860d61cea8391effff2dfa09c829bb3a2cbbb714,73897
37.31.-43.-33.41.34.40.29,UNSAT,0.07,3037,88a1218b90de71dbbf155c032cb876ff362816dc4023e5d8441b177f4fbd8e2e,191600
37.31.-43.-33.41.34.-40.29,UNSAT,0.07,1928,6cafa3d3d7db020ffbd1943ed713d8b9d00a911a7a5696ecc9e305d3c4662dd8,92962
37.31.-43.-33.41.34.-40.-29,UNSAT,0.03,1756,d7f38197e8c9078e3cdea973646915b7f0a9441ea01a48eadb09087dc78f99f4,79561
37.31.-43.-33.41.-34.40.29,UNSAT,0.02,2070,f2642b752e5323d8f70dc43827989cfaaa1dee6dc7dc496a3ed84f0bd226ce7f,122340
37.31.-43.-33.41.-34.-40.29,UNSAT,0.01,1285,84e3318716047e4d01be34d2090c7b73ad4690060379a5a7ef69aab2071d4296,63000
37.31.-43.-33.41.-34.40.-29,UNSAT,0.03,991,61bd8f689e813093f81063458875d81b9c599957e3205016c8bad0c34e41ce7b,49778
37.31.-43.-33.-41.34.40.29,UNSAT,0.02,1806,4ee413bcf5192282eb315e59c472b2902cab9c95f1b578707ddce090374611f8,85870
37.31.-43.-33.41.-34.-40.-29,UNSAT,0.01,994,bd663d82cc7e8ea2b356a446be54e01dad57c9e25672acfdb491d7def6cb8ebe,46968
37.31.-43.-33.-41.34.40.-29,UNSAT,0.01,1132,8ea8a401f3c311a230b566503b0c5cdba74cae497dff26ef4ab4d17a426b9f1a,54589
37.31.-43.-33.-41.34.-40.29,UNSAT,0.02,1373,3f50b5af5db9a4868cf0c1e2591b6a723052ecd4782dd8f7602a89b78c6c77d8,65467
37.31.-43.-33.-41.34.-40.-29,UNSAT,0.01,1018,33dfd20e2ab549c535262fde58a6eeb6b1f2cd852ac09d4a2fef4fe96c9b5fa0,49801
37.31.-43.-33.-41.-34.40.-29,UNSAT,0.02,917,6b2a7d29a374670aad38d25ecdf3d78d68a8ed50f667f09acd0f3d4b4867f619,46801
37.31.-43.-33.-41.-34.40.29,UNSAT,0.01,1688,db689ce31108ff743b254e7e51464df3bd520c348bfe17ea81745b610a4bcb4c,83538
37.31.-43.-33.-41.-34.-40.-29,UNSAT,0.01,549,88060c6c2465a800f6d2ac98a723bea1e7b179feab7447402f71080a4b50cd30,28775
37.31.-43.-33.-41.-34.-40.29,UNSAT,0.03,783,29144404bb696192e0eb570af96b23acccb50a49acedaa9b3f151c90c6f1ed69,42052
37.-31.-43.33.41.34.40.-29,UNSAT,0.03,1324,4045d937c7d882b421109594620a51ba38513cfebe735f19b37b03e9ed597b66,60789
37.-31.-43.33.41.34.40.29,UNSAT,0.04,2079,29d10f6accca385a2930555bd31d6c7839f31bc7b3347f96599a8d1103432f55,121861
37.-31.-43.33.41.34.-40.29,UNSAT,0.03,964,834daf96034b6a6933813ba5ead29627e98cbc311eee475cf428b6bf097fa924,48073
37.-31.-43.33.41.34.-40.-29,UNSAT,0.01,1337,01c7029eb5a2ff6c4f172edc547829684c21172c38910b45738e29ef1d1f3649,62225
37.-31.-43.33.41.-34.40.-29,UNSAT,0.01,1035,38de99d7912f29e4419cdc744202b7dd5711d5a895884d78e73e463b4933012f,48305
37.-31.-43.33.41.-34.-40.29,UNSAT,0.01,1360,c47d2ccd58a8c6a7181aab4047772dc33276c7fb4bc443726a11720c58a27307,94479
37.-31.-43.33.41.-34.-40.-29,INDET,0.01,,,
37.-31.-43.33.41.-34.-40.-29,SPLIT,0.01,,,->16 kids
37.-31.-43.33.41.-34.40.29,UNSAT,0.05,1497,bc3f9794c7d64b6becb5af3d72b92ff4eec797f971efa2ac3842b65ba01af507,69841
37.-31.-43.33.-41.34.40.-29,UNSAT,0.01,542,0a1962396feee699394f51a3d6af094444c250d2542d3dd4f8ac85dd6bb079e9,29933
37.-31.-43.33.-41.34.40.29,UNSAT,0.02,2224,dd73f5de1fb73ec0d27f9044ec08557a1beec05ae43f2605adf9d2aff6238420,130905
37.-31.-43.33.-41.34.-40.-29,UNSAT,0.00,217,486ddb80376d81637523b6dea83cd7db5aec0707d44222d0d98d351fe8f23ac4,14075
37.-31.-43.33.-41.34.-40.29,UNSAT,0.01,688,5991651d3ea44ac6949ab2f3e82c30de297908f9f854d6793b9cf3eacdea7093,35636
37.-31.-43.33.-41.-34.40.29,UNSAT,0.01,1584,915781becb9a47bcf125be970b3dee34806e4ae771c1f91c0c33f7c1a4a161c7,77107
37.-31.-43.33.-41.-34.40.-29,UNSAT,0.01,514,e244b2711b4c671ced2185044ed47f9c785fb1fcdccce458f31ccd4488cfb4df,29417
37.-31.-43.33.-41.-34.-40.-29,UNSAT,0.00,349,0253cd880ec37a8dbee799978b89346b68a05f151e65581fbe86aefa8fe85ae2,26392
37.-31.-43.33.-41.-34.-40.29,UNSAT,0.01,893,4e969a70d858430ce6351f5b9f673d75dc16d10ceba087f842f30f1bdda25a00,45840
-37.31.43.33.41.34.40.-29,UNSAT,0.04,3412,dd1ccd8d140e478fa31cef05e7ec797cceea692b8563c230b6751daf1c48faf5,177228
-37.31.43.33.41.34.-40.29,UNSAT,0.02,2090,62331bbfd5d788f409e79543d7f42c7367ca8a6c91a734e336e48848a4de8077,119638
-37.31.43.33.41.34.40.29,UNSAT,0.04,2959,575ba7795ae061a51e402c2abb0c3268747ebec00e2a6e26ff1b8cd9483d4038,153508
-37.31.43.33.41.-34.40.29,UNSAT,0.03,2750,842a9da3eab6b713a498d8f2da25f686a0956d4d656a74d04f51f92dcfacc18e,151057
-37.31.43.33.41.-34.40.-29,UNSAT,0.01,1488,013d540a667a02c5a68ebdcb5bbc8bad3261ff41073f2fd1ca255d6131898c46,70651
-37.31.43.33.41.34.-40.-29,UNSAT,0.03,2769,81f61ee4b07adfbe0065a29f6711f3386de7a9de3583a6f36b4ac025d372884e,147360
-37.31.43.33.41.-34.-40.29,UNSAT,0.01,1411,c32088b2acc3f7ab9dbd7886a7a192fae95d75ce2d9b02f0f777ee97992e82ce,71123
-37.31.43.33.41.-34.-40.-29,UNSAT,0.02,1124,62eef318473973edaceb5dd9e96e524ec2326aaecae88a5a37ecd71682051431,54387
-37.31.43.33.-41.34.40.-29,INDET,0.03,,,
-37.31.43.33.-41.34.40.-29,SPLIT,0.03,,,->16 kids
-37.31.43.33.-41.34.40.29,UNSAT,0.07,3274,8c67bb7639708e021195fadd26946b14696e13d67f54ff9310fa51e9cdff5dee,204348
-37.31.43.33.-41.34.-40.-29,UNSAT,0.01,1598,b5818ced53dfbae6b97729ea461f72015acc24f10b762d96be610bd09a6582f6,76454
-37.31.43.33.-41.34.-40.29,UNSAT,0.02,1288,ee01188b902b6b641b5f080b5849c30038b8c184ca4e45e77293e13703ededb1,63707
-37.31.43.33.-41.-34.40.-29,UNSAT,0.02,1222,f45c0dc4d296f2e7e39b50ba0908bf4840f76ac792606d9ff5bc20d87b5955d4,58510
-37.31.43.33.-41.-34.-40.29,UNSAT,0.01,1301,fc709861b4862a051f591385707fd1db3e7b61368f75a435c5ab37606e309417,64621
-37.31.43.33.-41.-34.-40.-29,UNSAT,0.01,657,328917646fb7ad9f7c7036c9f1760a70035a34969e22f5ebebaf0b6d57eca242,37013
-37.31.43.-33.41.34.40.29,UNSAT,0.02,2474,b238fafced09566d9e80134a5431c49a3c307844a9405d97ffcb7e557eddf1f3,135033
-37.31.43.33.-41.-34.40.29,UNSAT,0.05,2508,7031dbd2a474f1fb55378b6df58c13f7d291b54e280d731df2add231328a923e,133676
-37.31.43.-33.41.34.-40.29,UNSAT,0.03,1700,d8b35e6be26e86f270c323a3922222dea533b47c6293de5169f66ff5689fa670,76221
-37.31.43.-33.41.34.-40.-29,UNSAT,0.01,1240,fd86406afbc84900f407d66be6e4e2ee5d91a53144009d64f4d26d9d35a47dbc,55584
-37.31.43.-33.41.34.40.-29,UNSAT,0.03,1358,e7015f8a79a83d1f2d86472ab3c85f616d334e5ab3cfd6368dd9315216a1b41d,59397
-37.31.43.-33.41.-34.40.-29,UNSAT,0.03,703,6ca19e572cc5e4f38d3eceee16be66ecfb4896ce6cdf2d486c08251892f94e10,34959
-37.31.43.-33.41.-34.40.29,UNSAT,0.05,1668,114f3a6f9aa5df53dd53e9ffa7625d06e22bc8cab3e7c3d53eb7d9289b907a19,77195
-37.31.43.-33.41.-34.-40.-29,UNSAT,0.01,676,644884b19a387366128bb488af347b55ea23d0414e8503b9d51dd87df0dd3a5d,33594
-37.31.43.-33.41.-34.-40.29,UNSAT,0.04,1303,ec6f2575396e13aee81eb0bfee10aac73af440ad4e3f89e7ed394364ec26e81c,63067
-37.31.43.-33.-41.34.40.29,INDET,0.03,,,
-37.31.43.-33.-41.34.40.29,SPLIT,0.03,,,->16 kids
-37.31.43.-33.-41.34.40.-29,UNSAT,0.00,0,e3b0c44298fc1c149afbf4c8996fb92427ae41e4649b934ca495991b7852b855,0
-37.31.43.-33.-41.34.-40.-29,UNSAT,0.00,0,e3b0c44298fc1c149afbf4c8996fb92427ae41e4649b934ca495991b7852b855,0
-37.31.43.-33.-41.34.-40.29,UNSAT,0.01,1314,876f867a2a7bfb5acf38cc7d686a8708f395936b1be45021169a429c03bba46c,77521
-37.31.43.-33.-41.-34.40.-29,UNSAT,0.00,0,e3b0c44298fc1c149afbf4c8996fb92427ae41e4649b934ca495991b7852b855,0
-37.31.43.-33.-41.-34.-40.29,UNSAT,0.02,895,9a0c6d622fc3a604a528bddd23083a00aebeba09a7c4568b708c32b1bfac5852,45618
-37.31.43.-33.-41.-34.40.29,UNSAT,0.05,1530,443d07d467fa3c5034f043679d1f0a8b590972b9b5d4692f5ab10aa0e1d4fdb7,82633
-37.31.43.-33.-41.-34.-40.-29,UNSAT,0.00,0,e3b0c44298fc1c149afbf4c8996fb92427ae41e4649b934ca495991b7852b855,0
-37.31.-43.33.41.34.40.-29,INDET,0.05,,,
-37.31.-43.33.41.34.40.-29,SPLIT,0.05,,,->16 kids
-37.31.-43.33.41.34.-40.29,UNSAT,0.03,1195,56a11b50e4f3c7e61472c0889f8ebf1dc7b8b7ae39929c00f6e8861b6ded9385,54575
-37.31.-43.33.41.34.-40.-29,UNSAT,0.03,994,a18e99a17d75fefc3a0c757a13d7715e2827f51cb82e4329b46eaf798ca8b32d,47215
-37.31.-43.33.41.34.40.29,UNSAT,0.15,4298,4575f417a7c73c51e5c1fe2f48acbac8d9061e4b00a972f970ab1114270a17d8,273814
-37.31.-43.33.41.-34.40.-29,UNSAT,0.02,1698,6570c7ff68dcb375f467073a750bfe8baf48cc9fe4da5ad5894dbd0ff879be9e,80123
-37.31.-43.33.41.-34.-40.29,UNSAT,0.00,0,e3b0c44298fc1c149afbf4c8996fb92427ae41e4649b934ca495991b7852b855,0
-37.31.-43.33.41.-34.-40.-29,UNSAT,0.00,0,e3b0c44298fc1c149afbf4c8996fb92427ae41e4649b934ca495991b7852b855,0
-37.31.-43.33.41.-34.40.29,UNSAT,0.14,3949,3e75c5700cb42d081e264aac70e51067c9aaf95c5398875c7a98489bdd94f2ee,240994
-37.31.-43.33.-41.34.40.-29,UNSAT,0.01,871,8862c77cc2e87b8151c8a83e4b02d4176294117528b2904d55ebf19872ae0176,42006
-37.31.-43.33.-41.34.40.29,UNSAT,0.04,1348,b41725ba0e627fd66095bfcc0074c87ef52b739e1f1a1d5afd289ee6559c7b93,62145
-37.31.-43.33.-41.34.-40.29,UNSAT,0.01,692,75a11653b7e7324f2109a1f62cb78cc9e2d67c67df9511cac8bacdfe55a317be,35891
-37.31.-43.33.-41.34.-40.-29,UNSAT,0.02,388,6790ba1429c1426283e882329a181ddd0bd36fc5e8dd7d383882cd520b267f8f,26136
-37.31.-43.33.-41.-34.40.-29,UNSAT,0.01,567,2b08d92704689339c0e44c1caabf35d757ade4e10e850729f1e4a1308e1991da,30122
-37.31.-43.33.-41.-34.-40.29,UNSAT,0.00,0,e3b0c44298fc1c149afbf4c8996fb92427ae41e4649b934ca495991b7852b855,0
-37.31.-43.33.-41.-34.40.29,UNSAT,0.02,1276,e9d325060e99538b22f879026da9eec911f3400ec045e89d907119b18c0f746a,62658
-37.31.-43.33.-41.-34.-40.-29,UNSAT,0.00,0,e3b0c44298fc1c149afbf4c8996fb92427ae41e4649b934ca495991b7852b855,0
-37.31.-43.-33.41.34.40.-29,UNSAT,0.03,1281,a60153df779d4941ad8245f9419663a5819d6cf363f11ee753ddd57ac56e719e,61255
-37.31.-43.-33.41.34.-40.29,UNSAT,0.01,704,2f77b09f50dfb43c67424573ab08d5648ef2911173264da54a382a324e624a8b,36180
-37.31.-43.-33.41.34.-40.-29,UNSAT,0.02,307,b99f5a708f90af33f0dd7faa943d3f75bc4ef314f096b0dda1e3c8a38e3e275e,26778
-37.31.-43.-33.41.34.40.29,UNSAT,0.10,2954,2c20d9696039e84f68cea76196ee99a44f0149553b12c0e30d808aac61b0f019,191693
-37.31.-43.-33.41.-34.40.29,INDET,0.01,,,
-37.31.-43.-33.41.-34.40.29,SPLIT,0.01,,,->16 kids
-37.31.-43.-33.41.-34.-40.29,UNSAT,0.00,0,e3b0c44298fc1c149afbf4c8996fb92427ae41e4649b934ca495991b7852b855,0
-37.31.-43.-33.41.-34.-40.-29,UNSAT,0.00,0,e3b0c44298fc1c149afbf4c8996fb92427ae41e4649b934ca495991b7852b855,0
-37.31.-43.-33.41.-34.40.-29,UNSAT,0.05,1437,3e20623bb50797c8d62f709cc4315a8619243916f95ec3575477f6975971f687,71666
-37.31.-43.-33.-41.34.40.29,UNSAT,0.04,1054,5d31e87a861f9c262deeea30d358264c01cce0312c8b964e61ec0f36aa075749,52029
-37.31.-43.-33.-41.34.40.-29,UNSAT,0.00,0,e3b0c44298fc1c149afbf4c8996fb92427ae41e4649b934ca495991b7852b855,0
-37.31.-43.-33.-41.34.-40.-29,UNSAT,0.00,0,e3b0c44298fc1c149afbf4c8996fb92427ae41e4649b934ca495991b7852b855,0
-37.31.-43.-33.-41.34.-40.29,UNSAT,0.01,266,3f71b6987e43a323c018945a41d94673f31cf542cdc7e000e291bea070e3d64a,16967
-37.31.-43.-33.-41.-34.40.-29,UNSAT,0.00,0,e3b0c44298fc1c149afbf4c8996fb92427ae41e4649b934ca495991b7852b855,0
-37.31.-43.-33.-41.-34.-40.29,UNSAT,0.00,0,e3b0c44298fc1c149afbf4c8996fb92427ae41e4649b934ca495991b7852b855,0
-37.31.-43.-33.-41.-34.40.29,UNSAT,0.03,751,feb34f593a54f39138d9d73ffb3b9d0f76489bd2e93b8ee03b3b892364223b3e,39185
-37.31.-43.-33.-41.-34.-40.-29,UNSAT,0.00,0,e3b0c44298fc1c149afbf4c8996fb92427ae41e4649b934ca495991b7852b855,0
-37.-31.43.33.41.34.40.-29,UNSAT,0.07,2642,d9304dec1c42c88296e8b5bdfab47edba15b0237303f646af4abea597368fb00,142047
-37.-31.43.33.41.34.40.29,UNSAT,0.13,4358,6e30be3c5145066345ba819dbe7b925975ccc6fe5db890b8503778606dd50c92,265202
-37.-31.43.33.41.34.-40.29,UNSAT,0.09,3070,e54f0bd89b91a55c1cb5695c146eaa0d781f0411a3cb78d772320a20458c9c89,181718
-37.-31.43.33.41.34.-40.-29,UNSAT,0.06,2166,952cc97ca00bff08ec5d3777142513beab6d0549e0b6dd2e193031a8cd0b26bd,126582
-37.-31.43.33.41.-34.40.-29,UNSAT,0.02,806,5a5cc0dc254bead1ce7ea0926826eaaddbad25333a6c3285854e71170ac20206,42014
-37.-31.43.33.41.-34.-40.29,UNSAT,0.00,0,e3b0c44298fc1c149afbf4c8996fb92427ae41e4649b934ca495991b7852b855,0
-37.-31.43.33.41.-34.40.29,UNSAT,0.05,1815,19191f9178faadb65bebb5466923f1ef8c1c961b3de41e2f283774f993494f9b,88139
-37.-31.43.33.-41.34.40.29,INDET,0.02,,,
-37.-31.43.33.-41.34.40.29,SPLIT,0.02,,,->16 kids
-37.-31.43.33.41.-34.-40.-29,UNSAT,0.00,0,e3b0c44298fc1c149afbf4c8996fb92427ae41e4649b934ca495991b7852b855,0
-37.-31.43.33.-41.34.40.-29,UNSAT,0.05,1407,baceef05b9c4d09a15823e0c28bc3475acc4ba458c9b62f6cf88523e42de2879,68696
-37.-31.43.33.-41.34.-40.29,UNSAT,0.04,2175,f316c83d75ec819aa37198f568b749d61757b17926870c81ad2b28b1a7bda384,141547
-37.-31.43.33.-41.-34.40.29,UNSAT,0.02,979,696e839099da95291ff74a348cfc2df4a099a653bf08df0bbe373fccf273994e,50160
-37.-31.43.33.-41.34.-40.-29,UNSAT,0.03,1474,8e3876ce1f94629c35a58953cc9a0555b6e36b3e161954c6d20ce34f046d565a,71515
-37.-31.43.33.-41.-34.40.-29,UNSAT,0.01,416,e358ecc75c6192b68edc35fe8a2529cad01265ebf59776d47ecaba62d8fe405d,25001
-37.-31.43.33.-41.-34.-40.29,UNSAT,0.00,0,e3b0c44298fc1c149afbf4c8996fb92427ae41e4649b934ca495991b7852b855,0
-37.-31.43.33.-41.-34.-40.-29,UNSAT,0.00,0,e3b0c44298fc1c149afbf4c8996fb92427ae41e4649b934ca495991b7852b855,0
-37.-31.-43.33.41.34.40.-29,UNSAT,0.02,735,8581b73173d25a8efa311f60d03992a9f6a20f9b64db535147eeb795dc1a2001,35911
-37.-31.-43.33.41.34.40.29,UNSAT,0.04,1741,ecd9e047f36193162b450f7da45cb3b13085949962eb1a05e225db1508b63c50,79996
-37.-31.-43.33.41.34.-40.-29,INDET,0.03,,,
-37.-31.-43.33.41.34.-40.-29,SPLIT,0.03,,,->16 kids
-37.-31.-43.33.41.34.-40.29,UNSAT,0.03,906,a8f9e1e60cfd52191dd25c5fe23696584efd7af719ef9135346658c5b53707f0,45759
-37.-31.-43.33.41.-34.40.-29,UNSAT,0.01,322,686c2551053211133a61b1e459365daa3a118e024fdc5fe53f8e487f8fc14873,25164
-37.-31.-43.33.41.-34.40.29,UNSAT,0.04,1248,d604a8c20b2312c612c9204f57d05cc67abb1d9a142b8acbaf63e8174a9121fd,63846
-37.-31.-43.33.41.-34.-40.29,UNSAT,0.00,0,e3b0c44298fc1c149afbf4c8996fb92427ae41e4649b934ca495991b7852b855,0
-37.-31.-43.33.41.-34.-40.-29,UNSAT,0.00,0,e3b0c44298fc1c149afbf4c8996fb92427ae41e4649b934ca495991b7852b855,0
-37.-31.-43.33.-41.34.40.-29,UNSAT,0.01,400,b2f2bff25090408e76a53a3b96a6828e642911f4fcd8aa8cb72c6d0ec9c7e4f4,27437
-37.-31.-43.33.-41.34.40.29,UNSAT,0.01,562,97cdcfb491ea5a7879c0cf4bc52096b580e7dc4b2757b534026f34d17d6dc5b3,30325
-37.-31.-43.33.-41.34.-40.-29,UNSAT,0.01,170,19f411583a6d595cf8fa66b6610f015263ba751749b2391be6d17337bd3d79fc,15307
-37.-31.-43.33.-41.34.-40.29,UNSAT,0.01,330,d1cc754a67676c6272e0a61db681006a874a7eb0a5e2932ce68e21a9f933199d,24175
-37.-31.-43.33.-41.-34.40.-29,UNSAT,0.00,174,125d5d9bbe311d6061f890d8b728edf06f7564fdf5f67f58686db099e9582919,14655
-37.-31.-43.33.-41.-34.-40.29,UNSAT,0.00,0,e3b0c44298fc1c149afbf4c8996fb92427ae41e4649b934ca495991b7852b855,0
-37.-31.-43.33.-41.-34.40.29,UNSAT,0.02,584,c025a19d201fcc6a29a150c0376232fc94ca60c4b6417937d6b6172f62904971,32680
-37.-31.-43.33.-41.-34.-40.-29,UNSAT,0.00,0,e3b0c44298fc1c149afbf4c8996fb92427ae41e4649b934ca495991b7852b855,0
-37.-31.-43.-33.41.34.40.29,UNSAT,0.02,565,dfe2c796470e6152cd1b72095228e9dd5602909e54628a21436d5fd845a8fe54,31198
-37.-31.-43.-33.41.34.40.-29,UNSAT,0.01,415,bfdb45c0def83533892c528b35a9b274f412de44d0486c5285659bbf05772898,24145
-37.-31.-43.-33.41.34.-40.29,UNSAT,0.00,229,c8e35135281b832b1499dc6ff6974f97160cccc1a34de8382baa44c4c2724c76,16149
-37.-31.-43.-33.41.34.-40.-29,UNSAT,0.01,350,bf83ee813b0123cf427b343b2cfd0830278d409d45341d3e8e16ba9bdadeb69c,24475
-37.-31.-43.-33.41.-34.40.29,UNSAT,0.02,303,4d06d357fd5bd69d8ac59b1e6c2c0287d393c11c2eb97361b7746e52fcb30cf9,24403
-37.-31.-43.-33.41.-34.40.-29,UNSAT,0.01,217,09158a80a20fce5806511f22402d6fa15c38ecc1cf60c5bab448987f0fe8e309,16974
-37.-31.-43.-33.41.-34.-40.29,UNSAT,0.00,0,e3b0c44298fc1c149afbf4c8996fb92427ae41e4649b934ca495991b7852b855,0
-37.-31.-43.-33.41.-34.-40.-29,UNSAT,0.00,0,e3b0c44298fc1c149afbf4c8996fb92427ae41e4649b934ca495991b7852b855,0
-37.-31.-43.-33.-41.34.40.29,UNSAT,0.00,73,0e4bcf4b77ea3c2d9536a60bb570d2449f84396e15909a9c4da7eee056acc473,12746
-37.-31.-43.-33.-41.34.40.-29,UNSAT,0.00,0,e3b0c44298fc1c149afbf4c8996fb92427ae41e4649b934ca495991b7852b855,0
-37.-31.-43.-33.-41.34.-40.-29,UNSAT,0.00,0,e3b0c44298fc1c149afbf4c8996fb92427ae41e4649b934ca495991b7852b855,0
-37.-31.-43.-33.-41.34.-40.29,UNSAT,0.00,50,64bd7dc98561c11ace730beaaa39fa26ef73a1361f3ac3c7d7e46b67daefa82c,13645
-37.-31.-43.-33.-41.-34.40.-29,UNSAT,0.00,0,e3b0c44298fc1c149afbf4c8996fb92427ae41e4649b934ca495991b7852b855,0
-37.-31.-43.-33.-41.-34.40.29,UNSAT,0.00,70,7ba539d8573b45806a018139a51ffede23ed6f642dc42c90c9b771b72f704c09,14166
-37.-31.-43.-33.-41.-34.-40.29,UNSAT,0.00,0,e3b0c44298fc1c149afbf4c8996fb92427ae41e4649b934ca495991b7852b855,0
-37.-31.-43.-33.-41.-34.-40.-29,UNSAT,0.00,0,e3b0c44298fc1c149afbf4c8996fb92427ae41e4649b934ca495991b7852b855,0
37.31.43.-33.41.-34.40.-29.45.36.38.-35,UNSAT,0.01,19,76d59d7c62b643d480620150eaf99f1c475a5a5051adf43c28aca70265058d08,15640
37.31.43.-33.41.-34.40.-29.45.36.38.35,UNSAT,0.03,54,d9aa2f5c638e8545aadf06305bfdd6bb68e24cbef66434ac0ecf1706ca033bba,14101
37.31.43.-33.41.-34.40.-29.45.36.-38.35,UNSAT,0.01,19,18847b99d8ac2f68f9a9899e29f3682c3248a306e21c73d1d73d988545540d98,14510
37.31.43.-33.41.-34.40.-29.45.-36.38.35,UNSAT,0.00,0,e3b0c44298fc1c149afbf4c8996fb92427ae41e4649b934ca495991b7852b855,0
37.31.43.-33.41.-34.40.-29.45.36.-38.-35,UNSAT,0.00,88,b791d2f4753fced893887e71f12292cae8003274320c88a11c9b4baf7cf36ab5,13068
37.31.43.-33.41.-34.40.-29.45.-36.38.-35,UNSAT,0.00,0,e3b0c44298fc1c149afbf4c8996fb92427ae41e4649b934ca495991b7852b855,0
37.31.43.-33.41.-34.40.-29.45.-36.-38.35,UNSAT,0.00,0,e3b0c44298fc1c149afbf4c8996fb92427ae41e4649b934ca495991b7852b855,0
37.31.43.-33.41.-34.40.-29.45.-36.-38.-35,UNSAT,0.00,0,e3b0c44298fc1c149afbf4c8996fb92427ae41e4649b934ca495991b7852b855,0
37.31.43.-33.41.-34.40.-29.-45.36.38.35,UNSAT,0.00,46,256a921bbdf83803b64e150eaec0facc5963514e848800eefa8a9d751c3895ca,14363
37.31.43.-33.41.-34.40.-29.-45.36.38.-35,UNSAT,0.00,45,08aa02f03fd105eff98af916cff8295f6322f3eeddde0e83f59e00f2d1773a57,15594
37.31.43.-33.41.-34.40.-29.-45.36.-38.-35,UNSAT,0.01,172,26349563333c7303eb91da456b71f87eb3481adc4d20db30ed430739b2750183,15523
37.31.43.-33.41.-34.40.-29.-45.36.-38.35,UNSAT,0.01,158,ddc5926cfc55f079a839ea6eb6e154fc80b65014beedf9bd7f0fcc8b3dca54b3,14172
37.31.43.-33.41.-34.40.-29.-45.-36.38.-35,UNSAT,0.00,0,e3b0c44298fc1c149afbf4c8996fb92427ae41e4649b934ca495991b7852b855,0
37.31.43.-33.41.-34.40.-29.-45.-36.38.35,UNSAT,0.02,257,380d303fbee932c4fc83044e8c9a622d0b859f6d947deba10cb0ad3c223196a2,16866
37.31.43.-33.41.-34.40.-29.-45.-36.-38.35,UNSAT,0.01,153,5f9ad72bb59835888518335842e0b6d0938b5e44900768beb1875c789f23acac,14920
37.31.43.-33.41.-34.40.-29.-45.-36.-38.-35,UNSAT,0.00,0,e3b0c44298fc1c149afbf4c8996fb92427ae41e4649b934ca495991b7852b855,0
37.31.43.-33.-41.-34.40.29.45.36.38.35,UNSAT,0.00,236,2edea6341caf83bac0dc65b4d9bcf5f507bdd730f156328df5b7c20f24a9fd5c,16040
37.31.43.-33.-41.-34.40.29.45.36.38.-35,UNSAT,0.01,328,3a6b40949ec00bec783dec37427be250b0d4b5895cadf6407d9939f86f2f8d38,27524
37.31.43.-33.-41.-34.40.29.45.36.-38.-35,UNSAT,0.00,92,5a754777d7152b1c87c000d9e79b0f5cba143d2ae2e6fb82c70080125284659d,13795
37.31.43.-33.-41.-34.40.29.45.36.-38.35,UNSAT,0.01,258,0143063c985c867bc719b0520df0b0db1b7e11eafb11e5f444b38774fc76024d,16087
37.31.43.-33.-41.-34.40.29.45.-36.38.-35,UNSAT,0.00,0,e3b0c44298fc1c149afbf4c8996fb92427ae41e4649b934ca495991b7852b855,0
37.31.43.-33.-41.-34.40.29.45.-36.38.35,UNSAT,0.01,177,1c49de233f8f435db5078f1a4e9e091631cbad2d695dba3bc1777a152e51d088,14364
37.31.43.-33.-41.-34.40.29.45.-36.-38.-35,UNSAT,0.00,0,e3b0c44298fc1c149afbf4c8996fb92427ae41e4649b934ca495991b7852b855,0
37.31.43.-33.-41.-34.40.29.45.-36.-38.35,UNSAT,0.00,84,bf6abfa81ee83d1340e881fd959da51e3c460d9afb057c9893afa06187563b5e,13016
37.31.43.-33.-41.-34.40.29.-45.36.38.35,UNSAT,0.01,118,71ffa29f054cbe22da1b81c8664056e0753171de10117403e7c5ed19fd43d57a,14657
37.31.43.-33.-41.-34.40.29.-45.36.38.-35,UNSAT,0.01,259,372c2d922767ad345a7e6b9cbf1f60462dd2b7c3e0c58b93a2818ea26b6b4d72,17510
37.31.43.-33.-41.-34.40.29.-45.36.-38.35,UNSAT,0.01,238,2100bbef28494829301e759e498cb9a6ffa5dcf4aa5f530de3cbb718eeea5692,16284
37.31.43.-33.-41.-34.40.29.-45.36.-38.-35,UNSAT,0.00,91,25a54a7208ab23f7b6e706c96cf9eac52b787ce5237ab234fb1f3a2701c6fb31,13756
37.31.43.-33.-41.-34.40.29.-45.-36.38.-35,UNSAT,0.00,0,e3b0c44298fc1c149afbf4c8996fb92427ae41e4649b934ca495991b7852b855,0
37.31.43.-33.-41.-34.40.29.-45.-36.38.35,UNSAT,0.02,276,1d94928786d6522dd6a38778817f655037c832081f95abd8954e9105e41dd2e9,27972
37.31.43.-33.-41.-34.40.29.-45.-36.-38.35,UNSAT,0.00,67,b2859e44346ef79ec44119f4b066b377a4bb7cb86188e8c697c12f634b01e046,12926
37.31.-43.33.-41.34.40.-29.45.36.38.35,UNSAT,0.00,0,e3b0c44298fc1c149afbf4c8996fb92427ae41e4649b934ca495991b7852b855,0
37.31.43.-33.-41.-34.40.29.-45.-36.-38.-35,UNSAT,0.00,0,e3b0c44298fc1c149afbf4c8996fb92427ae41e4649b934ca495991b7852b855,0
37.31.-43.33.-41.34.40.-29.45.36.38.-35,UNSAT,0.00,179,45897b47fe3a8c318c5a1f34c02d984df31587517f816a6c1653ef0c869df699,15573
37.31.-43.33.-41.34.40.-29.45.36.-38.35,UNSAT,0.01,575,c2b3f07fe5c52a27ba764e87c5a4dd7d1186b2bb5f346e7df6251904ce413321,30963
37.31.-43.33.-41.34.40.-29.45.36.-38.-35,UNSAT,0.00,120,60f2080e2968caec2f27c408b54d7e1e261bbc9bd8e9085a4b1ae22754ae87d8,15106
37.31.-43.33.-41.34.40.-29.45.-36.38.35,UNSAT,0.01,380,0cf2c8b24c9ea9cccacf89169729091f82ec7c4f326f64f4da106477ab299846,25053
37.31.-43.33.-41.34.40.-29.45.-36.38.-35,UNSAT,0.00,160,4383c6baf02e57f1577fd93554b8305f5385e7be81f983a803aeb4f51f18b119,16388
37.31.-43.33.-41.34.40.-29.45.-36.-38.35,UNSAT,0.00,311,890e2adfff84468ffc7e24a94d6731112f17b33bf9f1f265805b6e3c2d274de4,25351
37.31.-43.33.-41.34.40.-29.-45.36.38.35,UNSAT,0.00,0,e3b0c44298fc1c149afbf4c8996fb92427ae41e4649b934ca495991b7852b855,0
37.31.-43.33.-41.34.40.-29.45.-36.-38.-35,UNSAT,0.01,66,0771bbe223082b8bee5d25999d6f7a59b4c17e3cde8680861ebd4af407c0720f,15461
37.31.-43.33.-41.34.40.-29.-45.36.38.-35,UNSAT,0.00,61,5ecd1826871f96aee49b7850cbf3038d2ae62f47fd291dfe98ef928cd77467df,13569
37.31.-43.33.-41.34.40.-29.-45.36.-38.-35,UNSAT,0.00,17,2bd2e2ea3a7aba3b16305e07c7da8beab8411342c44835a4d1c5b1d544cd6f34,13872
37.31.-43.33.-41.34.40.-29.-45.36.-38.35,UNSAT,0.02,241,ccbfea1512e709ab7ceb9c2b869a8fadafff2c464581e1385d4b456b961d73b9,26020
37.31.-43.33.-41.34.40.-29.-45.-36.38.35,UNSAT,0.01,179,770c5e80084473bdcc9683357915b48be1e0fbe8affeda6e9b4a71b5a5599cf4,17224
37.31.-43.33.-41.34.40.-29.-45.-36.38.-35,UNSAT,0.00,16,3121150cda89552ac9f826fcde942eaa5816aff03b95cf53b6b02f3186227b16,13919
37.31.-43.33.-41.34.40.-29.-45.-36.-38.-35,UNSAT,0.00,13,8ccc290fcf94aa52ac32a6c0a8c29ea362539db8dc2882e91d7b49840d9894f4,14956
37.31.-43.33.-41.34.40.-29.-45.-36.-38.35,UNSAT,0.00,153,24d99b26aad32d51ccd3fd6baf67a8f2e7c101fcc14ef3b1962e5ded9ccd4406,16737
37.31.-43.33.-41.-34.40.29.45.36.38.35,UNSAT,0.00,108,da2106e7ca747ddd21c0eb91f02386b15e3553b2d799d8024edd2b77a5546c9f,15160
37.31.-43.33.-41.-34.40.29.45.36.-38.35,UNSAT,0.00,78,ed92df5fda26113d51d1c339dd9ca286bb4a51ee064fd7e07fc1007220653af5,14899
37.31.-43.33.-41.-34.40.29.45.36.38.-35,UNSAT,0.01,442,af1c3db952296ecba575c9d53e8604c477c59975cdc01589fd5d182e54d2577d,25693
37.31.-43.33.-41.-34.40.29.45.-36.38.35,UNSAT,0.00,108,aa922d093caacd1f35210f3a6b3393d44dd79db3276861301fb2b479c03f465b,15389
37.31.-43.33.-41.-34.40.29.45.36.-38.-35,UNSAT,0.00,78,fe3e658238430e695cca536781f71831b44261ac70ec002a18e5124b3375e9f8,13485
37.31.-43.33.-41.-34.40.29.45.-36.-38.35,UNSAT,0.01,62,831faf8189cd4a4e88bb91d11e9a335aaf586b2b1899a9528dbc4388e4041e27,15406
37.31.-43.33.-41.-34.40.29.45.-36.38.-35,UNSAT,0.01,494,4ba26c0d1b7a6744a1965f517f93e3e73ef17037b3cdf168d2f500e98a23269e,28751
37.31.-43.33.-41.-34.40.29.45.-36.-38.-35,UNSAT,0.00,113,7a6547313c2b4ab1f3d71395aa9bb85611ac1e986570937db3f6a85be6b376a6,14552
37.31.-43.33.-41.-34.40.29.-45.36.38.35,UNSAT,0.00,0,e3b0c44298fc1c149afbf4c8996fb92427ae41e4649b934ca495991b7852b855,0
37.31.-43.33.-41.-34.40.29.-45.36.38.-35,UNSAT,0.01,210,cd424e58595304ab656baa09f6595a75667514ac80886c655d597d9a6166b628,16681
37.31.-43.33.-41.-34.40.29.-45.36.-38.35,UNSAT,0.00,0,e3b0c44298fc1c149afbf4c8996fb92427ae41e4649b934ca495991b7852b855,0
37.31.-43.33.-41.-34.40.29.-45.36.-38.-35,UNSAT,0.01,46,d2f072e117d2dd7dc37daa1ea245d06aab981a64b1d5d0679449e395fa6bc01d,14010
37.31.-43.33.-41.-34.40.29.-45.-36.38.35,UNSAT,0.01,0,e3b0c44298fc1c149afbf4c8996fb92427ae41e4649b934ca495991b7852b855,0
37.31.-43.33.-41.-34.40.29.-45.-36.-38.35,UNSAT,0.00,0,e3b0c44298fc1c149afbf4c8996fb92427ae41e4649b934ca495991b7852b855,0
37.31.-43.33.-41.-34.40.29.-45.-36.-38.-35,UNSAT,0.00,72,72b8195ae37704eb2a4121d5482be9d26f73d7da4f1f481813212a2dba09905c,14845
37.31.-43.33.-41.-34.40.29.-45.-36.38.-35,UNSAT,0.00,173,46dd65720c577757b3f76f2d323512f17747ab0b359ac20df4f34f84ab34a050,16106
37.-31.43.33.41.34.40.-29.45.36.38.35,UNSAT,0.00,0,e3b0c44298fc1c149afbf4c8996fb92427ae41e4649b934ca495991b7852b855,0
37.-31.43.33.41.34.40.-29.45.36.38.-35,UNSAT,0.00,71,a251bdb2636955e7699cb05f44987e5181514abb66e4dbc42d83f75085e7710c,12724
37.-31.43.33.41.34.40.-29.45.36.-38.35,UNSAT,0.01,9,e76c023a26cc5b3cae487d5fae27ce8a52a7f238deb36d4bde7ecc5bb0a146c8,12688
37.-31.43.33.41.34.40.-29.45.36.-38.-35,UNSAT,0.00,147,4b5ffaa6f1e42fe75efed1008bee68669cd4e69c506ea17d235b9759e2201aca,14268
37.-31.43.33.41.34.40.-29.45.-36.38.35,UNSAT,0.01,177,5c3b2dc223f428900a8e743b741bda3bab3014a3ffc646900a48646119b4b25c,15004
37.-31.43.33.41.34.40.-29.45.-36.-38.35,UNSAT,0.00,123,6748f7c59b997080a2a9dbeab5a581ce30a2e6acdd512c7d099a303655942f7e,14101
37.-31.43.33.41.34.40.-29.45.-36.38.-35,UNSAT,0.00,199,4f5e4b9b0d90257a44c9fce15880b8c502170233242b1f690cc87ed5e7d6dfd3,15238
37.-31.43.33.41.34.40.-29.-45.36.38.35,UNSAT,0.01,0,e3b0c44298fc1c149afbf4c8996fb92427ae41e4649b934ca495991b7852b855,0
37.-31.43.33.41.34.40.-29.45.-36.-38.-35,UNSAT,0.00,219,bab478696b0e233138388a02c6da1f278770215385d834d376868a5722b47a68,16183
37.-31.43.33.41.34.40.-29.-45.36.38.-35,UNSAT,0.01,28,d6bedf288f55fce30e5ecfd3f4f660d02175d4b7d11ed2e1c7edab7f2dab534e,12139
37.-31.43.33.41.34.40.-29.-45.36.-38.35,UNSAT,0.00,51,f97b98b99c775263fde418a296b6101834b25e47502da1ead03f236e2247ab45,14638
37.-31.43.33.41.34.40.-29.-45.36.-38.-35,UNSAT,0.00,69,fb8e859c63bf5a6d267b382d9b344ecbdb0a7656038c42b7d5ee4b0027e44633,13907
37.-31.43.33.41.34.40.-29.-45.-36.38.35,UNSAT,0.00,115,ff2b0ba588f90dc13a7bb5916191f7bf109e524b5996a33f2d30b5c7bbebafe5,14228
37.-31.43.33.41.34.40.-29.-45.-36.-38.35,UNSAT,0.00,62,9b9e1d69d9c40909ca6568a0a2ddbf2c0af98a06095053a4b03d47cb9ab98c14,14431
37.-31.43.33.41.34.40.-29.-45.-36.38.-35,UNSAT,0.01,216,7c6894a52152ac04a58b91678e8969025f9104de2c9dcc982c8a510d3312d219,15788
37.-31.43.-33.41.-34.40.29.45.36.38.35,UNSAT,0.00,33,607d1a4b51ca77e19b6c8aa5432b2b24269ed1011984e86d8bd84b827b032f66,14427
37.-31.43.33.41.34.40.-29.-45.-36.-38.-35,UNSAT,0.01,86,4f34795a04ef12596efe9f47701d39661c8410d1125cd6603cb26ddd0a59db24,14552
37.-31.43.-33.41.-34.40.29.45.36.38.-35,UNSAT,0.00,149,a11518e6235ba2081ef4b3f0dca95b3489e55688e427a2cf5ba06cf08e8a7adf,15379
37.-31.43.-33.41.-34.40.29.45.36.-38.35,UNSAT,0.00,72,88f1d5e7edab4ce47d0f3cbaa81679d29af8a30f687f71ff6e64b0bda0eb9d2a,13245
37.-31.43.-33.41.-34.40.29.45.-36.38.35,UNSAT,0.00,6,3c6a476a5236b319f23fc4a52ca10e083f0930052451ac7bbe0ffd97c7a9d071,15461
37.-31.43.-33.41.-34.40.29.45.36.-38.-35,UNSAT,0.01,235,51429f716f0e898cadfdc7ce5bd2e834ffc02652d93b5d98bfe5df8876a5c4b6,16810
37.-31.43.-33.41.-34.40.29.45.-36.38.-35,UNSAT,0.00,0,e3b0c44298fc1c149afbf4c8996fb92427ae41e4649b934ca495991b7852b855,0
37.-31.43.-33.41.-34.40.29.45.-36.-38.35,UNSAT,0.00,14,8ee4af113e6f823192610092af43af09fc38956aaa70cef3bfe9697ab0be6129,14598
37.-31.43.-33.41.-34.40.29.45.-36.-38.-35,UNSAT,0.00,0,e3b0c44298fc1c149afbf4c8996fb92427ae41e4649b934ca495991b7852b855,0
37.-31.43.-33.41.-34.40.29.-45.36.38.35,UNSAT,0.00,31,731af6a05cdbf4e365b1a3d8f342c94c5d2a38a36d11678ef1240f1e8bce6967,15603
37.-31.43.-33.41.-34.40.29.-45.36.-38.35,UNSAT,0.00,67,d645c2960b7686cf1823891c8ba99b6dd499289c21bdeafa99421c77787e8851,13874
37.-31.43.-33.41.-34.40.29.-45.36.38.-35,UNSAT,0.00,142,012da9f77ab9bf967843b4abe60b933f03e028abef18f30a21852fbd1c3d7066,16060
37.-31.43.-33.41.-34.40.29.-45.36.-38.-35,UNSAT,0.00,70,ca60331baefc5e1ffc45952969767f6faed84876873402f861e722e58896ea22,14363
37.-31.43.-33.41.-34.40.29.-45.-36.38.35,UNSAT,0.00,71,51b1c45ae1845c74e0495b38d73bbcef52a25682759528e86ebeee39991715ef,15049
37.-31.43.-33.41.-34.40.29.-45.-36.38.-35,UNSAT,0.00,0,e3b0c44298fc1c149afbf4c8996fb92427ae41e4649b934ca495991b7852b855,0
37.-31.43.-33.41.-34.40.29.-45.-36.-38.-35,UNSAT,0.00,0,e3b0c44298fc1c149afbf4c8996fb92427ae41e4649b934ca495991b7852b855,0
37.-31.43.-33.41.-34.40.29.-45.-36.-38.35,UNSAT,0.00,84,d72d7923635e2906be1d7471dd9c66ecfd8b82e3f9724c8671be3dfea057af85,14686
37.-31.-43.33.41.-34.-40.-29.45.36.38.35,UNSAT,0.00,367,592cac2abd609041481289edcea0e1bc0af877bd670b848d027a0338f874ebf9,25254
37.-31.-43.33.41.-34.-40.-29.45.36.38.-35,UNSAT,0.00,135,2e6597ebba9bfb1d3e4abbff27e2001fd2082c6b832094d0e0b5fabb93cef42d,14161
37.-31.-43.33.41.-34.-40.-29.45.36.-38.35,UNSAT,0.00,212,0ea3c35f7cd71f5e9a776e847a32167911ce11c4330c48b1d03e300d53143b24,15878
37.-31.-43.33.41.-34.-40.-29.45.36.-38.-35,UNSAT,0.01,22,b3782cd1358092399f5452c477d9e91c41e38965eb4e3b428cb7a43df6fdad4f,12357
37.-31.-43.33.41.-34.-40.-29.45.-36.38.35,UNSAT,0.00,192,705f71dcd823697266c7befadce09cf0ecf80dc780aed3bcb023a3e58dda1c88,16579
37.-31.-43.33.41.-34.-40.-29.45.-36.-38.35,UNSAT,0.00,0,e3b0c44298fc1c149afbf4c8996fb92427ae41e4649b934ca495991b7852b855,0
37.-31.-43.33.41.-34.-40.-29.45.-36.-38.-35,UNSAT,0.00,0,e3b0c44298fc1c149afbf4c8996fb92427ae41e4649b934ca495991b7852b855,0
37.-31.-43.33.41.-34.-40.-29.45.-36.38.-35,UNSAT,0.00,154,fcf6a20ce04657924a0e107d8601f4805375b1ef91776693497211cdc5de5be7,15939
37.-31.-43.33.41.-34.-40.-29.-45.36.38.-35,UNSAT,0.01,116,e0c4658354598fbece1ccc04dadcdf46263950a0e818d4231742af4dab53b174,15067
37.-31.-43.33.41.-34.-40.-29.-45.36.38.35,UNSAT,0.01,431,f2663323a5df0ac3de5dbc6677eb6c524f4d3bbac6bbdf4f1e73345a9d18efae,30342
37.-31.-43.33.41.-34.-40.-29.-45.36.-38.-35,UNSAT,0.00,10,4af94bf390b63dbc329113f277c94dbbb4b4b135f7bdb53d652a70e9e8b559c5,16870
37.-31.-43.33.41.-34.-40.-29.-45.36.-38.35,UNSAT,0.01,125,46602b255a5d8877e85d37a4cbacc39bc5035bc5bacee78aec046c0c4b43918e,14926
37.-31.-43.33.41.-34.-40.-29.-45.-36.38.-35,UNSAT,0.00,122,5ee22b0acf679f4c891617e84212d032b08025952f71260f46b83e6b8f40f148,15807
37.-31.-43.33.41.-34.-40.-29.-45.-36.38.35,UNSAT,0.00,121,9e7a6130e34df22971c7d07aaa75e7ceb6e08cd10d175e9cea0b97e6bd6726ea,14781
37.-31.-43.33.41.-34.-40.-29.-45.-36.-38.35,UNSAT,0.00,0,e3b0c44298fc1c149afbf4c8996fb92427ae41e4649b934ca495991b7852b855,0
37.-31.-43.33.41.-34.-40.-29.-45.-36.-38.-35,UNSAT,0.00,0,e3b0c44298fc1c149afbf4c8996fb92427ae41e4649b934ca495991b7852b855,0
-37.31.43.33.-41.34.40.-29.45.36.38.35,UNSAT,0.01,167,178a8ee50a1cd5777a8a588ac72dca2dbab1845ef30dfcd630ca9195cc402f82,14473
-37.31.43.33.-41.34.40.-29.45.36.38.-35,UNSAT,0.00,128,79b539c746ce9601d4ea775777babc6ef4aeb86a3f4770f4706164ce5de51fbe,14385
-37.31.43.33.-41.34.40.-29.45.36.-38.-35,UNSAT,0.01,50,cb1d45ef4c4f002560d9e8e46bf467b4ebf83e942750b19ba6808e3dd94ba17c,14184
-37.31.43.33.-41.34.40.-29.45.36.-38.35,UNSAT,0.01,261,46ec03fb55312528f33c4cb09b9c817f4bafc14a2b0816d5aba28989fd3f7914,17664
-37.31.43.33.-41.34.40.-29.45.-36.38.-35,UNSAT,0.00,105,11fb56b83bdd2e3441aaae28a3338547448d3d53bc68214cca2a50d5f0a927a2,14566
-37.31.43.33.-41.34.40.-29.45.-36.38.35,UNSAT,0.00,379,16d1233a3132e3d059d61ae85fe5ffa54e01c49ec6f1c7beb44e9162e6b07599,23302
-37.31.43.33.-41.34.40.-29.45.-36.-38.35,UNSAT,0.01,100,1fe850a4e2da1734bf0f44e3d2605a5fa91b08c53cb7d7ec902671d661cb115c,13578
-37.31.43.33.-41.34.40.-29.45.-36.-38.-35,UNSAT,0.00,0,e3b0c44298fc1c149afbf4c8996fb92427ae41e4649b934ca495991b7852b855,0
-37.31.43.33.-41.34.40.-29.-45.36.38.35,UNSAT,0.00,62,60120352838e1a6b1b92c6eb54066d1451457a87a57a656fc8a917b464104f32,14318
-37.31.43.33.-41.34.40.-29.-45.36.38.-35,UNSAT,0.00,46,de8c68cce0bee9f31877c1f6fbc8a2ed3b25ae56c41d68adaf8d6c4c96030e8d,14371
-37.31.43.33.-41.34.40.-29.-45.36.-38.35,UNSAT,0.00,126,2945a5fc4a9d545cb78545cb95fba47c014fdc2de499f32b1a789c39c022ef5f,15786
-37.31.43.33.-41.34.40.-29.-45.36.-38.-35,UNSAT,0.00,21,9b2ee488ccdf5b562aae3f8612c9368565e16919f995b64a41e42c9f53efc29e,15297
-37.31.43.33.-41.34.40.-29.-45.-36.38.35,UNSAT,0.01,169,423a60fb00a21ceea09dbb0fa7d6a32f019be892a293cd6b07b427668133526b,16507
-37.31.43.33.-41.34.40.-29.-45.-36.38.-35,UNSAT,0.00,37,1e6c52d5f68444378d3f2ff2b934b3fb0298634efa75f8946577b30baf2bcf49,14723
-37.31.43.33.-41.34.40.-29.-45.-36.-38.35,UNSAT,0.01,54,dba4a661f7ec93bf19f6823e5f5f06dd91bd1117265f8bfd4004e080d6058720,14306
-37.31.43.33.-41.34.40.-29.-45.-36.-38.-35,UNSAT,0.00,0,e3b0c44298fc1c149afbf4c8996fb92427ae41e4649b934ca495991b7852b855,0
-37.31.43.-33.-41.34.40.29.45.36.38.-35,UNSAT,0.00,261,a1a678c97c99ec1744fa7b45c515ba783ef74fff67a2d7b9223d9e179791ddbf,26675
-37.31.43.-33.-41.34.40.29.45.36.38.35,UNSAT,0.02,282,d429efb8b8266277d4221acaac0d4e89206821278c066ddccc9dd175d011006d,16500
-37.31.43.-33.-41.34.40.29.45.36.-38.-35,UNSAT,0.00,150,be9b4b1fa3f0903f0f6befe87cc8106cbe5932d19f5e4b575dcb81bdb3584f5f,15741
-37.31.43.-33.-41.34.40.29.45.36.-38.35,UNSAT,0.01,732,6d82bb2d8f23704dedcec159c5599db0faf2180fff64836b1c84cbc84b10ca5a,37554
-37.31.43.-33.-41.34.40.29.45.-36.38.35,UNSAT,0.00,278,fb25ff24e69032416f2ca92610fea30a3a19f4adf6298ce9e80025a0621a737b,16872
-37.31.43.-33.-41.34.40.29.45.-36.38.-35,UNSAT,0.01,429,2c533486248e812ce74c107d475e9fba074d5708d3d081887cb5e2995a047bc7,24927
-37.31.43.-33.-41.34.40.29.45.-36.-38.35,UNSAT,0.00,80,c61fde1cdf1c3f5be55c24210be442998e0a26d436a2bda17aa6524d3b9244ce,13104
-37.31.43.-33.-41.34.40.29.45.-36.-38.-35,UNSAT,0.00,0,e3b0c44298fc1c149afbf4c8996fb92427ae41e4649b934ca495991b7852b855,0
-37.31.43.-33.-41.34.40.29.-45.36.38.35,UNSAT,0.00,0,e3b0c44298fc1c149afbf4c8996fb92427ae41e4649b934ca495991b7852b855,0
-37.31.43.-33.-41.34.40.29.-45.36.38.-35,UNSAT,0.00,0,e3b0c44298fc1c149afbf4c8996fb92427ae41e4649b934ca495991b7852b855,0
-37.31.43.-33.-41.34.40.29.-45.36.-38.35,UNSAT,0.00,0,e3b0c44298fc1c149afbf4c8996fb92427ae41e4649b934ca495991b7852b855,0
-37.31.43.-33.-41.34.40.29.-45.36.-38.-35,UNSAT,0.00,0,e3b0c44298fc1c149afbf4c8996fb92427ae41e4649b934ca495991b7852b855,0
-37.31.43.-33.-41.34.40.29.-45.-36.38.35,UNSAT,0.00,0,e3b0c44298fc1c149afbf4c8996fb92427ae41e4649b934ca495991b7852b855,0
-37.31.43.-33.-41.34.40.29.-45.-36.38.-35,UNSAT,0.00,0,e3b0c44298fc1c149afbf4c8996fb92427ae41e4649b934ca495991b7852b855,0
-37.31.43.-33.-41.34.40.29.-45.-36.-38.35,UNSAT,0.00,0,e3b0c44298fc1c149afbf4c8996fb92427ae41e4649b934ca495991b7852b855,0
-37.31.43.-33.-41.34.40.29.-45.-36.-38.-35,UNSAT,0.00,0,e3b0c44298fc1c149afbf4c8996fb92427ae41e4649b934ca495991b7852b855,0
-37.31.-43.33.41.34.40.-29.45.36.38.35,UNSAT,0.01,277,dd1c6fd2db7aab23a46b0cfe307432c8017685ad8def87ed6c12bdf50584efee,26184
-37.31.-43.33.41.34.40.-29.45.36.38.-35,UNSAT,0.00,227,5f2a78c4251a0f829a2b9b6c49f2d638e5f5e0b73de8359ac81084df1dfeb965,15301
-37.31.-43.33.41.34.40.-29.45.36.-38.35,UNSAT,0.01,261,a2ecbf991a978258d2d8661ac0182023669962dd466279df34fdf63615ad62b1,17453
-37.31.-43.33.41.34.40.-29.45.36.-38.-35,UNSAT,0.01,324,65aab6b9d3cf271bcb6bd73c503320ddfcdad3a1e98831dd9965c70eefe3dcbe,26866
-37.31.-43.33.41.34.40.-29.45.-36.38.35,UNSAT,0.01,160,27ad0efc0ef5194fae9f2915471da7907c1ad1065a9a169f2c9e450fc0b9a5d0,15049
-37.31.-43.33.41.34.40.-29.45.-36.38.-35,UNSAT,0.00,292,22df6546e0731531790aa7b6771f99ddbaabf63262f4aba5a271f828f366ad84,23515
-37.31.-43.33.41.34.40.-29.45.-36.-38.-35,UNSAT,0.00,0,e3b0c44298fc1c149afbf4c8996fb92427ae41e4649b934ca495991b7852b855,0
-37.31.-43.33.41.34.40.-29.45.-36.-38.35,UNSAT,0.00,109,efc067881fc75390c331371db750f413034bf3ffa163f5a710a872d022bed0cb,14867
-37.31.-43.33.41.34.40.-29.-45.36.38.-35,UNSAT,0.00,17,891014a206128bf65dea2930a8cc9bed6ca4ef810c4af91d7a92bb401e52740d,12099
-37.31.-43.33.41.34.40.-29.-45.36.38.35,UNSAT,0.00,103,4e171cb8d439d953a01e435cc3c4c84d667871ab0a6719bb13edff11c0b0f37d,14885
-37.31.-43.33.41.34.40.-29.-45.36.-38.-35,UNSAT,0.00,138,a3bbb90b97b684df5c21e2a6691d3cdecf13b1b23890a0921fae2ee2583a63ad,15517
-37.31.-43.33.41.34.40.-29.-45.36.-38.35,UNSAT,0.00,106,530f41f7fe9a2419bbd3874dbbae57526cf5e5b63939c1be1fc930fd2a953fbe,15126
-37.31.-43.33.41.34.40.-29.-45.-36.38.35,UNSAT,0.01,38,f06c1f6fa3dbc17c183176290d713b948973cff5a833f689cfa377f33690fef7,13786
-37.31.-43.33.41.34.40.-29.-45.-36.38.-35,UNSAT,0.00,37,661412c0057d51882b9df9ca1aca3c18809972ca68a3072ed5ead3698300e79f,13857
-37.31.-43.33.41.34.40.-29.-45.-36.-38.-35,UNSAT,0.00,0,e3b0c44298fc1c149afbf4c8996fb92427ae41e4649b934ca495991b7852b855,0
-37.31.-43.33.41.34.40.-29.-45.-36.-38.35,UNSAT,0.00,113,6be83ae40538af703b77b3bf23a5ee71e3dfc7c0f4f19cdc8736757e0a9ef4e3,15912
-37.31.-43.-33.41.-34.40.29.45.36.38.-35,UNSAT,0.00,242,d748e033a382c8bad8b721a516729e32597e7d174b81f036a980c36f1f5b0df6,17056
-37.31.-43.-33.41.-34.40.29.45.36.38.35,UNSAT,0.02,467,779be079f2f354cb5751df377e1436076992114b5e769b9e76637f6be644daa9,25698
-37.31.-43.-33.41.-34.40.29.45.36.-38.-35,UNSAT,0.00,6,a32bf080574276dcbd7b49d47ad0287c99bc6da4a66842a736b75cfd8f162edc,14100
-37.31.-43.-33.41.-34.40.29.45.36.-38.35,UNSAT,0.01,207,e2b917d8ace25a61321424562279b18b40d8e410430df699b1c33178391d1b5d,16648
-37.31.-43.-33.41.-34.40.29.45.-36.38.-35,UNSAT,0.00,0,e3b0c44298fc1c149afbf4c8996fb92427ae41e4649b934ca495991b7852b855,0
-37.31.-43.-33.41.-34.40.29.45.-36.38.35,UNSAT,0.01,306,f9b74c68079190d9fa7b6ac38792c95b0b6b0b829d07efaeb408db3741580cfd,29244
-37.31.-43.-33.41.-34.40.29.45.-36.-38.-35,UNSAT,0.00,0,e3b0c44298fc1c149afbf4c8996fb92427ae41e4649b934ca495991b7852b855,0
-37.31.-43.-33.41.-34.40.29.45.-36.-38.35,UNSAT,0.00,149,2cc233e3d5609208a8770c12e9feea9e6438e9b12d22c75d229ae220000c6abd,16571
-37.31.-43.-33.41.-34.40.29.-45.36.38.-35,UNSAT,0.00,147,edbd9086fc08f10c11a17002ab67262af151597d996dab327217fe690f63f31a,15200
-37.31.-43.-33.41.-34.40.29.-45.36.38.35,UNSAT,0.01,255,6136e3f7b77a7866b1e06ee76c2d8bd081dfc8a610de74d456aeb4e61f90c505,16694
-37.31.-43.-33.41.-34.40.29.-45.36.-38.-35,UNSAT,0.01,3,dc943983963e734219a93ade3b196c66dbf7d3168470b50eca7b132e140b566e,14896
-37.31.-43.-33.41.-34.40.29.-45.36.-38.35,UNSAT,0.00,128,824531d9eaab8691067e828a2ad2c261b90b6a27162695167da601b36d33a8bd,15006
-37.31.-43.-33.41.-34.40.29.-45.-36.38.-35,UNSAT,0.00,0,e3b0c44298fc1c149afbf4c8996fb92427ae41e4649b934ca495991b7852b855,0
-37.31.-43.-33.41.-34.40.29.-45.-36.38.35,UNSAT,0.02,295,a238b605ddb2186f887bbb89987f562c770ba4ec751c773f311effb0049dcdef,26970
-37.31.-43.-33.41.-34.40.29.-45.-36.-38.-35,UNSAT,0.00,0,e3b0c44298fc1c149afbf4c8996fb92427ae41e4649b934ca495991b7852b855,0
-37.31.-43.-33.41.-34.40.29.-45.-36.-38.35,UNSAT,0.00,87,46807ad98b084cc2d57ad740cf4329f3ed5abaf5f3592b98defd5871e36d5832,15334
-37.-31.43.33.-41.34.40.29.45.36.38.-35,UNSAT,0.01,170,3e141e60b34eaedcd31ce48b785fd21231763fc7da118aa7a195d7dd14972c98,14447
-37.-31.43.33.-41.34.40.29.45.36.38.35,UNSAT,0.01,502,d3aa2e45d8cc825694f8e50eee633a43b9f85461c5c070e19f7bbbbccfb5e385,27902
-37.-31.43.33.-41.34.40.29.45.36.-38.-35,UNSAT,0.01,97,43d0bc79dba0405535be618cf46fc8fcddde588a05e87f795ad35ecaaa4825b1,14324
-37.-31.43.33.-41.34.40.29.45.-36.38.35,UNSAT,0.00,153,7020f55809f9aac0812bf8191e2e95fb1f57bef30e66a80578c91d1907e7cdc8,14861
-37.-31.43.33.-41.34.40.29.45.36.-38.35,UNSAT,0.03,853,8590653357e388df25921281ba2db3c4da0d9b70c0b7e422fffc7b759f3e2a63,42857
-37.-31.43.33.-41.34.40.29.45.-36.38.-35,UNSAT,0.01,120,fd9a4e1805d4f4b31a5e387cae62f01dbe9db04cbfd1373de1f5befbb3b5188e,14766
-37.-31.43.33.-41.34.40.29.45.-36.-38.35,UNSAT,0.01,156,eb2af4cd01838903333099edfde3a2d80f2d60c375ec983f9ade45eb08e05307,15912
-37.-31.43.33.-41.34.40.29.45.-36.-38.-35,UNSAT,0.01,0,e3b0c44298fc1c149afbf4c8996fb92427ae41e4649b934ca495991b7852b855,0
-37.-31.43.33.-41.34.40.29.-45.36.38.35,UNSAT,0.01,219,a57556b6da039ce0d52ae6ea123611bb2942ae49377553efbd99806482bee06e,15886
-37.-31.43.33.-41.34.40.29.-45.36.38.-35,UNSAT,0.01,122,c0d063a24de81ae1441bb339f0571463c2ea6a00d4631919a80eeac2f4d3bca8,13932
-37.-31.43.33.-41.34.40.29.-45.36.-38.-35,UNSAT,0.00,0,e3b0c44298fc1c149afbf4c8996fb92427ae41e4649b934ca495991b7852b855,0
-37.-31.43.33.-41.34.40.29.-45.36.-38.35,UNSAT,0.01,154,67dce74ed4b603d4c8ef3b5453b0dee3db96c5b7c2596cb52830c4060de40556,15691
-37.-31.43.33.-41.34.40.29.-45.-36.38.35,UNSAT,0.01,71,155846035364659f3e2a10743c379a35b063c1a17408744ea956bb40a86dbfc5,13805
-37.-31.43.33.-41.34.40.29.-45.-36.38.-35,UNSAT,0.00,55,06152bb5f4cfd767f5a834df4ce7cd7dc254679f9c9676c6485ae92de3070e42,14081
-37.-31.43.33.-41.34.40.29.-45.-36.-38.35,UNSAT,0.01,5,c9dcf113f920c027efb559269e909635998519a73bcce4bf53eaaf95208b993e,16183
-37.-31.43.33.-41.34.40.29.-45.-36.-38.-35,UNSAT,0.00,0,e3b0c44298fc1c149afbf4c8996fb92427ae41e4649b934ca495991b7852b855,0
-37.-31.-43.33.41.34.-40.-29.45.36.38.-35,UNSAT,0.00,62,cf7490f359759acd5d13d5d362310e8221483381082a8c565550cb7c5763508c,14133
-37.-31.-43.33.41.34.-40.-29.45.36.38.35,UNSAT,0.01,220,1fbf44482139fac383dcbce2fad53a9f3770bc0ace3fd267525a6322d71697b1,17263
-37.-31.-43.33.41.34.-40.-29.45.36.-38.35,UNSAT,0.00,14,95fa27bd12a830a4324efad1b4245dd7382704524c6576faf317ebe81b48a63b,13525
-37.-31.-43.33.41.34.-40.-29.45.36.-38.-35,UNSAT,0.01,18,c44dd54cbca269cf416cee22fa3df5b82ba56c2072452f48b5b00f8408d020f0,14103
-37.-31.-43.33.41.34.-40.-29.45.-36.38.35,UNSAT,0.00,33,3b477f29c9a99033a4a32e041b69c561a457c579852793e464cc5c68c4f5c55e,14457
-37.-31.-43.33.41.34.-40.-29.45.-36.38.-35,UNSAT,0.01,22,aa88670c697f20451d8ebf3d5c3628f8e108accae0be8fb102c5fb60b8428f99,14725
-37.-31.-43.33.41.34.-40.-29.45.-36.-38.35,UNSAT,0.00,19,1a9bf7637a467f670f8e00acc331e89ea19fb3c2ba2e0145b4bb9310af77c633,15310
-37.-31.-43.33.41.34.-40.-29.45.-36.-38.-35,UNSAT,0.00,0,e3b0c44298fc1c149afbf4c8996fb92427ae41e4649b934ca495991b7852b855,0
-37.-31.-43.33.41.34.-40.-29.-45.36.38.35,UNSAT,0.02,74,a92c2613dbf66703e539bcb20a2e8dd31f7e2f928a9c13392edcfbf5ee23c977,15143
-37.-31.-43.33.41.34.-40.-29.-45.36.38.-35,UNSAT,0.00,0,e3b0c44298fc1c149afbf4c8996fb92427ae41e4649b934ca495991b7852b855,0
-37.-31.-43.33.41.34.-40.-29.-45.36.-38.-35,UNSAT,0.00,0,e3b0c44298fc1c149afbf4c8996fb92427ae41e4649b934ca495991b7852b855,0
-37.-31.-43.33.41.34.-40.-29.-45.36.-38.35,UNSAT,0.02,35,82aeb0efb857920fd9973a4c4b62eb6d7213e71afc99b8e937643890cac091f7,15924
-37.-31.-43.33.41.34.-40.-29.-45.-36.38.35,UNSAT,0.01,8,7278f4505ec4b10431cb050caf0a98a031bcbd92b713ded4b3ecdbb011d3a773,14998
-37.-31.-43.33.41.34.-40.-29.-45.-36.38.-35,UNSAT,0.00,0,e3b0c44298fc1c149afbf4c8996fb92427ae41e4649b934ca495991b7852b855,0
-37.-31.-43.33.41.34.-40.-29.-45.-36.-38.-35,UNSAT,0.00,0,e3b0c44298fc1c149afbf4c8996fb92427ae41e4649b934ca495991b7852b855,0
-37.-31.-43.33.41.34.-40.-29.-45.-36.-38.35,UNSAT,0.01,6,3fd3a56f76f1b1d1141c98f0d155bb324e4f35c61c37b5fa8db9cab8751425d2,16940
