n,m,status,solutions,nodes,depth_nodes,seconds
2,1,NONE,0,1,"1,0",0.011
2,2,FOUND,1,2,"1,1",0.0
3,2,NONE,0,1,"1,0,0",0.0
3,3,NONE,0,1,"1,0,0",0.0
3,4,FOUND,2,5,"1,2,2",0.0
4,4,NONE,0,1,"1,0,0,0",0.0
4,5,NONE,0,1,"1,0,0,0",0.0
4,6,NONE,0,3,"1,1,1,0",0.0
4,7,FOUND,1,10,"1,2,6,1",0.0
5,7,NONE,0,1,"1,0,0,0,0",0.0
5,8,NONE,0,1,"1,0,0,0,0",0.002
5,9,NONE,0,1,"1,0,0,0,0",0.0
5,10,NONE,0,1,"1,0,0,0,0",0.0
5,11,NONE,0,11,"1,2,3,5,0",0.0
5,12,NONE,0,34,"1,3,9,21,0",0.0
5,13,FOUND,1,71,"1,5,20,44,1",0.01
6,13,NONE,0,1,"1,0,0,0,0,0",0.0
6,14,NONE,0,1,"1,0,0,0,0,0",0.0
6,15,NONE,0,1,"1,0,0,0,0,0",0.0
6,16,NONE,0,1,"1,0,0,0,0,0",0.0
6,17,NONE,0,1,"1,0,0,0,0,0",0.0
6,18,NONE,0,4,"1,1,1,1,0,0",0.0
6,19,NONE,0,19,"1,2,5,7,4,0",0.0
6,20,NONE,0,80,"1,4,11,25,39,0",0.0
6,21,NONE,0,205,"1,5,19,64,116,0",0.0
6,22,NONE,0,488,"1,6,31,138,312,0",0.0
6,23,NONE,0,855,"1,8,45,247,554,0",0.0
6,24,FOUND,1,1172,"1,9,62,300,799,1",0.0
7,24,NONE,0,1,"1,0,0,0,0,0,0",0.0
7,25,NONE,0,1,"1,0,0,0,0,0,0",0.0
7,26,NONE,0,1,"1,0,0,0,0,0,0",0.002
7,27,NONE,0,1,"1,0,0,0,0,0,0",0.001
7,28,NONE,0,1,"1,0,0,0,0,0,0",0.0
7,29,NONE,0,1,"1,0,0,0,0,0,0",0.0
7,30,NONE,0,1,"1,0,0,0,0,0,0",0.0
7,31,NONE,0,3,"1,1,1,0,0,0,0",0.0
7,32,NONE,0,9,"1,2,3,3,0,0,0",0.002
7,33,NONE,0,27,"1,3,7,11,5,0,0",0.0
7,34,NONE,0,92,"1,4,13,31,34,9,0",0.0
7,35,NONE,0,303,"1,5,21,62,118,96,0",0.0
7,36,NONE,0,776,"1,7,31,116,303,318,0",0.0
7,37,NONE,0,1642,"1,8,44,191,661,737,0",0.011
7,38,NONE,0,3366,"1,9,58,300,1302,1696,0",0.0
7,39,NONE,0,5707,"1,10,74,439,2279,2904,0",0.001
7,40,NONE,0,10287,"1,12,93,624,3661,5896,0",0.001
7,41,NONE,0,14936,"1,13,114,864,5525,8419,0",0.002
7,42,NONE,0,23958,"1,14,136,1168,8314,14325,0",0.001
7,43,NONE,0,32805,"1,16,163,1549,11733,19343,0",0.003
7,44,FOUND,1,904,"1,17,191,7,145,542,1",0.002
8,44,NONE,0,1,"1,0,0,0,0,0,0,0",0.0
8,45,NONE,0,1,"1,0,0,0,0,0,0,0",0.012
8,46,NONE,0,1,"1,0,0,0,0,0,0,0",0.0
8,47,NONE,0,1,"1,0,0,0,0,0,0,0",0.0
8,48,NONE,0,1,"1,0,0,0,0,0,0,0",0.0
8,49,NONE,0,1,"1,0,0,0,0,0,0,0",0.001
8,50,NONE,0,1,"1,0,0,0,0,0,0,0",0.0
8,51,NONE,0,1,"1,0,0,0,0,0,0,0",0.0
8,52,NONE,0,1,"1,0,0,0,0,0,0,0",0.0
8,53,NONE,0,1,"1,0,0,0,0,0,0,0",0.0
8,54,NONE,0,1,"1,0,0,0,0,0,0,0",0.0
8,55,NONE,0,1,"1,0,0,0,0,0,0,0",0.0
8,56,NONE,0,3,"1,1,1,0,0,0,0,0",0.0
8,57,NONE,0,9,"1,2,3,3,0,0,0,0",0.0
8,58,NONE,0,25,"1,3,7,10,4,0,0,0",0.0
8,59,NONE,0,70,"1,4,13,28,23,1,0,0",0.0
8,60,NONE,0,171,"1,5,20,57,76,12,0,0",0.0
8,61,NONE,0,390,"1,7,30,98,184,69,1,0",0.0
8,62,NONE,0,898,"1,8,40,157,389,274,29,0",0.0
8,63,NONE,0,2061,"1,9,52,234,714,808,243,0",0.0
8,64,NONE,0,4586,"1,10,66,337,1221,1983,968,0",0.0
8,65,NONE,0,9063,"1,11,83,470,1972,4278,2248,0",0.001
8,66,NONE,0,16912,"1,13,102,629,3045,8421,4701,0",0.001
8,67,NONE,0,28854,"1,14,120,830,4503,15396,7990,0",0.002
8,68,NONE,0,49600,"1,15,141,1060,6468,26447,15468,0",0.017
8,69,NONE,0,76108,"1,16,164,1345,9038,42734,22810,0",0.005
8,70,NONE,0,122132,"1,17,189,1663,12343,65372,42547,0",0.008
8,71,NONE,0,170634,"1,19,217,2043,16563,94511,57280,0",0.012
8,72,NONE,0,258538,"1,20,246,2471,21799,134880,99121,0",0.02
8,73,NONE,0,340234,"1,21,277,2977,28292,184321,124345,0",0.026
8,74,NONE,0,506551,"1,22,309,3532,36213,257323,209151,0",0.041
8,75,NONE,0,629013,"1,23,345,4174,45746,338971,239753,0",0.05
8,76,NONE,0,934348,"1,25,381,4894,57339,460928,410780,0",0.076
8,77,NONE,0,1112502,"1,26,420,5686,70718,588809,446842,0",0.093
8,78,NONE,0,1548485,"1,27,461,6577,86770,775921,678728,0",0.124
8,79,NONE,0,1840080,"1,28,505,7576,104941,963704,763325,0",0.15
8,80,NONE,0,2597296,"1,30,553,8670,127057,1238267,1222718,0",0.214
8,81,NONE,0,2836663,"1,31,599,9896,151633,1486746,1187757,0",0.234
8,82,NONE,0,3909232,"1,32,649,11224,181646,1873552,1842128,0",0.31
8,83,NONE,0,4320080,"1,33,702,12693,214157,2208219,1884275,0",0.365
8,84,FOUND,1,1406,"1,35,758,4,4,28,575,1",0.001
9,84,NONE,0,1,"1,0,0,0,0,0,0,0,0",0.0
9,85,NONE,0,1,"1,0,0,0,0,0,0,0,0",0.0
9,86,NONE,0,1,"1,0,0,0,0,0,0,0,0",0.0
9,87,NONE,0,1,"1,0,0,0,0,0,0,0,0",0.0
9,88,NONE,0,1,"1,0,0,0,0,0,0,0,0",0.0
9,89,NONE,0,1,"1,0,0,0,0,0,0,0,0",0.0
9,90,NONE,0,1,"1,0,0,0,0,0,0,0,0",0.0
9,91,NONE,0,1,"1,0,0,0,0,0,0,0,0",0.0
9,92,NONE,0,1,"1,0,0,0,0,0,0,0,0",0.0
9,93,NONE,0,1,"1,0,0,0,0,0,0,0,0",0.0
9,94,NONE,0,1,"1,0,0,0,0,0,0,0,0",0.0
9,95,NONE,0,1,"1,0,0,0,0,0,0,0,0",0.0
9,96,NONE,0,1,"1,0,0,0,0,0,0,0,0",0.0
9,97,NONE,0,1,"1,0,0,0,0,0,0,0,0",0.0
9,98,NONE,0,1,"1,0,0,0,0,0,0,0,0",0.0
9,99,NONE,0,1,"1,0,0,0,0,0,0,0,0",0.0
9,100,NONE,0,1,"1,0,0,0,0,0,0,0,0",0.0
9,101,NONE,0,1,"1,0,0,0,0,0,0,0,0",0.0
9,102,NONE,0,1,"1,0,0,0,0,0,0,0,0",0.0
9,103,NONE,0,3,"1,1,1,0,0,0,0,0,0",0.0
9,104,NONE,0,10,"1,2,3,4,0,0,0,0,0",0.0
9,105,NONE,0,27,"1,3,8,12,3,0,0,0,0",0.0
9,106,NONE,0,69,"1,4,14,29,21,0,0,0,0",0.0
9,107,NONE,0,154,"1,6,21,56,67,3,0,0,0",0.0
9,108,NONE,0,307,"1,7,30,92,149,28,0,0,0",0.0
9,109,NONE,0,611,"1,8,40,144,305,113,0,0,0",0.0
9,110,NONE,0,1196,"1,9,51,216,555,360,4,0,0",0.0
9,111,NONE,0,2226,"1,10,65,302,923,879,46,0,0",0.0
9,112,NONE,0,4085,"1,11,80,415,1477,1891,210,0,0",0.0
9,113,NONE,0,7330,"1,12,96,557,2227,3697,737,3,0",0.001
9,114,NONE,0,12913,"1,14,115,715,3240,6648,2129,51,0",0.001
9,115,NONE,0,22610,"1,15,134,909,4572,11311,5303,365,0",0.001
9,116,NONE,0,39334,"1,16,154,1139,6274,18270,11846,1634,0",0.002
9,117,NONE,0,68338,"1,17,177,1396,8403,28336,24848,5160,0",0.004
9,118,NONE,0,115349,"1,18,201,1699,11067,42516,48218,11629,0",0.007
9,119,NONE,0,187772,"1,19,226,2047,14326,61840,88555,20758,0",0.012
9,120,NONE,0,300157,"1,21,255,2428,18273,87954,155025,36200,0",0.023
9,121,NONE,0,462991,"1,22,283,2864,23027,122442,260340,54012,0",0.042
9,122,NONE,0,709889,"1,23,314,3352,28652,167141,422045,88361,0",0.062
9,123,NONE,0,1044355,"1,24,347,3884,35288,224595,660600,119616,0",0.107
9,124,NONE,0,1546193,"1,25,381,4476,43067,297155,1002067,199021,0",0.153
9,125,NONE,0,2157973,"1,26,417,5130,52061,388078,1468080,244180,0",0.227
9,126,NONE,0,3068766,"1,27,454,5840,62468,500596,2096482,402898,0",0.35
9,127,NONE,0,4089037,"1,29,493,6633,74411,638816,2890884,477770,0",0.487
9,128,NONE,0,5649469,"1,30,533,7474,88049,807445,3939473,806464,0",0.758
9,129,NONE,0,7158358,"1,31,576,8403,103590,1011242,5160955,873560,0",0.988
9,130,NONE,0,9651156,"1,32,621,9401,121143,1255080,6823652,1441226,0",1.429
9,131,NONE,0,11890262,"1,33,666,10478,140963,1544505,8629247,1564369,0",1.823
9,132,NONE,0,15788630,"1,35,714,11651,163232,1885537,11174133,2553327,0",2.555
9,133,NONE,0,18996640,"1,36,763,12904,188197,2286990,13855543,2652206,0",3.186
9,134,NONE,0,25040799,"1,37,815,14248,216065,2755596,17804370,4249667,0",4.36
9,135,NONE,0,29388217,"1,38,868,15688,247038,3294780,21574369,4255435,0",5.307
9,136,NONE,0,38984813,"1,39,922,17224,281363,3924293,27491784,7269187,0",7.174
9,137,NONE,0,44701173,"1,40,980,18866,319415,4631555,32870155,6860161,0",8.573
9,138,NONE,0,57666052,"1,42,1039,20608,361323,5457272,41325819,10499948,0",11.708
9,139,NONE,0,66287787,"1,43,1098,22467,407526,6367628,48941634,10547390,0",12.673
9,140,NONE,0,86484020,"1,44,1160,24444,458237,7442528,61169909,17387697,0",16.726
9,141,NONE,0,95519601,"1,45,1225,26537,513830,8602035,71040144,15335784,0",18.418
9,142,NONE,0,123209251,"1,46,1290,28762,574692,9996100,88134694,24473666,0",23.955
9,143,NONE,0,136512866,"1,48,1359,31113,641141,11474391,101557463,22807350,0",26.596
9,144,NONE,0,174484107,"1,49,1429,33585,713648,13267527,123800338,36667530,0",34.186
9,145,NONE,0,190345795,"1,50,1499,36220,792342,15151658,141660776,32703249,0",40.892
9,146,NONE,0,239896581,"1,51,1573,38984,878385,17444204,171538125,49995258,0",79.113
9,147,NONE,0,257514448,"1,52,1649,41909,970772,19800863,192532421,44166781,0",100.042
9,148,NONE,0,329720794,"1,54,1727,44983,1072211,22696250,232406298,73499270,0",99.963
9,149,NONE,0,349125903,"1,55,1806,48226,1180706,25644066,259433922,62817121,0",67.858
9,150,NONE,0,429697049,"1,56,1887,51626,1299970,29245952,307899880,91197677,0",85.608
9,151,NONE,0,461119578,"1,57,1969,55199,1426700,32883249,341943857,84808546,0",141.223
9,152,NONE,0,579115049,"1,58,2056,58940,1566105,37319577,404053077,136115235,0",217.791
9,153,NONE,0,595319788,"1,60,2144,62873,1712748,41731175,441197649,110613138,0",227.658
9,154,NONE,0,734753308,"1,61,2231,67016,1874581,47143551,519677055,165988812,0",181.139
9,155,NONE,0,769328147,"1,62,2324,71330,2044317,52462236,566476853,148271024,0",152.467
9,156,NONE,0,938524252,"1,63,2419,75869,2231621,58902196,656207354,221104729,0",211.427
9,157,NONE,0,971745916,"1,64,2514,80607,2427619,65231324,711830182,192173605,0",188.972
9,158,NONE,0,1179202159,"1,66,2612,85548,2644118,72881739,823017827,280570248,0",222.036
9,159,NONE,0,1200247719,"1,67,2711,90697,2869214,80215989,878818432,238250608,0",225.619
9,160,NONE,0,1492904911,"1,68,2813,96106,3118061,89164194,1016163758,384359910,0",284.461
9,161,FOUND,1,3343,"1,69,2921,4,4,4,7,332,1",0.018
