b,N_scanned,n_even,even_elements,is_exceptional,predicted_4b2p2bm4
5,4150,3,"4 14 24",0,106
7,4294,4,"4 18 32 206",1,206
9,4486,3,"4 22 40",0,338
11,4726,3,"4 26 48",0,502
13,5014,3,"4 30 56",0,698
15,5350,4,"4 34 64 926",1,926
17,5734,3,"4 38 72",0,1186
19,6166,3,"4 42 80",0,1478
21,6646,3,"4 46 88",0,1802
23,7174,3,"4 50 96",0,2158
25,7750,3,"4 54 104",0,2546
27,8374,3,"4 58 112",0,2966
29,9046,3,"4 62 120",0,3418
31,9766,4,"4 66 128 3902",1,3902
33,10534,3,"4 70 136",0,4418
35,11350,3,"4 74 144",0,4966
37,12214,3,"4 78 152",0,5546
39,13126,3,"4 82 160",0,6158
41,14086,3,"4 86 168",0,6802
43,15094,3,"4 90 176",0,7478
45,16150,3,"4 94 184",0,8186
47,17254,3,"4 98 192",0,8926
49,18406,3,"4 102 200",0,9698
51,19606,3,"4 106 208",0,10502
53,20854,3,"4 110 216",0,11338
55,22150,3,"4 114 224",0,12206
57,23494,3,"4 118 232",0,13106
59,24886,3,"4 122 240",0,14038
61,26326,3,"4 126 248",0,15002
63,27814,4,"4 130 256 15998",1,15998
65,29350,3,"4 134 264",0,17026
67,30934,3,"4 138 272",0,18086
69,32566,3,"4 142 280",0,19178
71,34246,3,"4 146 288",0,20302
73,35974,3,"4 150 296",0,21458
75,37750,3,"4 154 304",0,22646
77,39574,3,"4 158 312",0,23866
79,41446,3,"4 162 320",0,25118
81,43366,3,"4 166 328",0,26402
83,45334,3,"4 170 336",0,27718
85,47350,3,"4 174 344",0,29066
87,49414,3,"4 178 352",0,30446
89,51526,3,"4 182 360",0,31858
91,53686,3,"4 186 368",0,33302
93,55894,3,"4 190 376",0,34778
95,58150,3,"4 194 384",0,36286
97,60454,3,"4 198 392",0,37826
99,62806,3,"4 202 400",0,39398
101,65206,3,"4 206 408",0,41002
103,67654,3,"4 210 416",0,42638
105,70150,3,"4 214 424",0,44306
107,72694,3,"4 218 432",0,46006
109,75286,3,"4 222 440",0,47738
111,77926,3,"4 226 448",0,49502
113,80614,3,"4 230 456",0,51298
115,83350,3,"4 234 464",0,53126
117,86134,3,"4 238 472",0,54986
119,88966,3,"4 242 480",0,56878
121,91846,3,"4 246 488",0,58802
123,94774,3,"4 250 496",0,60758
125,97750,3,"4 254 504",0,62746
127,100774,4,"4 258 512 64766",1,64766
129,103846,3,"4 262 520",0,66818
131,106966,3,"4 266 528",0,68902
133,110134,3,"4 270 536",0,71018
135,113350,3,"4 274 544",0,73166
137,116614,3,"4 278 552",0,75346
139,119926,3,"4 282 560",0,77558
141,123286,3,"4 286 568",0,79802
143,126694,3,"4 290 576",0,82078
145,130150,3,"4 294 584",0,84386
147,133654,3,"4 298 592",0,86726
149,137206,3,"4 302 600",0,89098
151,140806,3,"4 306 608",0,91502
153,144454,3,"4 310 616",0,93938
155,148150,3,"4 314 624",0,96406
157,151894,3,"4 318 632",0,98906
159,155686,3,"4 322 640",0,101438
161,159526,3,"4 326 648",0,104002
163,163414,3,"4 330 656",0,106598
165,167350,3,"4 334 664",0,109226
167,171334,3,"4 338 672",0,111886
169,175366,3,"4 342 680",0,114578
171,179446,3,"4 346 688",0,117302
173,183574,3,"4 350 696",0,120058
175,187750,3,"4 354 704",0,122846
177,191974,3,"4 358 712",0,125666
179,196246,3,"4 362 720",0,128518
181,200566,3,"4 366 728",0,131402
183,204934,3,"4 370 736",0,134318
185,209350,3,"4 374 744",0,137266
187,213814,3,"4 378 752",0,140246
189,218326,3,"4 382 760",0,143258
191,222886,3,"4 386 768",0,146302
193,227494,3,"4 390 776",0,149378
195,232150,3,"4 394 784",0,152486
197,236854,3,"4 398 792",0,155626
199,241606,3,"4 402 800",0,158798
201,246406,3,"4 406 808",0,162002
203,251254,3,"4 410 816",0,165238
205,256150,3,"4 414 824",0,168506
207,261094,3,"4 418 832",0,171806
209,266086,3,"4 422 840",0,175138
211,271126,3,"4 426 848",0,178502
213,276214,3,"4 430 856",0,181898
215,281350,3,"4 434 864",0,185326
217,286534,3,"4 438 872",0,188786
219,291766,3,"4 442 880",0,192278
221,297046,3,"4 446 888",0,195802
223,302374,3,"4 450 896",0,199358
225,307750,3,"4 454 904",0,202946
227,313174,3,"4 458 912",0,206566
229,318646,3,"4 462 920",0,210218
231,324166,3,"4 466 928",0,213902
233,329734,3,"4 470 936",0,217618
235,335350,3,"4 474 944",0,221366
237,341014,3,"4 478 952",0,225146
239,346726,3,"4 482 960",0,228958
241,352486,3,"4 486 968",0,232802
243,358294,3,"4 490 976",0,236678
245,364150,3,"4 494 984",0,240586
247,370054,3,"4 498 992",0,244526
249,376006,3,"4 502 1000",0,248498
251,382006,3,"4 506 1008",0,252502
253,388054,3,"4 510 1016",0,256538
255,394150,4,"4 514 1024 260606",1,260606
257,400294,3,"4 518 1032",0,264706
259,406486,3,"4 522 1040",0,268838
261,412726,3,"4 526 1048",0,273002
263,419014,3,"4 530 1056",0,277198
265,425350,3,"4 534 1064",0,281426
267,431734,3,"4 538 1072",0,285686
269,438166,3,"4 542 1080",0,289978
271,444646,3,"4 546 1088",0,294302
273,451174,3,"4 550 1096",0,298658
275,457750,3,"4 554 1104",0,303046
277,464374,3,"4 558 1112",0,307466
279,471046,3,"4 562 1120",0,311918
281,477766,3,"4 566 1128",0,316402
283,484534,3,"4 570 1136",0,320918
285,491350,3,"4 574 1144",0,325466
287,498214,3,"4 578 1152",0,330046
289,505126,3,"4 582 1160",0,334658
291,512086,3,"4 586 1168",0,339302
293,519094,3,"4 590 1176",0,343978
295,526150,3,"4 594 1184",0,348686
297,533254,3,"4 598 1192",0,353426
299,540406,3,"4 602 1200",0,358198
301,547606,3,"4 606 1208",0,363002
303,554854,3,"4 610 1216",0,367838
305,562150,3,"4 614 1224",0,372706
307,569494,3,"4 618 1232",0,377606
309,576886,3,"4 622 1240",0,382538
311,584326,3,"4 626 1248",0,387502
313,591814,3,"4 630 1256",0,392498
315,599350,3,"4 634 1264",0,397526
317,606934,3,"4 638 1272",0,402586
319,614566,3,"4 642 1280",0,407678
321,622246,3,"4 646 1288",0,412802
323,629974,3,"4 650 1296",0,417958
325,637750,3,"4 654 1304",0,423146
327,645574,3,"4 658 1312",0,428366
329,653446,3,"4 662 1320",0,433618
331,661366,3,"4 666 1328",0,438902
333,669334,3,"4 670 1336",0,444218
335,677350,3,"4 674 1344",0,449566
337,685414,3,"4 678 1352",0,454946
339,693526,3,"4 682 1360",0,460358
341,701686,3,"4 686 1368",0,465802
343,709894,3,"4 690 1376",0,471278
345,718150,3,"4 694 1384",0,476786
347,726454,3,"4 698 1392",0,482326
349,734806,3,"4 702 1400",0,487898
351,743206,3,"4 706 1408",0,493502
353,751654,3,"4 710 1416",0,499138
355,760150,3,"4 714 1424",0,504806
357,768694,3,"4 718 1432",0,510506
359,777286,3,"4 722 1440",0,516238
361,785926,3,"4 726 1448",0,522002
363,794614,3,"4 730 1456",0,527798
365,803350,3,"4 734 1464",0,533626
367,812134,3,"4 738 1472",0,539486
369,820966,3,"4 742 1480",0,545378
371,829846,3,"4 746 1488",0,551302
373,838774,3,"4 750 1496",0,557258
375,847750,3,"4 754 1504",0,563246
377,856774,3,"4 758 1512",0,569266
379,865846,3,"4 762 1520",0,575318
381,874966,3,"4 766 1528",0,581402
383,884134,3,"4 770 1536",0,587518
385,893350,3,"4 774 1544",0,593666
387,902614,3,"4 778 1552",0,599846
389,911926,3,"4 782 1560",0,606058
391,921286,3,"4 786 1568",0,612302
393,930694,3,"4 790 1576",0,618578
395,940150,3,"4 794 1584",0,624886
397,949654,3,"4 798 1592",0,631226
399,959206,3,"4 802 1600",0,637598
401,968806,3,"4 806 1608",0,644002
403,978454,3,"4 810 1616",0,650438
405,988150,3,"4 814 1624",0,656906
407,997894,3,"4 818 1632",0,663406
409,1007686,3,"4 822 1640",0,669938
411,1017526,3,"4 826 1648",0,676502
413,1027414,3,"4 830 1656",0,683098
415,1037350,3,"4 834 1664",0,689726
417,1047334,3,"4 838 1672",0,696386
419,1057366,3,"4 842 1680",0,703078
421,1067446,3,"4 846 1688",0,709802
423,1077574,3,"4 850 1696",0,716558
425,1087750,3,"4 854 1704",0,723346
427,1097974,3,"4 858 1712",0,730166
429,1108246,3,"4 862 1720",0,737018
431,1118566,3,"4 866 1728",0,743902
433,1128934,3,"4 870 1736",0,750818
435,1139350,3,"4 874 1744",0,757766
437,1149814,3,"4 878 1752",0,764746
439,1160326,3,"4 882 1760",0,771758
441,1170886,3,"4 886 1768",0,778802
443,1181494,3,"4 890 1776",0,785878
445,1192150,3,"4 894 1784",0,792986
447,1202854,3,"4 898 1792",0,800126
449,1213606,3,"4 902 1800",0,807298
451,1224406,3,"4 906 1808",0,814502
453,1235254,3,"4 910 1816",0,821738
455,1246150,3,"4 914 1824",0,829006
457,1257094,3,"4 918 1832",0,836306
459,1268086,3,"4 922 1840",0,843638
461,1279126,3,"4 926 1848",0,851002
463,1290214,3,"4 930 1856",0,858398
465,1301350,3,"4 934 1864",0,865826
467,1312534,3,"4 938 1872",0,873286
469,1323766,3,"4 942 1880",0,880778
471,1335046,3,"4 946 1888",0,888302
473,1346374,3,"4 950 1896",0,895858
475,1357750,3,"4 954 1904",0,903446
477,1369174,3,"4 958 1912",0,911066
479,1380646,3,"4 962 1920",0,918718
481,1392166,3,"4 966 1928",0,926402
483,1403734,3,"4 970 1936",0,934118
485,1415350,3,"4 974 1944",0,941866
487,1427014,3,"4 978 1952",0,949646
489,1438726,3,"4 982 1960",0,957458
491,1450486,3,"4 986 1968",0,965302
493,1462294,3,"4 990 1976",0,973178
495,1474150,3,"4 994 1984",0,981086
497,1486054,3,"4 998 1992",0,989026
499,1498006,3,"4 1002 2000",0,996998
501,1510006,3,"4 1006 2008",0,1005002
503,1522054,3,"4 1010 2016",0,1013038
505,1534150,3,"4 1014 2024",0,1021106
507,1546294,3,"4 1018 2032",0,1029206
509,1558486,3,"4 1022 2040",0,1037338
511,1570726,4,"4 1026 2048 1045502",1,1045502
513,1583014,3,"4 1030 2056",0,1053698
